# Reading pref.tcl
# //  QuestaSim Pro Microchip Edition-64
# //  Version 2024.3 win64 Sep 10 2024
# //
# // Unpublished work. Copyright 2024 Siemens
# //
# // This material contains trade secrets or otherwise confidential information
# // owned by Siemens Industry Software Inc. or its affiliates (collectively,
# // "SISW"), or its licensors. Access to and use of this information is strictly
# // limited as set forth in the Customer's applicable agreements with SISW.
# //
# // This material may not be copied, distributed, or otherwise disclosed outside
# // of the Customer's facilities without the express written permission of SISW,
# // and may not be used in any way not expressly authorized by SISW.
# //
# do run.do
# QuestaSim Pro Microchip Edition-64 vmap 2024.3 Lib Mapping Utility 2024.09 Sep 10 2024
# vmap presynth presynth 
# Modifying modelsim.ini
# QuestaSim Pro Microchip Edition-64 vmap 2024.3 Lib Mapping Utility 2024.09 Sep 10 2024
# vmap PolarFire C:/Microchip/Libero_SoC_2025.1/Libero_SoC/Designer/lib/questasim/precompiled/vlog/polarfire 
# Modifying modelsim.ini
# QuestaSim Pro Microchip Edition-64 vlog 2024.3 Compiler 2024.09 Sep 10 2024
# Start time: 20:37:46 on Jan 25,2026
# vlog -reportprogress 300 -sv -work presynth C:/prj/FrameReader/component/Microchip/SolutionCore/DDR_AXI4_ARBITER_PF/2.2.0/RTL/AXI4_M_M_IF.v 
# -- Compiling module AXI4_M_M_IF
# 
# Top level modules:
# 	AXI4_M_M_IF
# End time: 20:37:46 on Jan 25,2026, Elapsed time: 0:00:00
# Errors: 0, Warnings: 0
# QuestaSim Pro Microchip Edition-64 vlog 2024.3 Compiler 2024.09 Sep 10 2024
# Start time: 20:37:46 on Jan 25,2026
# vlog -reportprogress 300 -sv -work presynth C:/prj/FrameReader/component/Microchip/SolutionCore/DDR_AXI4_ARBITER_PF/2.2.0/RTL/AXI4_S_IF.v 
# -- Compiling module AXI4_S_IF
# 
# Top level modules:
# 	AXI4_S_IF
# End time: 20:37:46 on Jan 25,2026, Elapsed time: 0:00:00
# Errors: 0, Warnings: 0
# QuestaSim Pro Microchip Edition-64 vlog 2024.3 Compiler 2024.09 Sep 10 2024
# Start time: 20:37:46 on Jan 25,2026
# vlog -reportprogress 300 -sv -work presynth C:/prj/FrameReader/component/Microchip/SolutionCore/DDR_AXI4_ARBITER_PF/2.2.0/RTL/axi_lbus_corefifo_NstagesSync.v 
# -- Compiling module ddr_rw_arbiter_C0_ddr_rw_arbiter_C0_0_corefifo_NstagesSync
# 
# Top level modules:
# 	ddr_rw_arbiter_C0_ddr_rw_arbiter_C0_0_corefifo_NstagesSync
# End time: 20:37:46 on Jan 25,2026, Elapsed time: 0:00:00
# Errors: 0, Warnings: 0
# QuestaSim Pro Microchip Edition-64 vlog 2024.3 Compiler 2024.09 Sep 10 2024
# Start time: 20:37:46 on Jan 25,2026
# vlog -reportprogress 300 -sv -work presynth C:/prj/FrameReader/component/Microchip/SolutionCore/DDR_AXI4_ARBITER_PF/2.2.0/RTL/axi_lbus_corefifo_grayToBinConv.v 
# -- Compiling module ddr_rw_arbiter_C0_ddr_rw_arbiter_C0_0_corefifo_grayToBinConv
# 
# Top level modules:
# 	ddr_rw_arbiter_C0_ddr_rw_arbiter_C0_0_corefifo_grayToBinConv
# End time: 20:37:46 on Jan 25,2026, Elapsed time: 0:00:00
# Errors: 0, Warnings: 0
# QuestaSim Pro Microchip Edition-64 vlog 2024.3 Compiler 2024.09 Sep 10 2024
# Start time: 20:37:46 on Jan 25,2026
# vlog -reportprogress 300 -sv -work presynth C:/prj/FrameReader/component/Microchip/SolutionCore/DDR_AXI4_ARBITER_PF/2.2.0/RTL/axi_lbus_corefifo_async.v 
# -- Compiling module ddr_rw_arbiter_C0_ddr_rw_arbiter_C0_0_corefifo_async
# 
# Top level modules:
# 	ddr_rw_arbiter_C0_ddr_rw_arbiter_C0_0_corefifo_async
# End time: 20:37:46 on Jan 25,2026, Elapsed time: 0:00:00
# Errors: 0, Warnings: 0
# QuestaSim Pro Microchip Edition-64 vlog 2024.3 Compiler 2024.09 Sep 10 2024
# Start time: 20:37:46 on Jan 25,2026
# vlog -reportprogress 300 -sv -work presynth C:/prj/FrameReader/component/Microchip/SolutionCore/DDR_AXI4_ARBITER_PF/2.2.0/RTL/axi_lbus_corefifo_resetSync.v 
# -- Compiling module ddr_rw_arbiter_C0_ddr_rw_arbiter_C0_0_corefifo_resetSync
# 
# Top level modules:
# 	ddr_rw_arbiter_C0_ddr_rw_arbiter_C0_0_corefifo_resetSync
# End time: 20:37:46 on Jan 25,2026, Elapsed time: 0:00:00
# Errors: 0, Warnings: 0
# QuestaSim Pro Microchip Edition-64 vlog 2024.3 Compiler 2024.09 Sep 10 2024
# Start time: 20:37:47 on Jan 25,2026
# vlog -reportprogress 300 -sv -work presynth C:/prj/FrameReader/component/Microchip/SolutionCore/DDR_AXI4_ARBITER_PF/2.2.0/RTL/axi_lbus_corefifo_sync.v 
# -- Compiling module ddr_rw_arbiter_C0_ddr_rw_arbiter_C0_0_corefifo_sync
# 
# Top level modules:
# 	ddr_rw_arbiter_C0_ddr_rw_arbiter_C0_0_corefifo_sync
# End time: 20:37:47 on Jan 25,2026, Elapsed time: 0:00:00
# Errors: 0, Warnings: 0
# QuestaSim Pro Microchip Edition-64 vlog 2024.3 Compiler 2024.09 Sep 10 2024
# Start time: 20:37:47 on Jan 25,2026
# vlog -reportprogress 300 -sv -work presynth C:/prj/FrameReader/component/Microchip/SolutionCore/DDR_AXI4_ARBITER_PF/2.2.0/RTL/axi_lbus_corefifo_fwft.v 
# -- Compiling module ddr_rw_arbiter_C0_ddr_rw_arbiter_C0_0_corefifo_fwft
# 
# Top level modules:
# 	ddr_rw_arbiter_C0_ddr_rw_arbiter_C0_0_corefifo_fwft
# End time: 20:37:47 on Jan 25,2026, Elapsed time: 0:00:00
# Errors: 0, Warnings: 0
# QuestaSim Pro Microchip Edition-64 vlog 2024.3 Compiler 2024.09 Sep 10 2024
# Start time: 20:37:47 on Jan 25,2026
# vlog -reportprogress 300 -sv -work presynth C:/prj/FrameReader/component/Microchip/SolutionCore/DDR_AXI4_ARBITER_PF/2.2.0/RTL/axi_lbus_corefifo_sync_scntr.v 
# -- Compiling module ddr_rw_arbiter_C0_ddr_rw_arbiter_C0_0_corefifo_sync_scntr
# 
# Top level modules:
# 	ddr_rw_arbiter_C0_ddr_rw_arbiter_C0_0_corefifo_sync_scntr
# End time: 20:37:47 on Jan 25,2026, Elapsed time: 0:00:00
# Errors: 0, Warnings: 0
# QuestaSim Pro Microchip Edition-64 vlog 2024.3 Compiler 2024.09 Sep 10 2024
# Start time: 20:37:47 on Jan 25,2026
# vlog -reportprogress 300 -sv -work presynth C:/prj/FrameReader/component/Microchip/SolutionCore/DDR_AXI4_ARBITER_PF/2.2.0/RTL/axi_lbus_LSRAM_top.v 
# -- Compiling module ddr_rw_arbiter_C0_ddr_rw_arbiter_C0_0_LSRAM_top
# 
# Top level modules:
# 	ddr_rw_arbiter_C0_ddr_rw_arbiter_C0_0_LSRAM_top
# End time: 20:37:47 on Jan 25,2026, Elapsed time: 0:00:00
# Errors: 0, Warnings: 0
# QuestaSim Pro Microchip Edition-64 vlog 2024.3 Compiler 2024.09 Sep 10 2024
# Start time: 20:37:47 on Jan 25,2026
# vlog -reportprogress 300 -sv -work presynth C:/prj/FrameReader/component/Microchip/SolutionCore/DDR_AXI4_ARBITER_PF/2.2.0/RTL/axi_lbus_ram_wrapper.v 
# -- Compiling module ddr_rw_arbiter_C0_ddr_rw_arbiter_C0_0_ram_wrapper
# 
# Top level modules:
# 	ddr_rw_arbiter_C0_ddr_rw_arbiter_C0_0_ram_wrapper
# End time: 20:37:47 on Jan 25,2026, Elapsed time: 0:00:00
# Errors: 0, Warnings: 0
# QuestaSim Pro Microchip Edition-64 vlog 2024.3 Compiler 2024.09 Sep 10 2024
# Start time: 20:37:47 on Jan 25,2026
# vlog -reportprogress 300 -sv -work presynth C:/prj/FrameReader/component/Microchip/SolutionCore/DDR_AXI4_ARBITER_PF/2.2.0/RTL/video_axi_fifo.v 
# -- Compiling module ddr_rw_arbiter_C0_ddr_rw_arbiter_C0_0_video_axi_fifo
# 
# Top level modules:
# 	ddr_rw_arbiter_C0_ddr_rw_arbiter_C0_0_video_axi_fifo
# End time: 20:37:47 on Jan 25,2026, Elapsed time: 0:00:00
# Errors: 0, Warnings: 0
# QuestaSim Pro Microchip Edition-64 vlog 2024.3 Compiler 2024.09 Sep 10 2024
# Start time: 20:37:47 on Jan 25,2026
# vlog -reportprogress 300 -sv -work presynth C:/prj/FrameReader/component/Microchip/SolutionCore/DDR_AXI4_ARBITER_PF/2.2.0/RTL/ddr_rw_arbiter.v 
# -- Compiling module ddr_rw_arbiter
# 
# Top level modules:
# 	ddr_rw_arbiter
# End time: 20:37:47 on Jan 25,2026, Elapsed time: 0:00:00
# Errors: 0, Warnings: 0
# QuestaSim Pro Microchip Edition-64 vcom 2024.3 Compiler 2024.09 Sep 10 2024
# Start time: 20:37:47 on Jan 25,2026
# vcom -reportprogress 300 -2008 -explicit -work presynth C:/prj/FrameReader/component/Microchip/SolutionCore/DDR_AXI4_ARBITER_PF/2.2.0/RTL/write_mux.vhd 
# -- Loading package STANDARD
# -- Loading package TEXTIO
# -- Loading package std_logic_1164
# -- Loading package NUMERIC_STD
# -- Loading package std_logic_arith
# -- Loading package STD_LOGIC_UNSIGNED
# -- Compiling entity write_mux
# -- Compiling architecture write_mux of write_mux
# End time: 20:37:48 on Jan 25,2026, Elapsed time: 0:00:01
# Errors: 0, Warnings: 0
# QuestaSim Pro Microchip Edition-64 vcom 2024.3 Compiler 2024.09 Sep 10 2024
# Start time: 20:37:48 on Jan 25,2026
# vcom -reportprogress 300 -2008 -explicit -work presynth C:/prj/FrameReader/component/Microchip/SolutionCore/DDR_AXI4_ARBITER_PF/2.2.0/RTL/request_scheduler.vhd 
# -- Loading package STANDARD
# -- Loading package TEXTIO
# -- Loading package std_logic_1164
# -- Loading package NUMERIC_STD
# -- Loading package std_logic_arith
# -- Loading package STD_LOGIC_UNSIGNED
# -- Compiling entity request_scheduler
# -- Compiling architecture request_scheduler of request_scheduler
# End time: 20:37:48 on Jan 25,2026, Elapsed time: 0:00:00
# Errors: 0, Warnings: 0
# QuestaSim Pro Microchip Edition-64 vcom 2024.3 Compiler 2024.09 Sep 10 2024
# Start time: 20:37:48 on Jan 25,2026
# vcom -reportprogress 300 -2008 -explicit -work presynth C:/prj/FrameReader/component/Microchip/SolutionCore/DDR_AXI4_ARBITER_PF/2.2.0/RTL/write_demux.vhd 
# -- Loading package STANDARD
# -- Loading package TEXTIO
# -- Loading package std_logic_1164
# -- Loading package NUMERIC_STD
# -- Loading package std_logic_arith
# -- Loading package STD_LOGIC_UNSIGNED
# -- Compiling entity write_demux
# -- Compiling architecture write_demux of write_demux
# End time: 20:37:48 on Jan 25,2026, Elapsed time: 0:00:00
# Errors: 0, Warnings: 0
# QuestaSim Pro Microchip Edition-64 vlog 2024.3 Compiler 2024.09 Sep 10 2024
# Start time: 20:37:48 on Jan 25,2026
# vlog -reportprogress 300 -sv -work presynth C:/prj/FrameReader/component/Microchip/SolutionCore/DDR_AXI4_ARBITER_PF/2.2.0/RTL/write_top.v 
# -- Compiling module write_top
# 
# Top level modules:
# 	write_top
# End time: 20:37:48 on Jan 25,2026, Elapsed time: 0:00:00
# Errors: 0, Warnings: 0
# QuestaSim Pro Microchip Edition-64 vcom 2024.3 Compiler 2024.09 Sep 10 2024
# Start time: 20:37:48 on Jan 25,2026
# vcom -reportprogress 300 -2008 -explicit -work presynth C:/prj/FrameReader/component/Microchip/SolutionCore/DDR_AXI4_ARBITER_PF/2.2.0/RTL/read_demux.vhd 
# -- Loading package STANDARD
# -- Loading package TEXTIO
# -- Loading package std_logic_1164
# -- Loading package NUMERIC_STD
# -- Loading package std_logic_arith
# -- Loading package STD_LOGIC_UNSIGNED
# -- Compiling entity read_demux
# -- Compiling architecture read_demux of read_demux
# End time: 20:37:48 on Jan 25,2026, Elapsed time: 0:00:00
# Errors: 0, Warnings: 0
# QuestaSim Pro Microchip Edition-64 vcom 2024.3 Compiler 2024.09 Sep 10 2024
# Start time: 20:37:48 on Jan 25,2026
# vcom -reportprogress 300 -2008 -explicit -work presynth C:/prj/FrameReader/component/Microchip/SolutionCore/DDR_AXI4_ARBITER_PF/2.2.0/RTL/read_mux.vhd 
# -- Loading package STANDARD
# -- Loading package TEXTIO
# -- Loading package std_logic_1164
# -- Compiling entity read_mux
# -- Compiling architecture read_mux of read_mux
# End time: 20:37:48 on Jan 25,2026, Elapsed time: 0:00:00
# Errors: 0, Warnings: 0
# QuestaSim Pro Microchip Edition-64 vlog 2024.3 Compiler 2024.09 Sep 10 2024
# Start time: 20:37:48 on Jan 25,2026
# vlog -reportprogress 300 -sv -work presynth C:/prj/FrameReader/component/Microchip/SolutionCore/DDR_AXI4_ARBITER_PF/2.2.0/RTL/read_top.v 
# -- Compiling module read_top
# 
# Top level modules:
# 	read_top
# End time: 20:37:48 on Jan 25,2026, Elapsed time: 0:00:00
# Errors: 0, Warnings: 0
# QuestaSim Pro Microchip Edition-64 vlog 2024.3 Compiler 2024.09 Sep 10 2024
# Start time: 20:37:49 on Jan 25,2026
# vlog -reportprogress 300 -sv -work presynth C:/prj/FrameReader/component/Microchip/SolutionCore/DDR_AXI4_ARBITER_PF/2.2.0/RTL/DDR_AXI4_ARBITER_PF_Native.v 
# -- Compiling module DDR_AXI4_ARBITER_PF_Native
# 
# Top level modules:
# 	DDR_AXI4_ARBITER_PF_Native
# End time: 20:37:49 on Jan 25,2026, Elapsed time: 0:00:00
# Errors: 0, Warnings: 0
# QuestaSim Pro Microchip Edition-64 vlog 2024.3 Compiler 2024.09 Sep 10 2024
# Start time: 20:37:49 on Jan 25,2026
# vlog -reportprogress 300 -sv -work presynth C:/prj/FrameReader/component/Microchip/SolutionCore/DDR_AXI4_ARBITER_PF/2.2.0/RTL/DDR_AXI4_ARBITER_PF.v 
# -- Compiling module DDR_AXI4_ARBITER_PF
# 
# Top level modules:
# 	DDR_AXI4_ARBITER_PF
# End time: 20:37:49 on Jan 25,2026, Elapsed time: 0:00:00
# Errors: 0, Warnings: 0
# QuestaSim Pro Microchip Edition-64 vlog 2024.3 Compiler 2024.09 Sep 10 2024
# Start time: 20:37:49 on Jan 25,2026
# vlog -reportprogress 300 -sv -work presynth C:/prj/FrameReader/component/work/DDR_AXI4_ARBITER_PF_C0/DDR_AXI4_ARBITER_PF_C0.v 
# -- Compiling module DDR_AXI4_ARBITER_PF_C0
# 
# Top level modules:
# 	DDR_AXI4_ARBITER_PF_C0
# End time: 20:37:49 on Jan 25,2026, Elapsed time: 0:00:00
# Errors: 0, Warnings: 0
# QuestaSim Pro Microchip Edition-64 vlog 2024.3 Compiler 2024.09 Sep 10 2024
# Start time: 20:37:49 on Jan 25,2026
# vlog -reportprogress 300 -sv -work presynth C:/prj/FrameReader/component/Microchip/SolutionCore/Display_Controller/5.0.0/Encrypted/display_controller.v 
# -- Compiling module Display_Controller
# ** Warning: C:/prj/FrameReader/component/Microchip/SolutionCore/Display_Controller/5.0.0/Encrypted/display_controller.v(216): (vlog-14157) Protect keyword "data_keyowner" is not supported and will have no effect.
# ** Warning: C:/prj/FrameReader/component/Microchip/SolutionCore/Display_Controller/5.0.0/Encrypted/display_controller.v(216): (vlog-14157) Protect keyword "data_keyname" is not supported and will have no effect.
# 
# Top level modules:
# 	Display_Controller
# End time: 20:37:49 on Jan 25,2026, Elapsed time: 0:00:00
# Errors: 0, Warnings: 2
# QuestaSim Pro Microchip Edition-64 vlog 2024.3 Compiler 2024.09 Sep 10 2024
# Start time: 20:37:49 on Jan 25,2026
# vlog -reportprogress 300 -sv -work presynth C:/prj/FrameReader/component/work/Display_Controller_C0/Display_Controller_C0.v 
# -- Compiling module Display_Controller_C0
# 
# Top level modules:
# 	Display_Controller_C0
# End time: 20:37:49 on Jan 25,2026, Elapsed time: 0:00:00
# Errors: 0, Warnings: 0
# QuestaSim Pro Microchip Edition-64 vlog 2024.3 Compiler 2024.09 Sep 10 2024
# Start time: 20:37:49 on Jan 25,2026
# vlog -reportprogress 300 -sv -work presynth C:/prj/FrameReader/component/work/PF_SRAM_AHBL_AXI_C0/PF_TPSRAM_AHB_AXI_0/PF_SRAM_AHBL_AXI_C0_PF_TPSRAM_AHB_AXI_0_PF_TPSRAM.v 
# -- Compiling module PF_SRAM_AHBL_AXI_C0_PF_TPSRAM_AHB_AXI_0_PF_TPSRAM
# 
# Top level modules:
# 	PF_SRAM_AHBL_AXI_C0_PF_TPSRAM_AHB_AXI_0_PF_TPSRAM
# End time: 20:37:50 on Jan 25,2026, Elapsed time: 0:00:01
# Errors: 0, Warnings: 0
# QuestaSim Pro Microchip Edition-64 vlog 2024.3 Compiler 2024.09 Sep 10 2024
# Start time: 20:37:50 on Jan 25,2026
# vlog -reportprogress 300 -sv -work presynth C:/prj/FrameReader/component/work/PF_SRAM_AHBL_AXI_C0/COREAXI4SRAM_0/rtl/vlog/core/CoreAXI4SRAM_MAINCTRL_ECC.v 
# -- Compiling module PF_SRAM_AHBL_AXI_C0_COREAXI4SRAM_0_CoreAXI4SRAM_MAINCTRL_ECC
# 
# Top level modules:
# 	PF_SRAM_AHBL_AXI_C0_COREAXI4SRAM_0_CoreAXI4SRAM_MAINCTRL_ECC
# End time: 20:37:50 on Jan 25,2026, Elapsed time: 0:00:00
# Errors: 0, Warnings: 0
# QuestaSim Pro Microchip Edition-64 vlog 2024.3 Compiler 2024.09 Sep 10 2024
# Start time: 20:37:50 on Jan 25,2026
# vlog -reportprogress 300 -sv -work presynth C:/prj/FrameReader/component/work/PF_SRAM_AHBL_AXI_C0/COREAXI4SRAM_0/rtl/vlog/core/CoreAXI4SRAM_MAINCTRL.v 
# -- Compiling module PF_SRAM_AHBL_AXI_C0_COREAXI4SRAM_0_CoreAXI4SRAM_MAINCTRL
# 
# Top level modules:
# 	PF_SRAM_AHBL_AXI_C0_COREAXI4SRAM_0_CoreAXI4SRAM_MAINCTRL
# End time: 20:37:50 on Jan 25,2026, Elapsed time: 0:00:00
# Errors: 0, Warnings: 0
# QuestaSim Pro Microchip Edition-64 vlog 2024.3 Compiler 2024.09 Sep 10 2024
# Start time: 20:37:50 on Jan 25,2026
# vlog -reportprogress 300 -sv -work presynth C:/prj/FrameReader/component/work/PF_SRAM_AHBL_AXI_C0/COREAXI4SRAM_0/rtl/vlog/core/CoreAXI4SRAM_SLVIF.v 
# -- Compiling module PF_SRAM_AHBL_AXI_C0_COREAXI4SRAM_0_CoreAXI4SRAM_SLVIF
# 
# Top level modules:
# 	PF_SRAM_AHBL_AXI_C0_COREAXI4SRAM_0_CoreAXI4SRAM_SLVIF
# End time: 20:37:50 on Jan 25,2026, Elapsed time: 0:00:00
# Errors: 0, Warnings: 0
# QuestaSim Pro Microchip Edition-64 vlog 2024.3 Compiler 2024.09 Sep 10 2024
# Start time: 20:37:50 on Jan 25,2026
# vlog -reportprogress 300 -sv -work presynth C:/prj/FrameReader/component/work/PF_SRAM_AHBL_AXI_C0/COREAXI4SRAM_0/rtl/vlog/core/CoreAXI4SRAM.v 
# -- Compiling module PF_SRAM_AHBL_AXI_C0_COREAXI4SRAM_0_COREAXI4SRAM
# 
# Top level modules:
# 	PF_SRAM_AHBL_AXI_C0_COREAXI4SRAM_0_COREAXI4SRAM
# End time: 20:37:50 on Jan 25,2026, Elapsed time: 0:00:00
# Errors: 0, Warnings: 0
# QuestaSim Pro Microchip Edition-64 vlog 2024.3 Compiler 2024.09 Sep 10 2024
# Start time: 20:37:51 on Jan 25,2026
# vlog -reportprogress 300 -sv -work presynth C:/prj/FrameReader/component/work/PF_SRAM_AHBL_AXI_C0/PF_SRAM_AHBL_AXI_C0.v 
# -- Compiling module PF_SRAM_AHBL_AXI_C0
# 
# Top level modules:
# 	PF_SRAM_AHBL_AXI_C0
# End time: 20:37:51 on Jan 25,2026, Elapsed time: 0:00:00
# Errors: 0, Warnings: 0
# QuestaSim Pro Microchip Edition-64 vlog 2024.3 Compiler 2024.09 Sep 10 2024
# Start time: 20:37:51 on Jan 25,2026
# vlog -reportprogress 300 -sv -work presynth C:/prj/FrameReader/hdl/Arbiter_Initiator_Rd_IF.v 
# -- Compiling module Arbiter_Initiator_Rd_IF
# 
# Top level modules:
# 	Arbiter_Initiator_Rd_IF
# End time: 20:37:51 on Jan 25,2026, Elapsed time: 0:00:00
# Errors: 0, Warnings: 0
# QuestaSim Pro Microchip Edition-64 vlog 2024.3 Compiler 2024.09 Sep 10 2024
# Start time: 20:37:51 on Jan 25,2026
# vlog -reportprogress 300 -sv -work presynth C:/prj/FrameReader/hdl/corefifo_fwft.v 
# -- Compiling module DDR_READ_ASYMM_FIFO_DDR_READ_ASYMM_FIFO_0_corefifo_fwft
# 
# Top level modules:
# 	DDR_READ_ASYMM_FIFO_DDR_READ_ASYMM_FIFO_0_corefifo_fwft
# End time: 20:37:51 on Jan 25,2026, Elapsed time: 0:00:00
# Errors: 0, Warnings: 0
# QuestaSim Pro Microchip Edition-64 vlog 2024.3 Compiler 2024.09 Sep 10 2024
# Start time: 20:37:51 on Jan 25,2026
# vlog -reportprogress 300 -sv -work presynth C:/prj/FrameReader/hdl/corefifo_sync_scntr.v 
# -- Compiling module DDR_READ_ASYMM_FIFO_DDR_READ_ASYMM_FIFO_0_corefifo_sync_scntr
# 
# Top level modules:
# 	DDR_READ_ASYMM_FIFO_DDR_READ_ASYMM_FIFO_0_corefifo_sync_scntr
# End time: 20:37:51 on Jan 25,2026, Elapsed time: 0:00:00
# Errors: 0, Warnings: 0
# QuestaSim Pro Microchip Edition-64 vlog 2024.3 Compiler 2024.09 Sep 10 2024
# Start time: 20:37:51 on Jan 25,2026
# vlog -reportprogress 300 -sv -work presynth C:/prj/FrameReader/hdl/corefifo_sync.v 
# -- Compiling module DDR_READ_ASYMM_FIFO_DDR_READ_ASYMM_FIFO_0_corefifo_sync
# 
# Top level modules:
# 	DDR_READ_ASYMM_FIFO_DDR_READ_ASYMM_FIFO_0_corefifo_sync
# End time: 20:37:51 on Jan 25,2026, Elapsed time: 0:00:00
# Errors: 0, Warnings: 0
# QuestaSim Pro Microchip Edition-64 vlog 2024.3 Compiler 2024.09 Sep 10 2024
# Start time: 20:37:52 on Jan 25,2026
# vlog -reportprogress 300 -sv -work presynth C:/prj/FrameReader/hdl/corefifo_graytobinconv.v 
# -- Compiling module DDR_READ_ASYMM_FIFO_DDR_READ_ASYMM_FIFO_0_corefifo_graytobinconv
# 
# Top level modules:
# 	DDR_READ_ASYMM_FIFO_DDR_READ_ASYMM_FIFO_0_corefifo_graytobinconv
# End time: 20:37:52 on Jan 25,2026, Elapsed time: 0:00:00
# Errors: 0, Warnings: 0
# QuestaSim Pro Microchip Edition-64 vlog 2024.3 Compiler 2024.09 Sep 10 2024
# Start time: 20:37:52 on Jan 25,2026
# vlog -reportprogress 300 -sv -work presynth C:/prj/FrameReader/hdl/corefifo_nstagessync.v 
# -- Compiling module DDR_READ_ASYMM_FIFO_DDR_READ_ASYMM_FIFO_0_corefifo_nstagessync
# 
# Top level modules:
# 	DDR_READ_ASYMM_FIFO_DDR_READ_ASYMM_FIFO_0_corefifo_nstagessync
# End time: 20:37:52 on Jan 25,2026, Elapsed time: 0:00:00
# Errors: 0, Warnings: 0
# QuestaSim Pro Microchip Edition-64 vlog 2024.3 Compiler 2024.09 Sep 10 2024
# Start time: 20:37:52 on Jan 25,2026
# vlog -reportprogress 300 -sv -work presynth C:/prj/FrameReader/hdl/corefifo_async.v 
# -- Compiling module DDR_READ_ASYMM_FIFO_DDR_READ_ASYMM_FIFO_0_corefifo_async
# 
# Top level modules:
# 	DDR_READ_ASYMM_FIFO_DDR_READ_ASYMM_FIFO_0_corefifo_async
# End time: 20:37:52 on Jan 25,2026, Elapsed time: 0:00:00
# Errors: 0, Warnings: 0
# QuestaSim Pro Microchip Edition-64 vlog 2024.3 Compiler 2024.09 Sep 10 2024
# Start time: 20:37:52 on Jan 25,2026
# vlog -reportprogress 300 -sv -work presynth C:/prj/FrameReader/hdl/DDR_READ_ASYMM_FIFO_DDR_READ_ASYMM_FIFO_0_LSRAM_top.v 
# -- Compiling module DDR_READ_ASYMM_FIFO_DDR_READ_ASYMM_FIFO_0_LSRAM_top
# 
# Top level modules:
# 	DDR_READ_ASYMM_FIFO_DDR_READ_ASYMM_FIFO_0_LSRAM_top
# End time: 20:37:52 on Jan 25,2026, Elapsed time: 0:00:00
# Errors: 0, Warnings: 0
# QuestaSim Pro Microchip Edition-64 vlog 2024.3 Compiler 2024.09 Sep 10 2024
# Start time: 20:37:52 on Jan 25,2026
# vlog -reportprogress 300 -sv -work presynth C:/prj/FrameReader/hdl/DDR_READ_ASYMM_FIFO_DDR_READ_ASYMM_FIFO_0_ram_wrapper.v 
# -- Compiling module DDR_READ_ASYMM_FIFO_DDR_READ_ASYMM_FIFO_0_ram_wrapper
# 
# Top level modules:
# 	DDR_READ_ASYMM_FIFO_DDR_READ_ASYMM_FIFO_0_ram_wrapper
# End time: 20:37:53 on Jan 25,2026, Elapsed time: 0:00:01
# Errors: 0, Warnings: 0
# QuestaSim Pro Microchip Edition-64 vlog 2024.3 Compiler 2024.09 Sep 10 2024
# Start time: 20:37:53 on Jan 25,2026
# vlog -reportprogress 300 -sv -work presynth C:/prj/FrameReader/hdl/COREFIFO.v 
# -- Compiling module DDR_READ_ASYMM_FIFO_DDR_READ_ASYMM_FIFO_0_COREFIFO
# 
# Top level modules:
# 	DDR_READ_ASYMM_FIFO_DDR_READ_ASYMM_FIFO_0_COREFIFO
# End time: 20:37:53 on Jan 25,2026, Elapsed time: 0:00:00
# Errors: 0, Warnings: 0
# QuestaSim Pro Microchip Edition-64 vlog 2024.3 Compiler 2024.09 Sep 10 2024
# Start time: 20:37:53 on Jan 25,2026
# vlog -reportprogress 300 -sv -work presynth C:/prj/FrameReader/hdl/DDR_read_controller.v 
# -- Compiling module DDR_read_controller
# ** Warning: C:/prj/FrameReader/hdl/DDR_read_controller.v(115): (vlog-2121) Illegal concatenation of an unsized constant. Will treat it as a 32-bit value.
# 
# Top level modules:
# 	DDR_read_controller
# End time: 20:37:53 on Jan 25,2026, Elapsed time: 0:00:00
# Errors: 0, Warnings: 1
# QuestaSim Pro Microchip Edition-64 vlog 2024.3 Compiler 2024.09 Sep 10 2024
# Start time: 20:37:53 on Jan 25,2026
# vlog -reportprogress 300 -sv -work presynth C:/prj/FrameReader/hdl/DDR_Read_Native.v 
# -- Compiling module DDR_Read_Native
# 
# Top level modules:
# 	DDR_Read_Native
# End time: 20:37:53 on Jan 25,2026, Elapsed time: 0:00:00
# Errors: 0, Warnings: 0
# QuestaSim Pro Microchip Edition-64 vlog 2024.3 Compiler 2024.09 Sep 10 2024
# Start time: 20:37:53 on Jan 25,2026
# vlog -reportprogress 300 -sv -work presynth C:/prj/FrameReader/hdl/DDR_Read.v 
# -- Compiling module DDR_Read
# 
# Top level modules:
# 	DDR_Read
# End time: 20:37:53 on Jan 25,2026, Elapsed time: 0:00:00
# Errors: 0, Warnings: 0
# QuestaSim Pro Microchip Edition-64 vlog 2024.3 Compiler 2024.09 Sep 10 2024
# Start time: 20:37:54 on Jan 25,2026
# vlog -reportprogress 300 -sv -work presynth C:/prj/FrameReader/component/work/FrameRD/FrameRD.v 
# -- Compiling module FrameRD
# 
# Top level modules:
# 	FrameRD
# End time: 20:37:54 on Jan 25,2026, Elapsed time: 0:00:00
# Errors: 0, Warnings: 0
# QuestaSim Pro Microchip Edition-64 vlog 2024.3 Compiler 2024.09 Sep 10 2024
# Start time: 20:37:54 on Jan 25,2026
# vlog -reportprogress 300 "+incdir+C:/prj/FrameReader/component/Actel/Simulation/CLK_GEN/1.0.1" "+incdir+C:/prj/FrameReader/component/work/CLK_GEN_C0" "+incdir+C:/prj/FrameReader/component/work/DDR_CLK" "+incdir+C:/prj/FrameReader/component/Actel/Simulation/PULSE_GEN/1.0.1" "+incdir+C:/prj/FrameReader/component/work/PULSE_GEN_C0" "+incdir+C:/prj/FrameReader/component/Actel/Simulation/RESET_GEN/1.0.1" "+incdir+C:/prj/FrameReader/component/work/RESET_GEN_C0" "+incdir+C:/prj/FrameReader/component/work/FrameRD_TB" -sv -work presynth C:/prj/FrameReader/component/Actel/Simulation/CLK_GEN/1.0.1/CLK_GEN.v 
# -- Compiling module CLK_GEN
# 
# Top level modules:
# 	CLK_GEN
# End time: 20:37:54 on Jan 25,2026, Elapsed time: 0:00:00
# Errors: 0, Warnings: 0
# QuestaSim Pro Microchip Edition-64 vlog 2024.3 Compiler 2024.09 Sep 10 2024
# Start time: 20:37:54 on Jan 25,2026
# vlog -reportprogress 300 "+incdir+C:/prj/FrameReader/component/Actel/Simulation/CLK_GEN/1.0.1" "+incdir+C:/prj/FrameReader/component/work/CLK_GEN_C0" "+incdir+C:/prj/FrameReader/component/work/DDR_CLK" "+incdir+C:/prj/FrameReader/component/Actel/Simulation/PULSE_GEN/1.0.1" "+incdir+C:/prj/FrameReader/component/work/PULSE_GEN_C0" "+incdir+C:/prj/FrameReader/component/Actel/Simulation/RESET_GEN/1.0.1" "+incdir+C:/prj/FrameReader/component/work/RESET_GEN_C0" "+incdir+C:/prj/FrameReader/component/work/FrameRD_TB" -sv -work presynth C:/prj/FrameReader/component/work/CLK_GEN_C0/CLK_GEN_C0.v 
# -- Compiling module CLK_GEN_C0
# 
# Top level modules:
# 	CLK_GEN_C0
# End time: 20:37:54 on Jan 25,2026, Elapsed time: 0:00:00
# Errors: 0, Warnings: 0
# QuestaSim Pro Microchip Edition-64 vlog 2024.3 Compiler 2024.09 Sep 10 2024
# Start time: 20:37:54 on Jan 25,2026
# vlog -reportprogress 300 "+incdir+C:/prj/FrameReader/component/Actel/Simulation/CLK_GEN/1.0.1" "+incdir+C:/prj/FrameReader/component/work/CLK_GEN_C0" "+incdir+C:/prj/FrameReader/component/work/DDR_CLK" "+incdir+C:/prj/FrameReader/component/Actel/Simulation/PULSE_GEN/1.0.1" "+incdir+C:/prj/FrameReader/component/work/PULSE_GEN_C0" "+incdir+C:/prj/FrameReader/component/Actel/Simulation/RESET_GEN/1.0.1" "+incdir+C:/prj/FrameReader/component/work/RESET_GEN_C0" "+incdir+C:/prj/FrameReader/component/work/FrameRD_TB" -sv -work presynth C:/prj/FrameReader/component/work/DDR_CLK/DDR_CLK.v 
# -- Compiling module DDR_CLK
# 
# Top level modules:
# 	DDR_CLK
# End time: 20:37:54 on Jan 25,2026, Elapsed time: 0:00:00
# Errors: 0, Warnings: 0
# QuestaSim Pro Microchip Edition-64 vlog 2024.3 Compiler 2024.09 Sep 10 2024
# Start time: 20:37:54 on Jan 25,2026
# vlog -reportprogress 300 "+incdir+C:/prj/FrameReader/component/Actel/Simulation/CLK_GEN/1.0.1" "+incdir+C:/prj/FrameReader/component/work/CLK_GEN_C0" "+incdir+C:/prj/FrameReader/component/work/DDR_CLK" "+incdir+C:/prj/FrameReader/component/Actel/Simulation/PULSE_GEN/1.0.1" "+incdir+C:/prj/FrameReader/component/work/PULSE_GEN_C0" "+incdir+C:/prj/FrameReader/component/Actel/Simulation/RESET_GEN/1.0.1" "+incdir+C:/prj/FrameReader/component/work/RESET_GEN_C0" "+incdir+C:/prj/FrameReader/component/work/FrameRD_TB" -sv -work presynth C:/prj/FrameReader/component/Actel/Simulation/PULSE_GEN/1.0.1/PULSE_GEN.v 
# -- Compiling module PULSE_GEN
# 
# Top level modules:
# 	PULSE_GEN
# End time: 20:37:54 on Jan 25,2026, Elapsed time: 0:00:00
# Errors: 0, Warnings: 0
# QuestaSim Pro Microchip Edition-64 vlog 2024.3 Compiler 2024.09 Sep 10 2024
# Start time: 20:37:55 on Jan 25,2026
# vlog -reportprogress 300 "+incdir+C:/prj/FrameReader/component/Actel/Simulation/CLK_GEN/1.0.1" "+incdir+C:/prj/FrameReader/component/work/CLK_GEN_C0" "+incdir+C:/prj/FrameReader/component/work/DDR_CLK" "+incdir+C:/prj/FrameReader/component/Actel/Simulation/PULSE_GEN/1.0.1" "+incdir+C:/prj/FrameReader/component/work/PULSE_GEN_C0" "+incdir+C:/prj/FrameReader/component/Actel/Simulation/RESET_GEN/1.0.1" "+incdir+C:/prj/FrameReader/component/work/RESET_GEN_C0" "+incdir+C:/prj/FrameReader/component/work/FrameRD_TB" -sv -work presynth C:/prj/FrameReader/component/work/PULSE_GEN_C0/PULSE_GEN_C0.v 
# -- Compiling module PULSE_GEN_C0
# 
# Top level modules:
# 	PULSE_GEN_C0
# End time: 20:37:55 on Jan 25,2026, Elapsed time: 0:00:00
# Errors: 0, Warnings: 0
# QuestaSim Pro Microchip Edition-64 vlog 2024.3 Compiler 2024.09 Sep 10 2024
# Start time: 20:37:55 on Jan 25,2026
# vlog -reportprogress 300 "+incdir+C:/prj/FrameReader/component/Actel/Simulation/CLK_GEN/1.0.1" "+incdir+C:/prj/FrameReader/component/work/CLK_GEN_C0" "+incdir+C:/prj/FrameReader/component/work/DDR_CLK" "+incdir+C:/prj/FrameReader/component/Actel/Simulation/PULSE_GEN/1.0.1" "+incdir+C:/prj/FrameReader/component/work/PULSE_GEN_C0" "+incdir+C:/prj/FrameReader/component/Actel/Simulation/RESET_GEN/1.0.1" "+incdir+C:/prj/FrameReader/component/work/RESET_GEN_C0" "+incdir+C:/prj/FrameReader/component/work/FrameRD_TB" -sv -work presynth C:/prj/FrameReader/component/Actel/Simulation/RESET_GEN/1.0.1/RESET_GEN.v 
# -- Compiling module RESET_GEN
# 
# Top level modules:
# 	RESET_GEN
# End time: 20:37:55 on Jan 25,2026, Elapsed time: 0:00:00
# Errors: 0, Warnings: 0
# QuestaSim Pro Microchip Edition-64 vlog 2024.3 Compiler 2024.09 Sep 10 2024
# Start time: 20:37:55 on Jan 25,2026
# vlog -reportprogress 300 "+incdir+C:/prj/FrameReader/component/Actel/Simulation/CLK_GEN/1.0.1" "+incdir+C:/prj/FrameReader/component/work/CLK_GEN_C0" "+incdir+C:/prj/FrameReader/component/work/DDR_CLK" "+incdir+C:/prj/FrameReader/component/Actel/Simulation/PULSE_GEN/1.0.1" "+incdir+C:/prj/FrameReader/component/work/PULSE_GEN_C0" "+incdir+C:/prj/FrameReader/component/Actel/Simulation/RESET_GEN/1.0.1" "+incdir+C:/prj/FrameReader/component/work/RESET_GEN_C0" "+incdir+C:/prj/FrameReader/component/work/FrameRD_TB" -sv -work presynth C:/prj/FrameReader/component/work/RESET_GEN_C0/RESET_GEN_C0.v 
# -- Compiling module RESET_GEN_C0
# 
# Top level modules:
# 	RESET_GEN_C0
# End time: 20:37:55 on Jan 25,2026, Elapsed time: 0:00:00
# Errors: 0, Warnings: 0
# QuestaSim Pro Microchip Edition-64 vlog 2024.3 Compiler 2024.09 Sep 10 2024
# Start time: 20:37:55 on Jan 25,2026
# vlog -reportprogress 300 "+incdir+C:/prj/FrameReader/component/Actel/Simulation/CLK_GEN/1.0.1" "+incdir+C:/prj/FrameReader/component/work/CLK_GEN_C0" "+incdir+C:/prj/FrameReader/component/work/DDR_CLK" "+incdir+C:/prj/FrameReader/component/Actel/Simulation/PULSE_GEN/1.0.1" "+incdir+C:/prj/FrameReader/component/work/PULSE_GEN_C0" "+incdir+C:/prj/FrameReader/component/Actel/Simulation/RESET_GEN/1.0.1" "+incdir+C:/prj/FrameReader/component/work/RESET_GEN_C0" "+incdir+C:/prj/FrameReader/component/work/FrameRD_TB" -sv -work presynth C:/prj/FrameReader/component/work/FrameRD_TB/FrameRD_TB.v 
# -- Compiling module FrameRD_TB
# 
# Top level modules:
# 	FrameRD_TB
# End time: 20:37:55 on Jan 25,2026, Elapsed time: 0:00:00
# Errors: 0, Warnings: 0
# vsim -voptargs="+acc" -L PolarFire -L presynth -t 1ps -displaymsgmode both presynth.FrameRD_TB 
# Start time: 20:37:56 on Jan 25,2026
# ** Note: (vsim-3812) Design is being optimized...
# ** Warning: (vopt-10908) Some optimizations are turned off because the +acc switch is in effect.
# ** Note: (vopt-143) Recognized 2 FSMs in module "ddr_rw_arbiter(fast)".
# ** Warning: C:/prj/FrameReader/hdl/DDR_read_controller.v(115): (vopt-2121) Illegal concatenation of an unsized constant. Will treat it as a 32-bit value.
# ** Warning: C:/prj/FrameReader/hdl/DDR_read_controller.v(115): (vopt-2121) Illegal concatenation of an unsized constant. Will treat it as a 32-bit value.
# ** Warning: C:/prj/FrameReader/hdl/DDR_read_controller.v(115): (vopt-2121) Illegal concatenation of an unsized constant. Will treat it as a 32-bit value.
# ** Warning: C:/prj/FrameReader/hdl/DDR_read_controller.v(115): (vopt-2121) Illegal concatenation of an unsized constant. Will treat it as a 32-bit value.
# ** Warning: C:/prj/FrameReader/hdl/DDR_read_controller.v(115): (vopt-2121) Illegal concatenation of an unsized constant. Will treat it as a 32-bit value.
# ** Warning: C:/prj/FrameReader/hdl/DDR_read_controller.v(115): (vopt-2121) Illegal concatenation of an unsized constant. Will treat it as a 32-bit value.
# ** Warning: C:/prj/FrameReader/hdl/DDR_read_controller.v(115): (vopt-2121) Illegal concatenation of an unsized constant. Will treat it as a 32-bit value.
# ** Warning: C:/prj/FrameReader/hdl/DDR_read_controller.v(115): (vopt-2121) Illegal concatenation of an unsized constant. Will treat it as a 32-bit value.
# ** Note: (vopt-143) Recognized 1 FSM in module "DDR_read_controller(fast)".
# ** Warning: C:/prj/FrameReader/component/work/PF_SRAM_AHBL_AXI_C0/COREAXI4SRAM_0/rtl/vlog/core/CoreAXI4SRAM.v(417): (vopt-2685) [TFMPC] - Too few port connections for 'U_PF_SRAM_AHBL_AXI_C0_COREAXI4SRAM_0_CoreAXI4SRAM_MAINCTRL'.  Expected 50, found 49.
# ** Warning: C:/prj/FrameReader/component/work/Display_Controller_C0/Display_Controller_C0.v(162): (vopt-2685) [TFMPC] - Too few port connections for 'Display_Controller_C0_0'.  Expected 56, found 55.
# ** Warning: C:/prj/FrameReader/component/work/Display_Controller_C0/Display_Controller_C0.v(162): (vopt-2718) [TFMPC] - Missing connection for port 'FIELD_O'.
# ** Note: (vopt-143) Recognized 1 FSM in architecture body "request_scheduler(request_scheduler)".
# ** Note: (vsim-12126) Error and warning message counts have been restored: Errors=0, Warnings=12.
# Loading sv_std.std
# Loading work.FrameRD_TB(fast)
# Loading work.DDR_CLK(fast)
# Loading work.CLK_GEN(fast)
# Loading work.FrameRD(fast)
# Loading PolarFire.AND2(fast)
# Loading PolarFire.CFG2(fast)
# Loading work.DDR_AXI4_ARBITER_PF_C0(fast)
# Loading work.DDR_AXI4_ARBITER_PF(fast)
# Loading work.AXI4_S_IF(fast)
# Loading work.AXI4_M_M_IF(fast)
# Loading work.DDR_AXI4_ARBITER_PF_Native(fast)
# Loading work.ddr_rw_arbiter(fast)
# Loading work.ddr_rw_arbiter_C0_ddr_rw_arbiter_C0_0_video_axi_fifo(fast)
# Loading work.ddr_rw_arbiter_C0_ddr_rw_arbiter_C0_0_ram_wrapper(fast)
# Loading work.ddr_rw_arbiter_C0_ddr_rw_arbiter_C0_0_LSRAM_top(fast)
# Loading work.ddr_rw_arbiter_C0_ddr_rw_arbiter_C0_0_corefifo_fwft(fast)
# Loading work.ddr_rw_arbiter_C0_ddr_rw_arbiter_C0_0_corefifo_sync_scntr(fast)
# Loading work.ddr_rw_arbiter_C0_ddr_rw_arbiter_C0_0_video_axi_fifo(fast__1)
# Loading work.ddr_rw_arbiter_C0_ddr_rw_arbiter_C0_0_ram_wrapper(fast__1)
# Loading work.ddr_rw_arbiter_C0_ddr_rw_arbiter_C0_0_LSRAM_top(fast__1)
# Loading work.ddr_rw_arbiter_C0_ddr_rw_arbiter_C0_0_corefifo_fwft(fast__1)
# Loading work.ddr_rw_arbiter_C0_ddr_rw_arbiter_C0_0_corefifo_sync_scntr(fast__1)
# Loading work.read_top(fast)
# Loading work.write_top(fast)
# Loading work.DDR_Read(fast)
# Loading work.Arbiter_Initiator_Rd_IF(fast)
# Loading work.DDR_Read_Native(fast)
# Loading work.DDR_read_controller(fast)
# Loading work.DDR_READ_ASYMM_FIFO_DDR_READ_ASYMM_FIFO_0_COREFIFO(fast)
# Loading work.DDR_READ_ASYMM_FIFO_DDR_READ_ASYMM_FIFO_0_ram_wrapper(fast)
# Loading work.DDR_READ_ASYMM_FIFO_DDR_READ_ASYMM_FIFO_0_LSRAM_top(fast)
# Loading PolarFire.RAM1K20(fast)
# Loading PolarFire.RAM1K20_IP(fast)
# Loading PolarFire.RAM_DLY(fast)
# Loading PolarFire.ECC_PIPELINE(fast)
# Loading PolarFire.SLE_Prim(fast)
# Loading PolarFire.ECC_PIPELINE(fast__1)
# Loading PolarFire.SLE_Prim(fast__1)
# Loading PolarFire.ECC_PIPELINE(fast__2)
# Loading PolarFire.CFG1(fast)
# Loading PolarFire.OR2(fast)
# Loading PolarFire.CFG2(fast__1)
# Loading PolarFire.GND(fast)
# Loading PolarFire.VCC(fast)
# Loading work.DDR_READ_ASYMM_FIFO_DDR_READ_ASYMM_FIFO_0_corefifo_async(fast)
# Loading work.DDR_READ_ASYMM_FIFO_DDR_READ_ASYMM_FIFO_0_corefifo_nstagessync(fast)
# Loading work.DDR_READ_ASYMM_FIFO_DDR_READ_ASYMM_FIFO_0_corefifo_nstagessync(fast__1)
# Loading work.DDR_READ_ASYMM_FIFO_DDR_READ_ASYMM_FIFO_0_corefifo_graytobinconv(fast)
# Loading work.DDR_READ_ASYMM_FIFO_DDR_READ_ASYMM_FIFO_0_corefifo_graytobinconv(fast__1)
# Loading PolarFire.DFN1(fast)
# Loading PolarFire.SLE(fast)
# Loading work.Display_Controller_C0(fast)
# Loading work.Display_Controller(fast)
# Loading work.PF_SRAM_AHBL_AXI_C0(fast)
# Loading work.PF_SRAM_AHBL_AXI_C0_COREAXI4SRAM_0_COREAXI4SRAM(fast)
# Loading work.PF_SRAM_AHBL_AXI_C0_COREAXI4SRAM_0_CoreAXI4SRAM_MAINCTRL(fast)
# Loading work.PF_SRAM_AHBL_AXI_C0_COREAXI4SRAM_0_CoreAXI4SRAM_SLVIF(fast)
# Loading work.PF_SRAM_AHBL_AXI_C0_PF_TPSRAM_AHB_AXI_0_PF_TPSRAM(fast)
# Loading PolarFire.OR4(fast)
# Loading PolarFire.CFG4(fast)
# Loading PolarFire.RAM1K20(fast__1)
# Loading PolarFire.RAM1K20_IP(fast__1)
# Loading PolarFire.RAM1K20(fast__2)
# Loading PolarFire.RAM1K20_IP(fast__2)
# Loading PolarFire.RAM1K20(fast__3)
# Loading PolarFire.RAM1K20_IP(fast__3)
# Loading PolarFire.RAM1K20(fast__4)
# Loading PolarFire.RAM1K20_IP(fast__4)
# Loading PolarFire.RAM1K20(fast__5)
# Loading PolarFire.RAM1K20_IP(fast__5)
# Loading PolarFire.RAM1K20(fast__6)
# Loading PolarFire.RAM1K20_IP(fast__6)
# Loading PolarFire.RAM1K20(fast__7)
# Loading PolarFire.RAM1K20_IP(fast__7)
# Loading PolarFire.RAM1K20(fast__8)
# Loading PolarFire.RAM1K20_IP(fast__8)
# Loading work.CLK_GEN_C0(fast)
# Loading work.CLK_GEN(fast__1)
# Loading work.PULSE_GEN_C0(fast)
# Loading work.PULSE_GEN(fast)
# Loading work.RESET_GEN_C0(fast)
# Loading work.RESET_GEN(fast)
# Loading std.standard
# Loading std.textio(body)
# Loading ieee.std_logic_1164(body)
# Loading ieee.numeric_std(body)
# Loading ieee.std_logic_arith(body)
# Loading ieee.std_logic_unsigned(body)
# Loading work.read_demux(read_demux)#1
# Loading work.read_mux(read_mux)#1
# Loading work.request_scheduler(request_scheduler)#1
# Loading work.write_demux(write_demux)#1
# Loading work.write_mux(write_mux)#1
# Error loading design
# Error: Error loading design
#        Pausing macro execution
# MACRO ./run.do PAUSED at line 67
quit -sim
# End time: 20:40:21 on Jan 25,2026, Elapsed time: 0:02:25
# Errors: 0, Warnings: 12
abort
do run.do
# INFO: Simulation library presynth already exists
# QuestaSim Pro Microchip Edition-64 vmap 2024.3 Lib Mapping Utility 2024.09 Sep 10 2024
# vmap presynth presynth 
# Modifying modelsim.ini
# QuestaSim Pro Microchip Edition-64 vmap 2024.3 Lib Mapping Utility 2024.09 Sep 10 2024
# vmap PolarFire C:/Microchip/Libero_SoC_2025.1/Libero_SoC/Designer/lib/questasim/precompiled/vlog/polarfire 
# Modifying modelsim.ini
# QuestaSim Pro Microchip Edition-64 vlog 2024.3 Compiler 2024.09 Sep 10 2024
# Start time: 20:40:26 on Jan 25,2026
# vlog -reportprogress 300 -sv -work presynth C:/prj/FrameReader/component/Microchip/SolutionCore/DDR_AXI4_ARBITER_PF/2.2.0/RTL/AXI4_M_M_IF.v 
# -- Compiling module AXI4_M_M_IF
# 
# Top level modules:
# 	AXI4_M_M_IF
# End time: 20:40:26 on Jan 25,2026, Elapsed time: 0:00:00
# Errors: 0, Warnings: 0
# QuestaSim Pro Microchip Edition-64 vlog 2024.3 Compiler 2024.09 Sep 10 2024
# Start time: 20:40:26 on Jan 25,2026
# vlog -reportprogress 300 -sv -work presynth C:/prj/FrameReader/component/Microchip/SolutionCore/DDR_AXI4_ARBITER_PF/2.2.0/RTL/AXI4_S_IF.v 
# -- Compiling module AXI4_S_IF
# 
# Top level modules:
# 	AXI4_S_IF
# End time: 20:40:26 on Jan 25,2026, Elapsed time: 0:00:00
# Errors: 0, Warnings: 0
# QuestaSim Pro Microchip Edition-64 vlog 2024.3 Compiler 2024.09 Sep 10 2024
# Start time: 20:40:26 on Jan 25,2026
# vlog -reportprogress 300 -sv -work presynth C:/prj/FrameReader/component/Microchip/SolutionCore/DDR_AXI4_ARBITER_PF/2.2.0/RTL/axi_lbus_corefifo_NstagesSync.v 
# -- Compiling module ddr_rw_arbiter_C0_ddr_rw_arbiter_C0_0_corefifo_NstagesSync
# 
# Top level modules:
# 	ddr_rw_arbiter_C0_ddr_rw_arbiter_C0_0_corefifo_NstagesSync
# End time: 20:40:26 on Jan 25,2026, Elapsed time: 0:00:00
# Errors: 0, Warnings: 0
# QuestaSim Pro Microchip Edition-64 vlog 2024.3 Compiler 2024.09 Sep 10 2024
# Start time: 20:40:26 on Jan 25,2026
# vlog -reportprogress 300 -sv -work presynth C:/prj/FrameReader/component/Microchip/SolutionCore/DDR_AXI4_ARBITER_PF/2.2.0/RTL/axi_lbus_corefifo_grayToBinConv.v 
# -- Compiling module ddr_rw_arbiter_C0_ddr_rw_arbiter_C0_0_corefifo_grayToBinConv
# 
# Top level modules:
# 	ddr_rw_arbiter_C0_ddr_rw_arbiter_C0_0_corefifo_grayToBinConv
# End time: 20:40:27 on Jan 25,2026, Elapsed time: 0:00:01
# Errors: 0, Warnings: 0
# QuestaSim Pro Microchip Edition-64 vlog 2024.3 Compiler 2024.09 Sep 10 2024
# Start time: 20:40:27 on Jan 25,2026
# vlog -reportprogress 300 -sv -work presynth C:/prj/FrameReader/component/Microchip/SolutionCore/DDR_AXI4_ARBITER_PF/2.2.0/RTL/axi_lbus_corefifo_async.v 
# -- Compiling module ddr_rw_arbiter_C0_ddr_rw_arbiter_C0_0_corefifo_async
# 
# Top level modules:
# 	ddr_rw_arbiter_C0_ddr_rw_arbiter_C0_0_corefifo_async
# End time: 20:40:27 on Jan 25,2026, Elapsed time: 0:00:00
# Errors: 0, Warnings: 0
# QuestaSim Pro Microchip Edition-64 vlog 2024.3 Compiler 2024.09 Sep 10 2024
# Start time: 20:40:27 on Jan 25,2026
# vlog -reportprogress 300 -sv -work presynth C:/prj/FrameReader/component/Microchip/SolutionCore/DDR_AXI4_ARBITER_PF/2.2.0/RTL/axi_lbus_corefifo_resetSync.v 
# -- Compiling module ddr_rw_arbiter_C0_ddr_rw_arbiter_C0_0_corefifo_resetSync
# 
# Top level modules:
# 	ddr_rw_arbiter_C0_ddr_rw_arbiter_C0_0_corefifo_resetSync
# End time: 20:40:27 on Jan 25,2026, Elapsed time: 0:00:00
# Errors: 0, Warnings: 0
# QuestaSim Pro Microchip Edition-64 vlog 2024.3 Compiler 2024.09 Sep 10 2024
# Start time: 20:40:27 on Jan 25,2026
# vlog -reportprogress 300 -sv -work presynth C:/prj/FrameReader/component/Microchip/SolutionCore/DDR_AXI4_ARBITER_PF/2.2.0/RTL/axi_lbus_corefifo_sync.v 
# -- Compiling module ddr_rw_arbiter_C0_ddr_rw_arbiter_C0_0_corefifo_sync
# 
# Top level modules:
# 	ddr_rw_arbiter_C0_ddr_rw_arbiter_C0_0_corefifo_sync
# End time: 20:40:27 on Jan 25,2026, Elapsed time: 0:00:00
# Errors: 0, Warnings: 0
# QuestaSim Pro Microchip Edition-64 vlog 2024.3 Compiler 2024.09 Sep 10 2024
# Start time: 20:40:27 on Jan 25,2026
# vlog -reportprogress 300 -sv -work presynth C:/prj/FrameReader/component/Microchip/SolutionCore/DDR_AXI4_ARBITER_PF/2.2.0/RTL/axi_lbus_corefifo_fwft.v 
# -- Compiling module ddr_rw_arbiter_C0_ddr_rw_arbiter_C0_0_corefifo_fwft
# 
# Top level modules:
# 	ddr_rw_arbiter_C0_ddr_rw_arbiter_C0_0_corefifo_fwft
# End time: 20:40:27 on Jan 25,2026, Elapsed time: 0:00:00
# Errors: 0, Warnings: 0
# QuestaSim Pro Microchip Edition-64 vlog 2024.3 Compiler 2024.09 Sep 10 2024
# Start time: 20:40:27 on Jan 25,2026
# vlog -reportprogress 300 -sv -work presynth C:/prj/FrameReader/component/Microchip/SolutionCore/DDR_AXI4_ARBITER_PF/2.2.0/RTL/axi_lbus_corefifo_sync_scntr.v 
# -- Compiling module ddr_rw_arbiter_C0_ddr_rw_arbiter_C0_0_corefifo_sync_scntr
# 
# Top level modules:
# 	ddr_rw_arbiter_C0_ddr_rw_arbiter_C0_0_corefifo_sync_scntr
# End time: 20:40:27 on Jan 25,2026, Elapsed time: 0:00:00
# Errors: 0, Warnings: 0
# QuestaSim Pro Microchip Edition-64 vlog 2024.3 Compiler 2024.09 Sep 10 2024
# Start time: 20:40:27 on Jan 25,2026
# vlog -reportprogress 300 -sv -work presynth C:/prj/FrameReader/component/Microchip/SolutionCore/DDR_AXI4_ARBITER_PF/2.2.0/RTL/axi_lbus_LSRAM_top.v 
# -- Compiling module ddr_rw_arbiter_C0_ddr_rw_arbiter_C0_0_LSRAM_top
# 
# Top level modules:
# 	ddr_rw_arbiter_C0_ddr_rw_arbiter_C0_0_LSRAM_top
# End time: 20:40:27 on Jan 25,2026, Elapsed time: 0:00:00
# Errors: 0, Warnings: 0
# QuestaSim Pro Microchip Edition-64 vlog 2024.3 Compiler 2024.09 Sep 10 2024
# Start time: 20:40:27 on Jan 25,2026
# vlog -reportprogress 300 -sv -work presynth C:/prj/FrameReader/component/Microchip/SolutionCore/DDR_AXI4_ARBITER_PF/2.2.0/RTL/axi_lbus_ram_wrapper.v 
# -- Compiling module ddr_rw_arbiter_C0_ddr_rw_arbiter_C0_0_ram_wrapper
# 
# Top level modules:
# 	ddr_rw_arbiter_C0_ddr_rw_arbiter_C0_0_ram_wrapper
# End time: 20:40:27 on Jan 25,2026, Elapsed time: 0:00:00
# Errors: 0, Warnings: 0
# QuestaSim Pro Microchip Edition-64 vlog 2024.3 Compiler 2024.09 Sep 10 2024
# Start time: 20:40:28 on Jan 25,2026
# vlog -reportprogress 300 -sv -work presynth C:/prj/FrameReader/component/Microchip/SolutionCore/DDR_AXI4_ARBITER_PF/2.2.0/RTL/video_axi_fifo.v 
# -- Compiling module ddr_rw_arbiter_C0_ddr_rw_arbiter_C0_0_video_axi_fifo
# 
# Top level modules:
# 	ddr_rw_arbiter_C0_ddr_rw_arbiter_C0_0_video_axi_fifo
# End time: 20:40:28 on Jan 25,2026, Elapsed time: 0:00:00
# Errors: 0, Warnings: 0
# QuestaSim Pro Microchip Edition-64 vlog 2024.3 Compiler 2024.09 Sep 10 2024
# Start time: 20:40:28 on Jan 25,2026
# vlog -reportprogress 300 -sv -work presynth C:/prj/FrameReader/component/Microchip/SolutionCore/DDR_AXI4_ARBITER_PF/2.2.0/RTL/ddr_rw_arbiter.v 
# -- Compiling module ddr_rw_arbiter
# 
# Top level modules:
# 	ddr_rw_arbiter
# End time: 20:40:28 on Jan 25,2026, Elapsed time: 0:00:00
# Errors: 0, Warnings: 0
# QuestaSim Pro Microchip Edition-64 vcom 2024.3 Compiler 2024.09 Sep 10 2024
# Start time: 20:40:28 on Jan 25,2026
# vcom -reportprogress 300 -2008 -explicit -work presynth C:/prj/FrameReader/component/Microchip/SolutionCore/DDR_AXI4_ARBITER_PF/2.2.0/RTL/write_mux.vhd 
# -- Loading package STANDARD
# -- Loading package TEXTIO
# -- Loading package std_logic_1164
# -- Loading package NUMERIC_STD
# -- Loading package std_logic_arith
# -- Loading package STD_LOGIC_UNSIGNED
# -- Compiling entity write_mux
# -- Compiling architecture write_mux of write_mux
# End time: 20:40:28 on Jan 25,2026, Elapsed time: 0:00:00
# Errors: 0, Warnings: 0
# QuestaSim Pro Microchip Edition-64 vcom 2024.3 Compiler 2024.09 Sep 10 2024
# Start time: 20:40:28 on Jan 25,2026
# vcom -reportprogress 300 -2008 -explicit -work presynth C:/prj/FrameReader/component/Microchip/SolutionCore/DDR_AXI4_ARBITER_PF/2.2.0/RTL/request_scheduler.vhd 
# -- Loading package STANDARD
# -- Loading package TEXTIO
# -- Loading package std_logic_1164
# -- Loading package NUMERIC_STD
# -- Loading package std_logic_arith
# -- Loading package STD_LOGIC_UNSIGNED
# -- Compiling entity request_scheduler
# -- Compiling architecture request_scheduler of request_scheduler
# End time: 20:40:28 on Jan 25,2026, Elapsed time: 0:00:00
# Errors: 0, Warnings: 0
# QuestaSim Pro Microchip Edition-64 vcom 2024.3 Compiler 2024.09 Sep 10 2024
# Start time: 20:40:28 on Jan 25,2026
# vcom -reportprogress 300 -2008 -explicit -work presynth C:/prj/FrameReader/component/Microchip/SolutionCore/DDR_AXI4_ARBITER_PF/2.2.0/RTL/write_demux.vhd 
# -- Loading package STANDARD
# -- Loading package TEXTIO
# -- Loading package std_logic_1164
# -- Loading package NUMERIC_STD
# -- Loading package std_logic_arith
# -- Loading package STD_LOGIC_UNSIGNED
# -- Compiling entity write_demux
# -- Compiling architecture write_demux of write_demux
# End time: 20:40:28 on Jan 25,2026, Elapsed time: 0:00:00
# Errors: 0, Warnings: 0
# QuestaSim Pro Microchip Edition-64 vlog 2024.3 Compiler 2024.09 Sep 10 2024
# Start time: 20:40:28 on Jan 25,2026
# vlog -reportprogress 300 -sv -work presynth C:/prj/FrameReader/component/Microchip/SolutionCore/DDR_AXI4_ARBITER_PF/2.2.0/RTL/write_top.v 
# -- Compiling module write_top
# 
# Top level modules:
# 	write_top
# End time: 20:40:28 on Jan 25,2026, Elapsed time: 0:00:00
# Errors: 0, Warnings: 0
# QuestaSim Pro Microchip Edition-64 vcom 2024.3 Compiler 2024.09 Sep 10 2024
# Start time: 20:40:28 on Jan 25,2026
# vcom -reportprogress 300 -2008 -explicit -work presynth C:/prj/FrameReader/component/Microchip/SolutionCore/DDR_AXI4_ARBITER_PF/2.2.0/RTL/read_demux.vhd 
# -- Loading package STANDARD
# -- Loading package TEXTIO
# -- Loading package std_logic_1164
# -- Loading package NUMERIC_STD
# -- Loading package std_logic_arith
# -- Loading package STD_LOGIC_UNSIGNED
# -- Compiling entity read_demux
# -- Compiling architecture read_demux of read_demux
# End time: 20:40:28 on Jan 25,2026, Elapsed time: 0:00:00
# Errors: 0, Warnings: 0
# QuestaSim Pro Microchip Edition-64 vcom 2024.3 Compiler 2024.09 Sep 10 2024
# Start time: 20:40:29 on Jan 25,2026
# vcom -reportprogress 300 -2008 -explicit -work presynth C:/prj/FrameReader/component/Microchip/SolutionCore/DDR_AXI4_ARBITER_PF/2.2.0/RTL/read_mux.vhd 
# -- Loading package STANDARD
# -- Loading package TEXTIO
# -- Loading package std_logic_1164
# -- Compiling entity read_mux
# -- Compiling architecture read_mux of read_mux
# End time: 20:40:29 on Jan 25,2026, Elapsed time: 0:00:00
# Errors: 0, Warnings: 0
# QuestaSim Pro Microchip Edition-64 vlog 2024.3 Compiler 2024.09 Sep 10 2024
# Start time: 20:40:29 on Jan 25,2026
# vlog -reportprogress 300 -sv -work presynth C:/prj/FrameReader/component/Microchip/SolutionCore/DDR_AXI4_ARBITER_PF/2.2.0/RTL/read_top.v 
# -- Compiling module read_top
# 
# Top level modules:
# 	read_top
# End time: 20:40:29 on Jan 25,2026, Elapsed time: 0:00:00
# Errors: 0, Warnings: 0
# QuestaSim Pro Microchip Edition-64 vlog 2024.3 Compiler 2024.09 Sep 10 2024
# Start time: 20:40:29 on Jan 25,2026
# vlog -reportprogress 300 -sv -work presynth C:/prj/FrameReader/component/Microchip/SolutionCore/DDR_AXI4_ARBITER_PF/2.2.0/RTL/DDR_AXI4_ARBITER_PF_Native.v 
# -- Compiling module DDR_AXI4_ARBITER_PF_Native
# 
# Top level modules:
# 	DDR_AXI4_ARBITER_PF_Native
# End time: 20:40:29 on Jan 25,2026, Elapsed time: 0:00:00
# Errors: 0, Warnings: 0
# QuestaSim Pro Microchip Edition-64 vlog 2024.3 Compiler 2024.09 Sep 10 2024
# Start time: 20:40:29 on Jan 25,2026
# vlog -reportprogress 300 -sv -work presynth C:/prj/FrameReader/component/Microchip/SolutionCore/DDR_AXI4_ARBITER_PF/2.2.0/RTL/DDR_AXI4_ARBITER_PF.v 
# -- Compiling module DDR_AXI4_ARBITER_PF
# 
# Top level modules:
# 	DDR_AXI4_ARBITER_PF
# End time: 20:40:29 on Jan 25,2026, Elapsed time: 0:00:00
# Errors: 0, Warnings: 0
# QuestaSim Pro Microchip Edition-64 vlog 2024.3 Compiler 2024.09 Sep 10 2024
# Start time: 20:40:29 on Jan 25,2026
# vlog -reportprogress 300 -sv -work presynth C:/prj/FrameReader/component/work/DDR_AXI4_ARBITER_PF_C0/DDR_AXI4_ARBITER_PF_C0.v 
# -- Compiling module DDR_AXI4_ARBITER_PF_C0
# 
# Top level modules:
# 	DDR_AXI4_ARBITER_PF_C0
# End time: 20:40:29 on Jan 25,2026, Elapsed time: 0:00:00
# Errors: 0, Warnings: 0
# QuestaSim Pro Microchip Edition-64 vlog 2024.3 Compiler 2024.09 Sep 10 2024
# Start time: 20:40:29 on Jan 25,2026
# vlog -reportprogress 300 -sv -work presynth C:/prj/FrameReader/component/Microchip/SolutionCore/Display_Controller/5.0.0/Encrypted/display_controller.v 
# -- Compiling module Display_Controller
# ** Warning: C:/prj/FrameReader/component/Microchip/SolutionCore/Display_Controller/5.0.0/Encrypted/display_controller.v(216): (vlog-14157) Protect keyword "data_keyowner" is not supported and will have no effect.
# ** Warning: C:/prj/FrameReader/component/Microchip/SolutionCore/Display_Controller/5.0.0/Encrypted/display_controller.v(216): (vlog-14157) Protect keyword "data_keyname" is not supported and will have no effect.
# 
# Top level modules:
# 	Display_Controller
# End time: 20:40:29 on Jan 25,2026, Elapsed time: 0:00:00
# Errors: 0, Warnings: 2
# QuestaSim Pro Microchip Edition-64 vlog 2024.3 Compiler 2024.09 Sep 10 2024
# Start time: 20:40:29 on Jan 25,2026
# vlog -reportprogress 300 -sv -work presynth C:/prj/FrameReader/component/work/Display_Controller_C0/Display_Controller_C0.v 
# -- Compiling module Display_Controller_C0
# 
# Top level modules:
# 	Display_Controller_C0
# End time: 20:40:29 on Jan 25,2026, Elapsed time: 0:00:00
# Errors: 0, Warnings: 0
# QuestaSim Pro Microchip Edition-64 vlog 2024.3 Compiler 2024.09 Sep 10 2024
# Start time: 20:40:30 on Jan 25,2026
# vlog -reportprogress 300 -sv -work presynth C:/prj/FrameReader/component/work/PF_SRAM_AHBL_AXI_C0/PF_TPSRAM_AHB_AXI_0/PF_SRAM_AHBL_AXI_C0_PF_TPSRAM_AHB_AXI_0_PF_TPSRAM.v 
# -- Compiling module PF_SRAM_AHBL_AXI_C0_PF_TPSRAM_AHB_AXI_0_PF_TPSRAM
# 
# Top level modules:
# 	PF_SRAM_AHBL_AXI_C0_PF_TPSRAM_AHB_AXI_0_PF_TPSRAM
# End time: 20:40:30 on Jan 25,2026, Elapsed time: 0:00:00
# Errors: 0, Warnings: 0
# QuestaSim Pro Microchip Edition-64 vlog 2024.3 Compiler 2024.09 Sep 10 2024
# Start time: 20:40:30 on Jan 25,2026
# vlog -reportprogress 300 -sv -work presynth C:/prj/FrameReader/component/work/PF_SRAM_AHBL_AXI_C0/COREAXI4SRAM_0/rtl/vlog/core/CoreAXI4SRAM_MAINCTRL_ECC.v 
# -- Compiling module PF_SRAM_AHBL_AXI_C0_COREAXI4SRAM_0_CoreAXI4SRAM_MAINCTRL_ECC
# 
# Top level modules:
# 	PF_SRAM_AHBL_AXI_C0_COREAXI4SRAM_0_CoreAXI4SRAM_MAINCTRL_ECC
# End time: 20:40:30 on Jan 25,2026, Elapsed time: 0:00:00
# Errors: 0, Warnings: 0
# QuestaSim Pro Microchip Edition-64 vlog 2024.3 Compiler 2024.09 Sep 10 2024
# Start time: 20:40:30 on Jan 25,2026
# vlog -reportprogress 300 -sv -work presynth C:/prj/FrameReader/component/work/PF_SRAM_AHBL_AXI_C0/COREAXI4SRAM_0/rtl/vlog/core/CoreAXI4SRAM_MAINCTRL.v 
# -- Compiling module PF_SRAM_AHBL_AXI_C0_COREAXI4SRAM_0_CoreAXI4SRAM_MAINCTRL
# 
# Top level modules:
# 	PF_SRAM_AHBL_AXI_C0_COREAXI4SRAM_0_CoreAXI4SRAM_MAINCTRL
# End time: 20:40:30 on Jan 25,2026, Elapsed time: 0:00:00
# Errors: 0, Warnings: 0
# QuestaSim Pro Microchip Edition-64 vlog 2024.3 Compiler 2024.09 Sep 10 2024
# Start time: 20:40:30 on Jan 25,2026
# vlog -reportprogress 300 -sv -work presynth C:/prj/FrameReader/component/work/PF_SRAM_AHBL_AXI_C0/COREAXI4SRAM_0/rtl/vlog/core/CoreAXI4SRAM_SLVIF.v 
# -- Compiling module PF_SRAM_AHBL_AXI_C0_COREAXI4SRAM_0_CoreAXI4SRAM_SLVIF
# 
# Top level modules:
# 	PF_SRAM_AHBL_AXI_C0_COREAXI4SRAM_0_CoreAXI4SRAM_SLVIF
# End time: 20:40:30 on Jan 25,2026, Elapsed time: 0:00:00
# Errors: 0, Warnings: 0
# QuestaSim Pro Microchip Edition-64 vlog 2024.3 Compiler 2024.09 Sep 10 2024
# Start time: 20:40:30 on Jan 25,2026
# vlog -reportprogress 300 -sv -work presynth C:/prj/FrameReader/component/work/PF_SRAM_AHBL_AXI_C0/COREAXI4SRAM_0/rtl/vlog/core/CoreAXI4SRAM.v 
# -- Compiling module PF_SRAM_AHBL_AXI_C0_COREAXI4SRAM_0_COREAXI4SRAM
# 
# Top level modules:
# 	PF_SRAM_AHBL_AXI_C0_COREAXI4SRAM_0_COREAXI4SRAM
# End time: 20:40:30 on Jan 25,2026, Elapsed time: 0:00:00
# Errors: 0, Warnings: 0
# QuestaSim Pro Microchip Edition-64 vlog 2024.3 Compiler 2024.09 Sep 10 2024
# Start time: 20:40:30 on Jan 25,2026
# vlog -reportprogress 300 -sv -work presynth C:/prj/FrameReader/component/work/PF_SRAM_AHBL_AXI_C0/PF_SRAM_AHBL_AXI_C0.v 
# -- Compiling module PF_SRAM_AHBL_AXI_C0
# 
# Top level modules:
# 	PF_SRAM_AHBL_AXI_C0
# End time: 20:40:30 on Jan 25,2026, Elapsed time: 0:00:00
# Errors: 0, Warnings: 0
# QuestaSim Pro Microchip Edition-64 vlog 2024.3 Compiler 2024.09 Sep 10 2024
# Start time: 20:40:30 on Jan 25,2026
# vlog -reportprogress 300 -sv -work presynth C:/prj/FrameReader/hdl/Arbiter_Initiator_Rd_IF.v 
# -- Compiling module Arbiter_Initiator_Rd_IF
# 
# Top level modules:
# 	Arbiter_Initiator_Rd_IF
# End time: 20:40:30 on Jan 25,2026, Elapsed time: 0:00:00
# Errors: 0, Warnings: 0
# QuestaSim Pro Microchip Edition-64 vlog 2024.3 Compiler 2024.09 Sep 10 2024
# Start time: 20:40:30 on Jan 25,2026
# vlog -reportprogress 300 -sv -work presynth C:/prj/FrameReader/hdl/corefifo_fwft.v 
# -- Compiling module DDR_READ_ASYMM_FIFO_DDR_READ_ASYMM_FIFO_0_corefifo_fwft
# 
# Top level modules:
# 	DDR_READ_ASYMM_FIFO_DDR_READ_ASYMM_FIFO_0_corefifo_fwft
# End time: 20:40:31 on Jan 25,2026, Elapsed time: 0:00:01
# Errors: 0, Warnings: 0
# QuestaSim Pro Microchip Edition-64 vlog 2024.3 Compiler 2024.09 Sep 10 2024
# Start time: 20:40:31 on Jan 25,2026
# vlog -reportprogress 300 -sv -work presynth C:/prj/FrameReader/hdl/corefifo_sync_scntr.v 
# -- Compiling module DDR_READ_ASYMM_FIFO_DDR_READ_ASYMM_FIFO_0_corefifo_sync_scntr
# 
# Top level modules:
# 	DDR_READ_ASYMM_FIFO_DDR_READ_ASYMM_FIFO_0_corefifo_sync_scntr
# End time: 20:40:31 on Jan 25,2026, Elapsed time: 0:00:00
# Errors: 0, Warnings: 0
# QuestaSim Pro Microchip Edition-64 vlog 2024.3 Compiler 2024.09 Sep 10 2024
# Start time: 20:40:31 on Jan 25,2026
# vlog -reportprogress 300 -sv -work presynth C:/prj/FrameReader/hdl/corefifo_sync.v 
# -- Compiling module DDR_READ_ASYMM_FIFO_DDR_READ_ASYMM_FIFO_0_corefifo_sync
# 
# Top level modules:
# 	DDR_READ_ASYMM_FIFO_DDR_READ_ASYMM_FIFO_0_corefifo_sync
# End time: 20:40:31 on Jan 25,2026, Elapsed time: 0:00:00
# Errors: 0, Warnings: 0
# QuestaSim Pro Microchip Edition-64 vlog 2024.3 Compiler 2024.09 Sep 10 2024
# Start time: 20:40:31 on Jan 25,2026
# vlog -reportprogress 300 -sv -work presynth C:/prj/FrameReader/hdl/corefifo_graytobinconv.v 
# -- Compiling module DDR_READ_ASYMM_FIFO_DDR_READ_ASYMM_FIFO_0_corefifo_graytobinconv
# 
# Top level modules:
# 	DDR_READ_ASYMM_FIFO_DDR_READ_ASYMM_FIFO_0_corefifo_graytobinconv
# End time: 20:40:31 on Jan 25,2026, Elapsed time: 0:00:00
# Errors: 0, Warnings: 0
# QuestaSim Pro Microchip Edition-64 vlog 2024.3 Compiler 2024.09 Sep 10 2024
# Start time: 20:40:31 on Jan 25,2026
# vlog -reportprogress 300 -sv -work presynth C:/prj/FrameReader/hdl/corefifo_nstagessync.v 
# -- Compiling module DDR_READ_ASYMM_FIFO_DDR_READ_ASYMM_FIFO_0_corefifo_nstagessync
# 
# Top level modules:
# 	DDR_READ_ASYMM_FIFO_DDR_READ_ASYMM_FIFO_0_corefifo_nstagessync
# End time: 20:40:31 on Jan 25,2026, Elapsed time: 0:00:00
# Errors: 0, Warnings: 0
# QuestaSim Pro Microchip Edition-64 vlog 2024.3 Compiler 2024.09 Sep 10 2024
# Start time: 20:40:31 on Jan 25,2026
# vlog -reportprogress 300 -sv -work presynth C:/prj/FrameReader/hdl/corefifo_async.v 
# -- Compiling module DDR_READ_ASYMM_FIFO_DDR_READ_ASYMM_FIFO_0_corefifo_async
# 
# Top level modules:
# 	DDR_READ_ASYMM_FIFO_DDR_READ_ASYMM_FIFO_0_corefifo_async
# End time: 20:40:31 on Jan 25,2026, Elapsed time: 0:00:00
# Errors: 0, Warnings: 0
# QuestaSim Pro Microchip Edition-64 vlog 2024.3 Compiler 2024.09 Sep 10 2024
# Start time: 20:40:31 on Jan 25,2026
# vlog -reportprogress 300 -sv -work presynth C:/prj/FrameReader/hdl/DDR_READ_ASYMM_FIFO_DDR_READ_ASYMM_FIFO_0_LSRAM_top.v 
# -- Compiling module DDR_READ_ASYMM_FIFO_DDR_READ_ASYMM_FIFO_0_LSRAM_top
# 
# Top level modules:
# 	DDR_READ_ASYMM_FIFO_DDR_READ_ASYMM_FIFO_0_LSRAM_top
# End time: 20:40:31 on Jan 25,2026, Elapsed time: 0:00:00
# Errors: 0, Warnings: 0
# QuestaSim Pro Microchip Edition-64 vlog 2024.3 Compiler 2024.09 Sep 10 2024
# Start time: 20:40:31 on Jan 25,2026
# vlog -reportprogress 300 -sv -work presynth C:/prj/FrameReader/hdl/DDR_READ_ASYMM_FIFO_DDR_READ_ASYMM_FIFO_0_ram_wrapper.v 
# -- Compiling module DDR_READ_ASYMM_FIFO_DDR_READ_ASYMM_FIFO_0_ram_wrapper
# 
# Top level modules:
# 	DDR_READ_ASYMM_FIFO_DDR_READ_ASYMM_FIFO_0_ram_wrapper
# End time: 20:40:31 on Jan 25,2026, Elapsed time: 0:00:00
# Errors: 0, Warnings: 0
# QuestaSim Pro Microchip Edition-64 vlog 2024.3 Compiler 2024.09 Sep 10 2024
# Start time: 20:40:32 on Jan 25,2026
# vlog -reportprogress 300 -sv -work presynth C:/prj/FrameReader/hdl/COREFIFO.v 
# -- Compiling module DDR_READ_ASYMM_FIFO_DDR_READ_ASYMM_FIFO_0_COREFIFO
# 
# Top level modules:
# 	DDR_READ_ASYMM_FIFO_DDR_READ_ASYMM_FIFO_0_COREFIFO
# End time: 20:40:32 on Jan 25,2026, Elapsed time: 0:00:00
# Errors: 0, Warnings: 0
# QuestaSim Pro Microchip Edition-64 vlog 2024.3 Compiler 2024.09 Sep 10 2024
# Start time: 20:40:32 on Jan 25,2026
# vlog -reportprogress 300 -sv -work presynth C:/prj/FrameReader/hdl/DDR_read_controller.v 
# -- Compiling module DDR_read_controller
# 
# Top level modules:
# 	DDR_read_controller
# End time: 20:40:32 on Jan 25,2026, Elapsed time: 0:00:00
# Errors: 0, Warnings: 0
# QuestaSim Pro Microchip Edition-64 vlog 2024.3 Compiler 2024.09 Sep 10 2024
# Start time: 20:40:32 on Jan 25,2026
# vlog -reportprogress 300 -sv -work presynth C:/prj/FrameReader/hdl/DDR_Read_Native.v 
# -- Compiling module DDR_Read_Native
# 
# Top level modules:
# 	DDR_Read_Native
# End time: 20:40:32 on Jan 25,2026, Elapsed time: 0:00:00
# Errors: 0, Warnings: 0
# QuestaSim Pro Microchip Edition-64 vlog 2024.3 Compiler 2024.09 Sep 10 2024
# Start time: 20:40:32 on Jan 25,2026
# vlog -reportprogress 300 -sv -work presynth C:/prj/FrameReader/hdl/DDR_Read.v 
# -- Compiling module DDR_Read
# 
# Top level modules:
# 	DDR_Read
# End time: 20:40:32 on Jan 25,2026, Elapsed time: 0:00:00
# Errors: 0, Warnings: 0
# QuestaSim Pro Microchip Edition-64 vlog 2024.3 Compiler 2024.09 Sep 10 2024
# Start time: 20:40:32 on Jan 25,2026
# vlog -reportprogress 300 -sv -work presynth C:/prj/FrameReader/component/work/FrameRD/FrameRD.v 
# -- Compiling module FrameRD
# 
# Top level modules:
# 	FrameRD
# End time: 20:40:32 on Jan 25,2026, Elapsed time: 0:00:00
# Errors: 0, Warnings: 0
# QuestaSim Pro Microchip Edition-64 vlog 2024.3 Compiler 2024.09 Sep 10 2024
# Start time: 20:40:32 on Jan 25,2026
# vlog -reportprogress 300 "+incdir+C:/prj/FrameReader/component/Actel/Simulation/CLK_GEN/1.0.1" "+incdir+C:/prj/FrameReader/component/work/CLK_GEN_C0" "+incdir+C:/prj/FrameReader/component/work/DDR_CLK" "+incdir+C:/prj/FrameReader/component/Actel/Simulation/PULSE_GEN/1.0.1" "+incdir+C:/prj/FrameReader/component/work/PULSE_GEN_C0" "+incdir+C:/prj/FrameReader/component/Actel/Simulation/RESET_GEN/1.0.1" "+incdir+C:/prj/FrameReader/component/work/RESET_GEN_C0" "+incdir+C:/prj/FrameReader/component/work/FrameRD_TB" -sv -work presynth C:/prj/FrameReader/component/Actel/Simulation/CLK_GEN/1.0.1/CLK_GEN.v 
# -- Compiling module CLK_GEN
# 
# Top level modules:
# 	CLK_GEN
# End time: 20:40:32 on Jan 25,2026, Elapsed time: 0:00:00
# Errors: 0, Warnings: 0
# QuestaSim Pro Microchip Edition-64 vlog 2024.3 Compiler 2024.09 Sep 10 2024
# Start time: 20:40:32 on Jan 25,2026
# vlog -reportprogress 300 "+incdir+C:/prj/FrameReader/component/Actel/Simulation/CLK_GEN/1.0.1" "+incdir+C:/prj/FrameReader/component/work/CLK_GEN_C0" "+incdir+C:/prj/FrameReader/component/work/DDR_CLK" "+incdir+C:/prj/FrameReader/component/Actel/Simulation/PULSE_GEN/1.0.1" "+incdir+C:/prj/FrameReader/component/work/PULSE_GEN_C0" "+incdir+C:/prj/FrameReader/component/Actel/Simulation/RESET_GEN/1.0.1" "+incdir+C:/prj/FrameReader/component/work/RESET_GEN_C0" "+incdir+C:/prj/FrameReader/component/work/FrameRD_TB" -sv -work presynth C:/prj/FrameReader/component/work/CLK_GEN_C0/CLK_GEN_C0.v 
# -- Compiling module CLK_GEN_C0
# 
# Top level modules:
# 	CLK_GEN_C0
# End time: 20:40:32 on Jan 25,2026, Elapsed time: 0:00:00
# Errors: 0, Warnings: 0
# QuestaSim Pro Microchip Edition-64 vlog 2024.3 Compiler 2024.09 Sep 10 2024
# Start time: 20:40:32 on Jan 25,2026
# vlog -reportprogress 300 "+incdir+C:/prj/FrameReader/component/Actel/Simulation/CLK_GEN/1.0.1" "+incdir+C:/prj/FrameReader/component/work/CLK_GEN_C0" "+incdir+C:/prj/FrameReader/component/work/DDR_CLK" "+incdir+C:/prj/FrameReader/component/Actel/Simulation/PULSE_GEN/1.0.1" "+incdir+C:/prj/FrameReader/component/work/PULSE_GEN_C0" "+incdir+C:/prj/FrameReader/component/Actel/Simulation/RESET_GEN/1.0.1" "+incdir+C:/prj/FrameReader/component/work/RESET_GEN_C0" "+incdir+C:/prj/FrameReader/component/work/FrameRD_TB" -sv -work presynth C:/prj/FrameReader/component/work/DDR_CLK/DDR_CLK.v 
# -- Compiling module DDR_CLK
# 
# Top level modules:
# 	DDR_CLK
# End time: 20:40:33 on Jan 25,2026, Elapsed time: 0:00:01
# Errors: 0, Warnings: 0
# QuestaSim Pro Microchip Edition-64 vlog 2024.3 Compiler 2024.09 Sep 10 2024
# Start time: 20:40:33 on Jan 25,2026
# vlog -reportprogress 300 "+incdir+C:/prj/FrameReader/component/Actel/Simulation/CLK_GEN/1.0.1" "+incdir+C:/prj/FrameReader/component/work/CLK_GEN_C0" "+incdir+C:/prj/FrameReader/component/work/DDR_CLK" "+incdir+C:/prj/FrameReader/component/Actel/Simulation/PULSE_GEN/1.0.1" "+incdir+C:/prj/FrameReader/component/work/PULSE_GEN_C0" "+incdir+C:/prj/FrameReader/component/Actel/Simulation/RESET_GEN/1.0.1" "+incdir+C:/prj/FrameReader/component/work/RESET_GEN_C0" "+incdir+C:/prj/FrameReader/component/work/FrameRD_TB" -sv -work presynth C:/prj/FrameReader/component/Actel/Simulation/PULSE_GEN/1.0.1/PULSE_GEN.v 
# -- Compiling module PULSE_GEN
# 
# Top level modules:
# 	PULSE_GEN
# End time: 20:40:33 on Jan 25,2026, Elapsed time: 0:00:00
# Errors: 0, Warnings: 0
# QuestaSim Pro Microchip Edition-64 vlog 2024.3 Compiler 2024.09 Sep 10 2024
# Start time: 20:40:33 on Jan 25,2026
# vlog -reportprogress 300 "+incdir+C:/prj/FrameReader/component/Actel/Simulation/CLK_GEN/1.0.1" "+incdir+C:/prj/FrameReader/component/work/CLK_GEN_C0" "+incdir+C:/prj/FrameReader/component/work/DDR_CLK" "+incdir+C:/prj/FrameReader/component/Actel/Simulation/PULSE_GEN/1.0.1" "+incdir+C:/prj/FrameReader/component/work/PULSE_GEN_C0" "+incdir+C:/prj/FrameReader/component/Actel/Simulation/RESET_GEN/1.0.1" "+incdir+C:/prj/FrameReader/component/work/RESET_GEN_C0" "+incdir+C:/prj/FrameReader/component/work/FrameRD_TB" -sv -work presynth C:/prj/FrameReader/component/work/PULSE_GEN_C0/PULSE_GEN_C0.v 
# -- Compiling module PULSE_GEN_C0
# 
# Top level modules:
# 	PULSE_GEN_C0
# End time: 20:40:33 on Jan 25,2026, Elapsed time: 0:00:00
# Errors: 0, Warnings: 0
# QuestaSim Pro Microchip Edition-64 vlog 2024.3 Compiler 2024.09 Sep 10 2024
# Start time: 20:40:33 on Jan 25,2026
# vlog -reportprogress 300 "+incdir+C:/prj/FrameReader/component/Actel/Simulation/CLK_GEN/1.0.1" "+incdir+C:/prj/FrameReader/component/work/CLK_GEN_C0" "+incdir+C:/prj/FrameReader/component/work/DDR_CLK" "+incdir+C:/prj/FrameReader/component/Actel/Simulation/PULSE_GEN/1.0.1" "+incdir+C:/prj/FrameReader/component/work/PULSE_GEN_C0" "+incdir+C:/prj/FrameReader/component/Actel/Simulation/RESET_GEN/1.0.1" "+incdir+C:/prj/FrameReader/component/work/RESET_GEN_C0" "+incdir+C:/prj/FrameReader/component/work/FrameRD_TB" -sv -work presynth C:/prj/FrameReader/component/Actel/Simulation/RESET_GEN/1.0.1/RESET_GEN.v 
# -- Compiling module RESET_GEN
# 
# Top level modules:
# 	RESET_GEN
# End time: 20:40:33 on Jan 25,2026, Elapsed time: 0:00:00
# Errors: 0, Warnings: 0
# QuestaSim Pro Microchip Edition-64 vlog 2024.3 Compiler 2024.09 Sep 10 2024
# Start time: 20:40:33 on Jan 25,2026
# vlog -reportprogress 300 "+incdir+C:/prj/FrameReader/component/Actel/Simulation/CLK_GEN/1.0.1" "+incdir+C:/prj/FrameReader/component/work/CLK_GEN_C0" "+incdir+C:/prj/FrameReader/component/work/DDR_CLK" "+incdir+C:/prj/FrameReader/component/Actel/Simulation/PULSE_GEN/1.0.1" "+incdir+C:/prj/FrameReader/component/work/PULSE_GEN_C0" "+incdir+C:/prj/FrameReader/component/Actel/Simulation/RESET_GEN/1.0.1" "+incdir+C:/prj/FrameReader/component/work/RESET_GEN_C0" "+incdir+C:/prj/FrameReader/component/work/FrameRD_TB" -sv -work presynth C:/prj/FrameReader/component/work/RESET_GEN_C0/RESET_GEN_C0.v 
# -- Compiling module RESET_GEN_C0
# 
# Top level modules:
# 	RESET_GEN_C0
# End time: 20:40:33 on Jan 25,2026, Elapsed time: 0:00:00
# Errors: 0, Warnings: 0
# QuestaSim Pro Microchip Edition-64 vlog 2024.3 Compiler 2024.09 Sep 10 2024
# Start time: 20:40:33 on Jan 25,2026
# vlog -reportprogress 300 "+incdir+C:/prj/FrameReader/component/Actel/Simulation/CLK_GEN/1.0.1" "+incdir+C:/prj/FrameReader/component/work/CLK_GEN_C0" "+incdir+C:/prj/FrameReader/component/work/DDR_CLK" "+incdir+C:/prj/FrameReader/component/Actel/Simulation/PULSE_GEN/1.0.1" "+incdir+C:/prj/FrameReader/component/work/PULSE_GEN_C0" "+incdir+C:/prj/FrameReader/component/Actel/Simulation/RESET_GEN/1.0.1" "+incdir+C:/prj/FrameReader/component/work/RESET_GEN_C0" "+incdir+C:/prj/FrameReader/component/work/FrameRD_TB" -sv -work presynth C:/prj/FrameReader/component/work/FrameRD_TB/FrameRD_TB.v 
# -- Compiling module FrameRD_TB
# 
# Top level modules:
# 	FrameRD_TB
# End time: 20:40:33 on Jan 25,2026, Elapsed time: 0:00:00
# Errors: 0, Warnings: 0
# vsim -voptargs="+acc" -L PolarFire -L presynth -t 1ps -displaymsgmode both presynth.FrameRD_TB 
# Start time: 20:40:33 on Jan 25,2026
# ** Note: (vsim-3813) Design is being optimized due to module recompilation...
# ** Warning: (vopt-10908) Some optimizations are turned off because the +acc switch is in effect.
# ** Note: (vopt-143) Recognized 1 FSM in module "DDR_read_controller(fast)".
# ** Note: (vsim-12126) Error and warning message counts have been restored: Errors=0, Warnings=1.
# Loading sv_std.std
# Loading work.FrameRD_TB(fast)
# Loading work.DDR_CLK(fast)
# Loading work.CLK_GEN(fast)
# Loading work.FrameRD(fast)
# Loading PolarFire.AND2(fast)
# Loading PolarFire.CFG2(fast)
# Loading work.DDR_AXI4_ARBITER_PF_C0(fast)
# Loading work.DDR_AXI4_ARBITER_PF(fast)
# Loading work.AXI4_S_IF(fast)
# Loading work.AXI4_M_M_IF(fast)
# Loading work.DDR_AXI4_ARBITER_PF_Native(fast)
# Loading work.ddr_rw_arbiter(fast)
# Loading work.ddr_rw_arbiter_C0_ddr_rw_arbiter_C0_0_video_axi_fifo(fast)
# Loading work.ddr_rw_arbiter_C0_ddr_rw_arbiter_C0_0_ram_wrapper(fast)
# Loading work.ddr_rw_arbiter_C0_ddr_rw_arbiter_C0_0_LSRAM_top(fast)
# Loading work.ddr_rw_arbiter_C0_ddr_rw_arbiter_C0_0_corefifo_fwft(fast)
# Loading work.ddr_rw_arbiter_C0_ddr_rw_arbiter_C0_0_corefifo_sync_scntr(fast)
# Loading work.ddr_rw_arbiter_C0_ddr_rw_arbiter_C0_0_video_axi_fifo(fast__1)
# Loading work.ddr_rw_arbiter_C0_ddr_rw_arbiter_C0_0_ram_wrapper(fast__1)
# Loading work.ddr_rw_arbiter_C0_ddr_rw_arbiter_C0_0_LSRAM_top(fast__1)
# Loading work.ddr_rw_arbiter_C0_ddr_rw_arbiter_C0_0_corefifo_fwft(fast__1)
# Loading work.ddr_rw_arbiter_C0_ddr_rw_arbiter_C0_0_corefifo_sync_scntr(fast__1)
# Loading work.read_top(fast)
# Loading work.write_top(fast)
# Loading work.DDR_Read(fast)
# Loading work.Arbiter_Initiator_Rd_IF(fast)
# Loading work.DDR_Read_Native(fast)
# Loading work.DDR_read_controller(fast)
# Loading work.DDR_READ_ASYMM_FIFO_DDR_READ_ASYMM_FIFO_0_COREFIFO(fast)
# Loading work.DDR_READ_ASYMM_FIFO_DDR_READ_ASYMM_FIFO_0_ram_wrapper(fast)
# Loading work.DDR_READ_ASYMM_FIFO_DDR_READ_ASYMM_FIFO_0_LSRAM_top(fast)
# Loading PolarFire.RAM1K20(fast)
# Loading PolarFire.RAM1K20_IP(fast)
# Loading PolarFire.RAM_DLY(fast)
# Loading PolarFire.ECC_PIPELINE(fast)
# Loading PolarFire.SLE_Prim(fast)
# Loading PolarFire.ECC_PIPELINE(fast__1)
# Loading PolarFire.SLE_Prim(fast__1)
# Loading PolarFire.ECC_PIPELINE(fast__2)
# Loading PolarFire.CFG1(fast)
# Loading PolarFire.OR2(fast)
# Loading PolarFire.CFG2(fast__1)
# Loading PolarFire.GND(fast)
# Loading PolarFire.VCC(fast)
# Loading work.DDR_READ_ASYMM_FIFO_DDR_READ_ASYMM_FIFO_0_corefifo_async(fast)
# Loading work.DDR_READ_ASYMM_FIFO_DDR_READ_ASYMM_FIFO_0_corefifo_nstagessync(fast)
# Loading work.DDR_READ_ASYMM_FIFO_DDR_READ_ASYMM_FIFO_0_corefifo_nstagessync(fast__1)
# Loading work.DDR_READ_ASYMM_FIFO_DDR_READ_ASYMM_FIFO_0_corefifo_graytobinconv(fast)
# Loading work.DDR_READ_ASYMM_FIFO_DDR_READ_ASYMM_FIFO_0_corefifo_graytobinconv(fast__1)
# Loading PolarFire.DFN1(fast)
# Loading PolarFire.SLE(fast)
# Loading work.Display_Controller_C0(fast)
# Loading work.Display_Controller(fast)
# Loading work.PF_SRAM_AHBL_AXI_C0(fast)
# Loading work.PF_SRAM_AHBL_AXI_C0_COREAXI4SRAM_0_COREAXI4SRAM(fast)
# Loading work.PF_SRAM_AHBL_AXI_C0_COREAXI4SRAM_0_CoreAXI4SRAM_MAINCTRL(fast)
# Loading work.PF_SRAM_AHBL_AXI_C0_COREAXI4SRAM_0_CoreAXI4SRAM_SLVIF(fast)
# Loading work.PF_SRAM_AHBL_AXI_C0_PF_TPSRAM_AHB_AXI_0_PF_TPSRAM(fast)
# Loading PolarFire.OR4(fast)
# Loading PolarFire.CFG4(fast)
# Loading PolarFire.RAM1K20(fast__1)
# Loading PolarFire.RAM1K20_IP(fast__1)
# Loading PolarFire.RAM1K20(fast__2)
# Loading PolarFire.RAM1K20_IP(fast__2)
# Loading PolarFire.RAM1K20(fast__3)
# Loading PolarFire.RAM1K20_IP(fast__3)
# Loading PolarFire.RAM1K20(fast__4)
# Loading PolarFire.RAM1K20_IP(fast__4)
# Loading PolarFire.RAM1K20(fast__5)
# Loading PolarFire.RAM1K20_IP(fast__5)
# Loading PolarFire.RAM1K20(fast__6)
# Loading PolarFire.RAM1K20_IP(fast__6)
# Loading PolarFire.RAM1K20(fast__7)
# Loading PolarFire.RAM1K20_IP(fast__7)
# Loading PolarFire.RAM1K20(fast__8)
# Loading PolarFire.RAM1K20_IP(fast__8)
# Loading work.CLK_GEN_C0(fast)
# Loading work.CLK_GEN(fast__1)
# Loading work.PULSE_GEN_C0(fast)
# Loading work.PULSE_GEN(fast)
# Loading work.RESET_GEN_C0(fast)
# Loading work.RESET_GEN(fast)
# Loading std.standard
# Loading std.textio(body)
# Loading ieee.std_logic_1164(body)
# Loading ieee.numeric_std(body)
# Loading ieee.std_logic_arith(body)
# Loading ieee.std_logic_unsigned(body)
# Loading work.read_demux(read_demux)#1
# Loading work.read_mux(read_mux)#1
# Loading work.request_scheduler(request_scheduler)#1
# Loading work.write_demux(write_demux)#1
# Loading work.write_mux(write_mux)#1
# Break key hit
# Simulation stop requested.
add wave -position insertpoint sim:/FrameRD_TB/FrameRD_0/DDR_Read_0/genblk1/DDR_Read_Native_6/*
add wave -position insertpoint sim:/FrameRD_TB/FrameRD_0/DDR_Read_0/genblk1/DDR_Read_Native_6/*
quit -sim
# End time: 21:03:55 on Jan 25,2026, Elapsed time: 0:23:22
# Errors: 0, Warnings: 1
do run.do
# INFO: Simulation library presynth already exists
# QuestaSim Pro Microchip Edition-64 vmap 2024.3 Lib Mapping Utility 2024.09 Sep 10 2024
# vmap presynth presynth 
# Modifying modelsim.ini
# QuestaSim Pro Microchip Edition-64 vmap 2024.3 Lib Mapping Utility 2024.09 Sep 10 2024
# vmap PolarFire C:/Microchip/Libero_SoC_2025.1/Libero_SoC/Designer/lib/questasim/precompiled/vlog/polarfire 
# Modifying modelsim.ini
# QuestaSim Pro Microchip Edition-64 vlog 2024.3 Compiler 2024.09 Sep 10 2024
# Start time: 21:04:00 on Jan 25,2026
# vlog -reportprogress 300 -sv -work presynth C:/prj/FrameReader/component/Microchip/SolutionCore/DDR_AXI4_ARBITER_PF/2.2.0/RTL/AXI4_M_M_IF.v 
# -- Compiling module AXI4_M_M_IF
# 
# Top level modules:
# 	AXI4_M_M_IF
# End time: 21:04:00 on Jan 25,2026, Elapsed time: 0:00:00
# Errors: 0, Warnings: 0
# QuestaSim Pro Microchip Edition-64 vlog 2024.3 Compiler 2024.09 Sep 10 2024
# Start time: 21:04:00 on Jan 25,2026
# vlog -reportprogress 300 -sv -work presynth C:/prj/FrameReader/component/Microchip/SolutionCore/DDR_AXI4_ARBITER_PF/2.2.0/RTL/AXI4_S_IF.v 
# -- Compiling module AXI4_S_IF
# 
# Top level modules:
# 	AXI4_S_IF
# End time: 21:04:00 on Jan 25,2026, Elapsed time: 0:00:00
# Errors: 0, Warnings: 0
# QuestaSim Pro Microchip Edition-64 vlog 2024.3 Compiler 2024.09 Sep 10 2024
# Start time: 21:04:00 on Jan 25,2026
# vlog -reportprogress 300 -sv -work presynth C:/prj/FrameReader/component/Microchip/SolutionCore/DDR_AXI4_ARBITER_PF/2.2.0/RTL/axi_lbus_corefifo_NstagesSync.v 
# -- Compiling module ddr_rw_arbiter_C0_ddr_rw_arbiter_C0_0_corefifo_NstagesSync
# 
# Top level modules:
# 	ddr_rw_arbiter_C0_ddr_rw_arbiter_C0_0_corefifo_NstagesSync
# End time: 21:04:00 on Jan 25,2026, Elapsed time: 0:00:00
# Errors: 0, Warnings: 0
# QuestaSim Pro Microchip Edition-64 vlog 2024.3 Compiler 2024.09 Sep 10 2024
# Start time: 21:04:00 on Jan 25,2026
# vlog -reportprogress 300 -sv -work presynth C:/prj/FrameReader/component/Microchip/SolutionCore/DDR_AXI4_ARBITER_PF/2.2.0/RTL/axi_lbus_corefifo_grayToBinConv.v 
# -- Compiling module ddr_rw_arbiter_C0_ddr_rw_arbiter_C0_0_corefifo_grayToBinConv
# 
# Top level modules:
# 	ddr_rw_arbiter_C0_ddr_rw_arbiter_C0_0_corefifo_grayToBinConv
# End time: 21:04:00 on Jan 25,2026, Elapsed time: 0:00:00
# Errors: 0, Warnings: 0
# QuestaSim Pro Microchip Edition-64 vlog 2024.3 Compiler 2024.09 Sep 10 2024
# Start time: 21:04:00 on Jan 25,2026
# vlog -reportprogress 300 -sv -work presynth C:/prj/FrameReader/component/Microchip/SolutionCore/DDR_AXI4_ARBITER_PF/2.2.0/RTL/axi_lbus_corefifo_async.v 
# -- Compiling module ddr_rw_arbiter_C0_ddr_rw_arbiter_C0_0_corefifo_async
# 
# Top level modules:
# 	ddr_rw_arbiter_C0_ddr_rw_arbiter_C0_0_corefifo_async
# End time: 21:04:00 on Jan 25,2026, Elapsed time: 0:00:00
# Errors: 0, Warnings: 0
# QuestaSim Pro Microchip Edition-64 vlog 2024.3 Compiler 2024.09 Sep 10 2024
# Start time: 21:04:00 on Jan 25,2026
# vlog -reportprogress 300 -sv -work presynth C:/prj/FrameReader/component/Microchip/SolutionCore/DDR_AXI4_ARBITER_PF/2.2.0/RTL/axi_lbus_corefifo_resetSync.v 
# -- Compiling module ddr_rw_arbiter_C0_ddr_rw_arbiter_C0_0_corefifo_resetSync
# 
# Top level modules:
# 	ddr_rw_arbiter_C0_ddr_rw_arbiter_C0_0_corefifo_resetSync
# End time: 21:04:01 on Jan 25,2026, Elapsed time: 0:00:01
# Errors: 0, Warnings: 0
# QuestaSim Pro Microchip Edition-64 vlog 2024.3 Compiler 2024.09 Sep 10 2024
# Start time: 21:04:01 on Jan 25,2026
# vlog -reportprogress 300 -sv -work presynth C:/prj/FrameReader/component/Microchip/SolutionCore/DDR_AXI4_ARBITER_PF/2.2.0/RTL/axi_lbus_corefifo_sync.v 
# -- Compiling module ddr_rw_arbiter_C0_ddr_rw_arbiter_C0_0_corefifo_sync
# 
# Top level modules:
# 	ddr_rw_arbiter_C0_ddr_rw_arbiter_C0_0_corefifo_sync
# End time: 21:04:01 on Jan 25,2026, Elapsed time: 0:00:00
# Errors: 0, Warnings: 0
# QuestaSim Pro Microchip Edition-64 vlog 2024.3 Compiler 2024.09 Sep 10 2024
# Start time: 21:04:01 on Jan 25,2026
# vlog -reportprogress 300 -sv -work presynth C:/prj/FrameReader/component/Microchip/SolutionCore/DDR_AXI4_ARBITER_PF/2.2.0/RTL/axi_lbus_corefifo_fwft.v 
# -- Compiling module ddr_rw_arbiter_C0_ddr_rw_arbiter_C0_0_corefifo_fwft
# 
# Top level modules:
# 	ddr_rw_arbiter_C0_ddr_rw_arbiter_C0_0_corefifo_fwft
# End time: 21:04:01 on Jan 25,2026, Elapsed time: 0:00:00
# Errors: 0, Warnings: 0
# QuestaSim Pro Microchip Edition-64 vlog 2024.3 Compiler 2024.09 Sep 10 2024
# Start time: 21:04:01 on Jan 25,2026
# vlog -reportprogress 300 -sv -work presynth C:/prj/FrameReader/component/Microchip/SolutionCore/DDR_AXI4_ARBITER_PF/2.2.0/RTL/axi_lbus_corefifo_sync_scntr.v 
# -- Compiling module ddr_rw_arbiter_C0_ddr_rw_arbiter_C0_0_corefifo_sync_scntr
# 
# Top level modules:
# 	ddr_rw_arbiter_C0_ddr_rw_arbiter_C0_0_corefifo_sync_scntr
# End time: 21:04:01 on Jan 25,2026, Elapsed time: 0:00:00
# Errors: 0, Warnings: 0
# QuestaSim Pro Microchip Edition-64 vlog 2024.3 Compiler 2024.09 Sep 10 2024
# Start time: 21:04:01 on Jan 25,2026
# vlog -reportprogress 300 -sv -work presynth C:/prj/FrameReader/component/Microchip/SolutionCore/DDR_AXI4_ARBITER_PF/2.2.0/RTL/axi_lbus_LSRAM_top.v 
# -- Compiling module ddr_rw_arbiter_C0_ddr_rw_arbiter_C0_0_LSRAM_top
# 
# Top level modules:
# 	ddr_rw_arbiter_C0_ddr_rw_arbiter_C0_0_LSRAM_top
# End time: 21:04:01 on Jan 25,2026, Elapsed time: 0:00:00
# Errors: 0, Warnings: 0
# QuestaSim Pro Microchip Edition-64 vlog 2024.3 Compiler 2024.09 Sep 10 2024
# Start time: 21:04:01 on Jan 25,2026
# vlog -reportprogress 300 -sv -work presynth C:/prj/FrameReader/component/Microchip/SolutionCore/DDR_AXI4_ARBITER_PF/2.2.0/RTL/axi_lbus_ram_wrapper.v 
# -- Compiling module ddr_rw_arbiter_C0_ddr_rw_arbiter_C0_0_ram_wrapper
# 
# Top level modules:
# 	ddr_rw_arbiter_C0_ddr_rw_arbiter_C0_0_ram_wrapper
# End time: 21:04:01 on Jan 25,2026, Elapsed time: 0:00:00
# Errors: 0, Warnings: 0
# QuestaSim Pro Microchip Edition-64 vlog 2024.3 Compiler 2024.09 Sep 10 2024
# Start time: 21:04:01 on Jan 25,2026
# vlog -reportprogress 300 -sv -work presynth C:/prj/FrameReader/component/Microchip/SolutionCore/DDR_AXI4_ARBITER_PF/2.2.0/RTL/video_axi_fifo.v 
# -- Compiling module ddr_rw_arbiter_C0_ddr_rw_arbiter_C0_0_video_axi_fifo
# 
# Top level modules:
# 	ddr_rw_arbiter_C0_ddr_rw_arbiter_C0_0_video_axi_fifo
# End time: 21:04:01 on Jan 25,2026, Elapsed time: 0:00:00
# Errors: 0, Warnings: 0
# QuestaSim Pro Microchip Edition-64 vlog 2024.3 Compiler 2024.09 Sep 10 2024
# Start time: 21:04:01 on Jan 25,2026
# vlog -reportprogress 300 -sv -work presynth C:/prj/FrameReader/component/Microchip/SolutionCore/DDR_AXI4_ARBITER_PF/2.2.0/RTL/ddr_rw_arbiter.v 
# -- Compiling module ddr_rw_arbiter
# 
# Top level modules:
# 	ddr_rw_arbiter
# End time: 21:04:01 on Jan 25,2026, Elapsed time: 0:00:00
# Errors: 0, Warnings: 0
# QuestaSim Pro Microchip Edition-64 vcom 2024.3 Compiler 2024.09 Sep 10 2024
# Start time: 21:04:02 on Jan 25,2026
# vcom -reportprogress 300 -2008 -explicit -work presynth C:/prj/FrameReader/component/Microchip/SolutionCore/DDR_AXI4_ARBITER_PF/2.2.0/RTL/write_mux.vhd 
# -- Loading package STANDARD
# -- Loading package TEXTIO
# -- Loading package std_logic_1164
# -- Loading package NUMERIC_STD
# -- Loading package std_logic_arith
# -- Loading package STD_LOGIC_UNSIGNED
# -- Compiling entity write_mux
# -- Compiling architecture write_mux of write_mux
# End time: 21:04:02 on Jan 25,2026, Elapsed time: 0:00:00
# Errors: 0, Warnings: 0
# QuestaSim Pro Microchip Edition-64 vcom 2024.3 Compiler 2024.09 Sep 10 2024
# Start time: 21:04:02 on Jan 25,2026
# vcom -reportprogress 300 -2008 -explicit -work presynth C:/prj/FrameReader/component/Microchip/SolutionCore/DDR_AXI4_ARBITER_PF/2.2.0/RTL/request_scheduler.vhd 
# -- Loading package STANDARD
# -- Loading package TEXTIO
# -- Loading package std_logic_1164
# -- Loading package NUMERIC_STD
# -- Loading package std_logic_arith
# -- Loading package STD_LOGIC_UNSIGNED
# -- Compiling entity request_scheduler
# -- Compiling architecture request_scheduler of request_scheduler
# End time: 21:04:02 on Jan 25,2026, Elapsed time: 0:00:00
# Errors: 0, Warnings: 0
# QuestaSim Pro Microchip Edition-64 vcom 2024.3 Compiler 2024.09 Sep 10 2024
# Start time: 21:04:02 on Jan 25,2026
# vcom -reportprogress 300 -2008 -explicit -work presynth C:/prj/FrameReader/component/Microchip/SolutionCore/DDR_AXI4_ARBITER_PF/2.2.0/RTL/write_demux.vhd 
# -- Loading package STANDARD
# -- Loading package TEXTIO
# -- Loading package std_logic_1164
# -- Loading package NUMERIC_STD
# -- Loading package std_logic_arith
# -- Loading package STD_LOGIC_UNSIGNED
# -- Compiling entity write_demux
# -- Compiling architecture write_demux of write_demux
# End time: 21:04:02 on Jan 25,2026, Elapsed time: 0:00:00
# Errors: 0, Warnings: 0
# QuestaSim Pro Microchip Edition-64 vlog 2024.3 Compiler 2024.09 Sep 10 2024
# Start time: 21:04:02 on Jan 25,2026
# vlog -reportprogress 300 -sv -work presynth C:/prj/FrameReader/component/Microchip/SolutionCore/DDR_AXI4_ARBITER_PF/2.2.0/RTL/write_top.v 
# -- Compiling module write_top
# 
# Top level modules:
# 	write_top
# End time: 21:04:02 on Jan 25,2026, Elapsed time: 0:00:00
# Errors: 0, Warnings: 0
# QuestaSim Pro Microchip Edition-64 vcom 2024.3 Compiler 2024.09 Sep 10 2024
# Start time: 21:04:02 on Jan 25,2026
# vcom -reportprogress 300 -2008 -explicit -work presynth C:/prj/FrameReader/component/Microchip/SolutionCore/DDR_AXI4_ARBITER_PF/2.2.0/RTL/read_demux.vhd 
# -- Loading package STANDARD
# -- Loading package TEXTIO
# -- Loading package std_logic_1164
# -- Loading package NUMERIC_STD
# -- Loading package std_logic_arith
# -- Loading package STD_LOGIC_UNSIGNED
# -- Compiling entity read_demux
# -- Compiling architecture read_demux of read_demux
# End time: 21:04:02 on Jan 25,2026, Elapsed time: 0:00:00
# Errors: 0, Warnings: 0
# QuestaSim Pro Microchip Edition-64 vcom 2024.3 Compiler 2024.09 Sep 10 2024
# Start time: 21:04:02 on Jan 25,2026
# vcom -reportprogress 300 -2008 -explicit -work presynth C:/prj/FrameReader/component/Microchip/SolutionCore/DDR_AXI4_ARBITER_PF/2.2.0/RTL/read_mux.vhd 
# -- Loading package STANDARD
# -- Loading package TEXTIO
# -- Loading package std_logic_1164
# -- Compiling entity read_mux
# -- Compiling architecture read_mux of read_mux
# End time: 21:04:02 on Jan 25,2026, Elapsed time: 0:00:00
# Errors: 0, Warnings: 0
# QuestaSim Pro Microchip Edition-64 vlog 2024.3 Compiler 2024.09 Sep 10 2024
# Start time: 21:04:02 on Jan 25,2026
# vlog -reportprogress 300 -sv -work presynth C:/prj/FrameReader/component/Microchip/SolutionCore/DDR_AXI4_ARBITER_PF/2.2.0/RTL/read_top.v 
# -- Compiling module read_top
# 
# Top level modules:
# 	read_top
# End time: 21:04:02 on Jan 25,2026, Elapsed time: 0:00:00
# Errors: 0, Warnings: 0
# QuestaSim Pro Microchip Edition-64 vlog 2024.3 Compiler 2024.09 Sep 10 2024
# Start time: 21:04:03 on Jan 25,2026
# vlog -reportprogress 300 -sv -work presynth C:/prj/FrameReader/component/Microchip/SolutionCore/DDR_AXI4_ARBITER_PF/2.2.0/RTL/DDR_AXI4_ARBITER_PF_Native.v 
# -- Compiling module DDR_AXI4_ARBITER_PF_Native
# 
# Top level modules:
# 	DDR_AXI4_ARBITER_PF_Native
# End time: 21:04:03 on Jan 25,2026, Elapsed time: 0:00:00
# Errors: 0, Warnings: 0
# QuestaSim Pro Microchip Edition-64 vlog 2024.3 Compiler 2024.09 Sep 10 2024
# Start time: 21:04:03 on Jan 25,2026
# vlog -reportprogress 300 -sv -work presynth C:/prj/FrameReader/component/Microchip/SolutionCore/DDR_AXI4_ARBITER_PF/2.2.0/RTL/DDR_AXI4_ARBITER_PF.v 
# -- Compiling module DDR_AXI4_ARBITER_PF
# 
# Top level modules:
# 	DDR_AXI4_ARBITER_PF
# End time: 21:04:03 on Jan 25,2026, Elapsed time: 0:00:00
# Errors: 0, Warnings: 0
# QuestaSim Pro Microchip Edition-64 vlog 2024.3 Compiler 2024.09 Sep 10 2024
# Start time: 21:04:03 on Jan 25,2026
# vlog -reportprogress 300 -sv -work presynth C:/prj/FrameReader/component/work/DDR_AXI4_ARBITER_PF_C0/DDR_AXI4_ARBITER_PF_C0.v 
# -- Compiling module DDR_AXI4_ARBITER_PF_C0
# 
# Top level modules:
# 	DDR_AXI4_ARBITER_PF_C0
# End time: 21:04:03 on Jan 25,2026, Elapsed time: 0:00:00
# Errors: 0, Warnings: 0
# QuestaSim Pro Microchip Edition-64 vlog 2024.3 Compiler 2024.09 Sep 10 2024
# Start time: 21:04:03 on Jan 25,2026
# vlog -reportprogress 300 -sv -work presynth C:/prj/FrameReader/component/Microchip/SolutionCore/Display_Controller/5.0.0/Encrypted/display_controller.v 
# -- Compiling module Display_Controller
# ** Warning: C:/prj/FrameReader/component/Microchip/SolutionCore/Display_Controller/5.0.0/Encrypted/display_controller.v(216): (vlog-14157) Protect keyword "data_keyowner" is not supported and will have no effect.
# ** Warning: C:/prj/FrameReader/component/Microchip/SolutionCore/Display_Controller/5.0.0/Encrypted/display_controller.v(216): (vlog-14157) Protect keyword "data_keyname" is not supported and will have no effect.
# 
# Top level modules:
# 	Display_Controller
# End time: 21:04:03 on Jan 25,2026, Elapsed time: 0:00:00
# Errors: 0, Warnings: 2
# QuestaSim Pro Microchip Edition-64 vlog 2024.3 Compiler 2024.09 Sep 10 2024
# Start time: 21:04:03 on Jan 25,2026
# vlog -reportprogress 300 -sv -work presynth C:/prj/FrameReader/component/work/Display_Controller_C0/Display_Controller_C0.v 
# -- Compiling module Display_Controller_C0
# 
# Top level modules:
# 	Display_Controller_C0
# End time: 21:04:03 on Jan 25,2026, Elapsed time: 0:00:00
# Errors: 0, Warnings: 0
# QuestaSim Pro Microchip Edition-64 vlog 2024.3 Compiler 2024.09 Sep 10 2024
# Start time: 21:04:03 on Jan 25,2026
# vlog -reportprogress 300 -sv -work presynth C:/prj/FrameReader/component/work/PF_SRAM_AHBL_AXI_C0/PF_TPSRAM_AHB_AXI_0/PF_SRAM_AHBL_AXI_C0_PF_TPSRAM_AHB_AXI_0_PF_TPSRAM.v 
# -- Compiling module PF_SRAM_AHBL_AXI_C0_PF_TPSRAM_AHB_AXI_0_PF_TPSRAM
# 
# Top level modules:
# 	PF_SRAM_AHBL_AXI_C0_PF_TPSRAM_AHB_AXI_0_PF_TPSRAM
# End time: 21:04:03 on Jan 25,2026, Elapsed time: 0:00:00
# Errors: 0, Warnings: 0
# QuestaSim Pro Microchip Edition-64 vlog 2024.3 Compiler 2024.09 Sep 10 2024
# Start time: 21:04:03 on Jan 25,2026
# vlog -reportprogress 300 -sv -work presynth C:/prj/FrameReader/component/work/PF_SRAM_AHBL_AXI_C0/COREAXI4SRAM_0/rtl/vlog/core/CoreAXI4SRAM_MAINCTRL_ECC.v 
# -- Compiling module PF_SRAM_AHBL_AXI_C0_COREAXI4SRAM_0_CoreAXI4SRAM_MAINCTRL_ECC
# 
# Top level modules:
# 	PF_SRAM_AHBL_AXI_C0_COREAXI4SRAM_0_CoreAXI4SRAM_MAINCTRL_ECC
# End time: 21:04:03 on Jan 25,2026, Elapsed time: 0:00:00
# Errors: 0, Warnings: 0
# QuestaSim Pro Microchip Edition-64 vlog 2024.3 Compiler 2024.09 Sep 10 2024
# Start time: 21:04:04 on Jan 25,2026
# vlog -reportprogress 300 -sv -work presynth C:/prj/FrameReader/component/work/PF_SRAM_AHBL_AXI_C0/COREAXI4SRAM_0/rtl/vlog/core/CoreAXI4SRAM_MAINCTRL.v 
# -- Compiling module PF_SRAM_AHBL_AXI_C0_COREAXI4SRAM_0_CoreAXI4SRAM_MAINCTRL
# 
# Top level modules:
# 	PF_SRAM_AHBL_AXI_C0_COREAXI4SRAM_0_CoreAXI4SRAM_MAINCTRL
# End time: 21:04:04 on Jan 25,2026, Elapsed time: 0:00:00
# Errors: 0, Warnings: 0
# QuestaSim Pro Microchip Edition-64 vlog 2024.3 Compiler 2024.09 Sep 10 2024
# Start time: 21:04:04 on Jan 25,2026
# vlog -reportprogress 300 -sv -work presynth C:/prj/FrameReader/component/work/PF_SRAM_AHBL_AXI_C0/COREAXI4SRAM_0/rtl/vlog/core/CoreAXI4SRAM_SLVIF.v 
# -- Compiling module PF_SRAM_AHBL_AXI_C0_COREAXI4SRAM_0_CoreAXI4SRAM_SLVIF
# 
# Top level modules:
# 	PF_SRAM_AHBL_AXI_C0_COREAXI4SRAM_0_CoreAXI4SRAM_SLVIF
# End time: 21:04:04 on Jan 25,2026, Elapsed time: 0:00:00
# Errors: 0, Warnings: 0
# QuestaSim Pro Microchip Edition-64 vlog 2024.3 Compiler 2024.09 Sep 10 2024
# Start time: 21:04:04 on Jan 25,2026
# vlog -reportprogress 300 -sv -work presynth C:/prj/FrameReader/component/work/PF_SRAM_AHBL_AXI_C0/COREAXI4SRAM_0/rtl/vlog/core/CoreAXI4SRAM.v 
# -- Compiling module PF_SRAM_AHBL_AXI_C0_COREAXI4SRAM_0_COREAXI4SRAM
# 
# Top level modules:
# 	PF_SRAM_AHBL_AXI_C0_COREAXI4SRAM_0_COREAXI4SRAM
# End time: 21:04:04 on Jan 25,2026, Elapsed time: 0:00:00
# Errors: 0, Warnings: 0
# QuestaSim Pro Microchip Edition-64 vlog 2024.3 Compiler 2024.09 Sep 10 2024
# Start time: 21:04:04 on Jan 25,2026
# vlog -reportprogress 300 -sv -work presynth C:/prj/FrameReader/component/work/PF_SRAM_AHBL_AXI_C0/PF_SRAM_AHBL_AXI_C0.v 
# -- Compiling module PF_SRAM_AHBL_AXI_C0
# 
# Top level modules:
# 	PF_SRAM_AHBL_AXI_C0
# End time: 21:04:04 on Jan 25,2026, Elapsed time: 0:00:00
# Errors: 0, Warnings: 0
# QuestaSim Pro Microchip Edition-64 vlog 2024.3 Compiler 2024.09 Sep 10 2024
# Start time: 21:04:04 on Jan 25,2026
# vlog -reportprogress 300 -sv -work presynth C:/prj/FrameReader/hdl/Arbiter_Initiator_Rd_IF.v 
# -- Compiling module Arbiter_Initiator_Rd_IF
# 
# Top level modules:
# 	Arbiter_Initiator_Rd_IF
# End time: 21:04:04 on Jan 25,2026, Elapsed time: 0:00:00
# Errors: 0, Warnings: 0
# QuestaSim Pro Microchip Edition-64 vlog 2024.3 Compiler 2024.09 Sep 10 2024
# Start time: 21:04:04 on Jan 25,2026
# vlog -reportprogress 300 -sv -work presynth C:/prj/FrameReader/hdl/corefifo_fwft.v 
# -- Compiling module DDR_READ_ASYMM_FIFO_DDR_READ_ASYMM_FIFO_0_corefifo_fwft
# 
# Top level modules:
# 	DDR_READ_ASYMM_FIFO_DDR_READ_ASYMM_FIFO_0_corefifo_fwft
# End time: 21:04:04 on Jan 25,2026, Elapsed time: 0:00:00
# Errors: 0, Warnings: 0
# QuestaSim Pro Microchip Edition-64 vlog 2024.3 Compiler 2024.09 Sep 10 2024
# Start time: 21:04:04 on Jan 25,2026
# vlog -reportprogress 300 -sv -work presynth C:/prj/FrameReader/hdl/corefifo_sync_scntr.v 
# -- Compiling module DDR_READ_ASYMM_FIFO_DDR_READ_ASYMM_FIFO_0_corefifo_sync_scntr
# 
# Top level modules:
# 	DDR_READ_ASYMM_FIFO_DDR_READ_ASYMM_FIFO_0_corefifo_sync_scntr
# End time: 21:04:04 on Jan 25,2026, Elapsed time: 0:00:00
# Errors: 0, Warnings: 0
# QuestaSim Pro Microchip Edition-64 vlog 2024.3 Compiler 2024.09 Sep 10 2024
# Start time: 21:04:04 on Jan 25,2026
# vlog -reportprogress 300 -sv -work presynth C:/prj/FrameReader/hdl/corefifo_sync.v 
# -- Compiling module DDR_READ_ASYMM_FIFO_DDR_READ_ASYMM_FIFO_0_corefifo_sync
# 
# Top level modules:
# 	DDR_READ_ASYMM_FIFO_DDR_READ_ASYMM_FIFO_0_corefifo_sync
# End time: 21:04:05 on Jan 25,2026, Elapsed time: 0:00:01
# Errors: 0, Warnings: 0
# QuestaSim Pro Microchip Edition-64 vlog 2024.3 Compiler 2024.09 Sep 10 2024
# Start time: 21:04:05 on Jan 25,2026
# vlog -reportprogress 300 -sv -work presynth C:/prj/FrameReader/hdl/corefifo_graytobinconv.v 
# -- Compiling module DDR_READ_ASYMM_FIFO_DDR_READ_ASYMM_FIFO_0_corefifo_graytobinconv
# 
# Top level modules:
# 	DDR_READ_ASYMM_FIFO_DDR_READ_ASYMM_FIFO_0_corefifo_graytobinconv
# End time: 21:04:05 on Jan 25,2026, Elapsed time: 0:00:00
# Errors: 0, Warnings: 0
# QuestaSim Pro Microchip Edition-64 vlog 2024.3 Compiler 2024.09 Sep 10 2024
# Start time: 21:04:05 on Jan 25,2026
# vlog -reportprogress 300 -sv -work presynth C:/prj/FrameReader/hdl/corefifo_nstagessync.v 
# -- Compiling module DDR_READ_ASYMM_FIFO_DDR_READ_ASYMM_FIFO_0_corefifo_nstagessync
# 
# Top level modules:
# 	DDR_READ_ASYMM_FIFO_DDR_READ_ASYMM_FIFO_0_corefifo_nstagessync
# End time: 21:04:05 on Jan 25,2026, Elapsed time: 0:00:00
# Errors: 0, Warnings: 0
# QuestaSim Pro Microchip Edition-64 vlog 2024.3 Compiler 2024.09 Sep 10 2024
# Start time: 21:04:05 on Jan 25,2026
# vlog -reportprogress 300 -sv -work presynth C:/prj/FrameReader/hdl/corefifo_async.v 
# -- Compiling module DDR_READ_ASYMM_FIFO_DDR_READ_ASYMM_FIFO_0_corefifo_async
# 
# Top level modules:
# 	DDR_READ_ASYMM_FIFO_DDR_READ_ASYMM_FIFO_0_corefifo_async
# End time: 21:04:05 on Jan 25,2026, Elapsed time: 0:00:00
# Errors: 0, Warnings: 0
# QuestaSim Pro Microchip Edition-64 vlog 2024.3 Compiler 2024.09 Sep 10 2024
# Start time: 21:04:05 on Jan 25,2026
# vlog -reportprogress 300 -sv -work presynth C:/prj/FrameReader/hdl/DDR_READ_ASYMM_FIFO_DDR_READ_ASYMM_FIFO_0_LSRAM_top.v 
# -- Compiling module DDR_READ_ASYMM_FIFO_DDR_READ_ASYMM_FIFO_0_LSRAM_top
# 
# Top level modules:
# 	DDR_READ_ASYMM_FIFO_DDR_READ_ASYMM_FIFO_0_LSRAM_top
# End time: 21:04:05 on Jan 25,2026, Elapsed time: 0:00:00
# Errors: 0, Warnings: 0
# QuestaSim Pro Microchip Edition-64 vlog 2024.3 Compiler 2024.09 Sep 10 2024
# Start time: 21:04:05 on Jan 25,2026
# vlog -reportprogress 300 -sv -work presynth C:/prj/FrameReader/hdl/DDR_READ_ASYMM_FIFO_DDR_READ_ASYMM_FIFO_0_ram_wrapper.v 
# -- Compiling module DDR_READ_ASYMM_FIFO_DDR_READ_ASYMM_FIFO_0_ram_wrapper
# 
# Top level modules:
# 	DDR_READ_ASYMM_FIFO_DDR_READ_ASYMM_FIFO_0_ram_wrapper
# End time: 21:04:05 on Jan 25,2026, Elapsed time: 0:00:00
# Errors: 0, Warnings: 0
# QuestaSim Pro Microchip Edition-64 vlog 2024.3 Compiler 2024.09 Sep 10 2024
# Start time: 21:04:05 on Jan 25,2026
# vlog -reportprogress 300 -sv -work presynth C:/prj/FrameReader/hdl/COREFIFO.v 
# -- Compiling module DDR_READ_ASYMM_FIFO_DDR_READ_ASYMM_FIFO_0_COREFIFO
# 
# Top level modules:
# 	DDR_READ_ASYMM_FIFO_DDR_READ_ASYMM_FIFO_0_COREFIFO
# End time: 21:04:05 on Jan 25,2026, Elapsed time: 0:00:00
# Errors: 0, Warnings: 0
# QuestaSim Pro Microchip Edition-64 vlog 2024.3 Compiler 2024.09 Sep 10 2024
# Start time: 21:04:05 on Jan 25,2026
# vlog -reportprogress 300 -sv -work presynth C:/prj/FrameReader/hdl/DDR_read_controller.v 
# -- Compiling module DDR_read_controller
# 
# Top level modules:
# 	DDR_read_controller
# End time: 21:04:06 on Jan 25,2026, Elapsed time: 0:00:01
# Errors: 0, Warnings: 0
# QuestaSim Pro Microchip Edition-64 vlog 2024.3 Compiler 2024.09 Sep 10 2024
# Start time: 21:04:06 on Jan 25,2026
# vlog -reportprogress 300 -sv -work presynth C:/prj/FrameReader/hdl/DDR_Read_Native.v 
# -- Compiling module DDR_Read_Native
# 
# Top level modules:
# 	DDR_Read_Native
# End time: 21:04:06 on Jan 25,2026, Elapsed time: 0:00:00
# Errors: 0, Warnings: 0
# QuestaSim Pro Microchip Edition-64 vlog 2024.3 Compiler 2024.09 Sep 10 2024
# Start time: 21:04:06 on Jan 25,2026
# vlog -reportprogress 300 -sv -work presynth C:/prj/FrameReader/hdl/DDR_Read.v 
# -- Compiling module DDR_Read
# 
# Top level modules:
# 	DDR_Read
# End time: 21:04:06 on Jan 25,2026, Elapsed time: 0:00:00
# Errors: 0, Warnings: 0
# QuestaSim Pro Microchip Edition-64 vlog 2024.3 Compiler 2024.09 Sep 10 2024
# Start time: 21:04:06 on Jan 25,2026
# vlog -reportprogress 300 -sv -work presynth C:/prj/FrameReader/component/work/FrameRD/FrameRD.v 
# -- Compiling module FrameRD
# 
# Top level modules:
# 	FrameRD
# End time: 21:04:06 on Jan 25,2026, Elapsed time: 0:00:00
# Errors: 0, Warnings: 0
# QuestaSim Pro Microchip Edition-64 vlog 2024.3 Compiler 2024.09 Sep 10 2024
# Start time: 21:04:06 on Jan 25,2026
# vlog -reportprogress 300 "+incdir+C:/prj/FrameReader/component/Actel/Simulation/CLK_GEN/1.0.1" "+incdir+C:/prj/FrameReader/component/work/CLK_GEN_C0" "+incdir+C:/prj/FrameReader/component/work/DDR_CLK" "+incdir+C:/prj/FrameReader/component/Actel/Simulation/PULSE_GEN/1.0.1" "+incdir+C:/prj/FrameReader/component/work/PULSE_GEN_C0" "+incdir+C:/prj/FrameReader/component/Actel/Simulation/RESET_GEN/1.0.1" "+incdir+C:/prj/FrameReader/component/work/RESET_GEN_C0" "+incdir+C:/prj/FrameReader/component/work/FrameRD_TB" -sv -work presynth C:/prj/FrameReader/component/Actel/Simulation/CLK_GEN/1.0.1/CLK_GEN.v 
# -- Compiling module CLK_GEN
# 
# Top level modules:
# 	CLK_GEN
# End time: 21:04:06 on Jan 25,2026, Elapsed time: 0:00:00
# Errors: 0, Warnings: 0
# QuestaSim Pro Microchip Edition-64 vlog 2024.3 Compiler 2024.09 Sep 10 2024
# Start time: 21:04:06 on Jan 25,2026
# vlog -reportprogress 300 "+incdir+C:/prj/FrameReader/component/Actel/Simulation/CLK_GEN/1.0.1" "+incdir+C:/prj/FrameReader/component/work/CLK_GEN_C0" "+incdir+C:/prj/FrameReader/component/work/DDR_CLK" "+incdir+C:/prj/FrameReader/component/Actel/Simulation/PULSE_GEN/1.0.1" "+incdir+C:/prj/FrameReader/component/work/PULSE_GEN_C0" "+incdir+C:/prj/FrameReader/component/Actel/Simulation/RESET_GEN/1.0.1" "+incdir+C:/prj/FrameReader/component/work/RESET_GEN_C0" "+incdir+C:/prj/FrameReader/component/work/FrameRD_TB" -sv -work presynth C:/prj/FrameReader/component/work/CLK_GEN_C0/CLK_GEN_C0.v 
# -- Compiling module CLK_GEN_C0
# 
# Top level modules:
# 	CLK_GEN_C0
# End time: 21:04:06 on Jan 25,2026, Elapsed time: 0:00:00
# Errors: 0, Warnings: 0
# QuestaSim Pro Microchip Edition-64 vlog 2024.3 Compiler 2024.09 Sep 10 2024
# Start time: 21:04:06 on Jan 25,2026
# vlog -reportprogress 300 "+incdir+C:/prj/FrameReader/component/Actel/Simulation/CLK_GEN/1.0.1" "+incdir+C:/prj/FrameReader/component/work/CLK_GEN_C0" "+incdir+C:/prj/FrameReader/component/work/DDR_CLK" "+incdir+C:/prj/FrameReader/component/Actel/Simulation/PULSE_GEN/1.0.1" "+incdir+C:/prj/FrameReader/component/work/PULSE_GEN_C0" "+incdir+C:/prj/FrameReader/component/Actel/Simulation/RESET_GEN/1.0.1" "+incdir+C:/prj/FrameReader/component/work/RESET_GEN_C0" "+incdir+C:/prj/FrameReader/component/work/FrameRD_TB" -sv -work presynth C:/prj/FrameReader/component/work/DDR_CLK/DDR_CLK.v 
# -- Compiling module DDR_CLK
# 
# Top level modules:
# 	DDR_CLK
# End time: 21:04:06 on Jan 25,2026, Elapsed time: 0:00:00
# Errors: 0, Warnings: 0
# QuestaSim Pro Microchip Edition-64 vlog 2024.3 Compiler 2024.09 Sep 10 2024
# Start time: 21:04:06 on Jan 25,2026
# vlog -reportprogress 300 "+incdir+C:/prj/FrameReader/component/Actel/Simulation/CLK_GEN/1.0.1" "+incdir+C:/prj/FrameReader/component/work/CLK_GEN_C0" "+incdir+C:/prj/FrameReader/component/work/DDR_CLK" "+incdir+C:/prj/FrameReader/component/Actel/Simulation/PULSE_GEN/1.0.1" "+incdir+C:/prj/FrameReader/component/work/PULSE_GEN_C0" "+incdir+C:/prj/FrameReader/component/Actel/Simulation/RESET_GEN/1.0.1" "+incdir+C:/prj/FrameReader/component/work/RESET_GEN_C0" "+incdir+C:/prj/FrameReader/component/work/FrameRD_TB" -sv -work presynth C:/prj/FrameReader/component/Actel/Simulation/PULSE_GEN/1.0.1/PULSE_GEN.v 
# -- Compiling module PULSE_GEN
# 
# Top level modules:
# 	PULSE_GEN
# End time: 21:04:07 on Jan 25,2026, Elapsed time: 0:00:01
# Errors: 0, Warnings: 0
# QuestaSim Pro Microchip Edition-64 vlog 2024.3 Compiler 2024.09 Sep 10 2024
# Start time: 21:04:07 on Jan 25,2026
# vlog -reportprogress 300 "+incdir+C:/prj/FrameReader/component/Actel/Simulation/CLK_GEN/1.0.1" "+incdir+C:/prj/FrameReader/component/work/CLK_GEN_C0" "+incdir+C:/prj/FrameReader/component/work/DDR_CLK" "+incdir+C:/prj/FrameReader/component/Actel/Simulation/PULSE_GEN/1.0.1" "+incdir+C:/prj/FrameReader/component/work/PULSE_GEN_C0" "+incdir+C:/prj/FrameReader/component/Actel/Simulation/RESET_GEN/1.0.1" "+incdir+C:/prj/FrameReader/component/work/RESET_GEN_C0" "+incdir+C:/prj/FrameReader/component/work/FrameRD_TB" -sv -work presynth C:/prj/FrameReader/component/work/PULSE_GEN_C0/PULSE_GEN_C0.v 
# -- Compiling module PULSE_GEN_C0
# 
# Top level modules:
# 	PULSE_GEN_C0
# End time: 21:04:07 on Jan 25,2026, Elapsed time: 0:00:00
# Errors: 0, Warnings: 0
# QuestaSim Pro Microchip Edition-64 vlog 2024.3 Compiler 2024.09 Sep 10 2024
# Start time: 21:04:07 on Jan 25,2026
# vlog -reportprogress 300 "+incdir+C:/prj/FrameReader/component/Actel/Simulation/CLK_GEN/1.0.1" "+incdir+C:/prj/FrameReader/component/work/CLK_GEN_C0" "+incdir+C:/prj/FrameReader/component/work/DDR_CLK" "+incdir+C:/prj/FrameReader/component/Actel/Simulation/PULSE_GEN/1.0.1" "+incdir+C:/prj/FrameReader/component/work/PULSE_GEN_C0" "+incdir+C:/prj/FrameReader/component/Actel/Simulation/RESET_GEN/1.0.1" "+incdir+C:/prj/FrameReader/component/work/RESET_GEN_C0" "+incdir+C:/prj/FrameReader/component/work/FrameRD_TB" -sv -work presynth C:/prj/FrameReader/component/Actel/Simulation/RESET_GEN/1.0.1/RESET_GEN.v 
# -- Compiling module RESET_GEN
# 
# Top level modules:
# 	RESET_GEN
# End time: 21:04:07 on Jan 25,2026, Elapsed time: 0:00:00
# Errors: 0, Warnings: 0
# QuestaSim Pro Microchip Edition-64 vlog 2024.3 Compiler 2024.09 Sep 10 2024
# Start time: 21:04:07 on Jan 25,2026
# vlog -reportprogress 300 "+incdir+C:/prj/FrameReader/component/Actel/Simulation/CLK_GEN/1.0.1" "+incdir+C:/prj/FrameReader/component/work/CLK_GEN_C0" "+incdir+C:/prj/FrameReader/component/work/DDR_CLK" "+incdir+C:/prj/FrameReader/component/Actel/Simulation/PULSE_GEN/1.0.1" "+incdir+C:/prj/FrameReader/component/work/PULSE_GEN_C0" "+incdir+C:/prj/FrameReader/component/Actel/Simulation/RESET_GEN/1.0.1" "+incdir+C:/prj/FrameReader/component/work/RESET_GEN_C0" "+incdir+C:/prj/FrameReader/component/work/FrameRD_TB" -sv -work presynth C:/prj/FrameReader/component/work/RESET_GEN_C0/RESET_GEN_C0.v 
# -- Compiling module RESET_GEN_C0
# 
# Top level modules:
# 	RESET_GEN_C0
# End time: 21:04:07 on Jan 25,2026, Elapsed time: 0:00:00
# Errors: 0, Warnings: 0
# QuestaSim Pro Microchip Edition-64 vlog 2024.3 Compiler 2024.09 Sep 10 2024
# Start time: 21:04:07 on Jan 25,2026
# vlog -reportprogress 300 "+incdir+C:/prj/FrameReader/component/Actel/Simulation/CLK_GEN/1.0.1" "+incdir+C:/prj/FrameReader/component/work/CLK_GEN_C0" "+incdir+C:/prj/FrameReader/component/work/DDR_CLK" "+incdir+C:/prj/FrameReader/component/Actel/Simulation/PULSE_GEN/1.0.1" "+incdir+C:/prj/FrameReader/component/work/PULSE_GEN_C0" "+incdir+C:/prj/FrameReader/component/Actel/Simulation/RESET_GEN/1.0.1" "+incdir+C:/prj/FrameReader/component/work/RESET_GEN_C0" "+incdir+C:/prj/FrameReader/component/work/FrameRD_TB" -sv -work presynth C:/prj/FrameReader/component/work/FrameRD_TB/FrameRD_TB.v 
# -- Compiling module FrameRD_TB
# 
# Top level modules:
# 	FrameRD_TB
# End time: 21:04:07 on Jan 25,2026, Elapsed time: 0:00:00
# Errors: 0, Warnings: 0
# vsim -voptargs="+acc" -L PolarFire -L presynth -t 1ps -displaymsgmode both presynth.FrameRD_TB 
# Start time: 21:04:07 on Jan 25,2026
# ** Note: (vsim-3813) Design is being optimized due to module recompilation...
# ** Warning: (vopt-10908) Some optimizations are turned off because the +acc switch is in effect.
# ** Note: (vsim-12126) Error and warning message counts have been restored: Errors=0, Warnings=1.
# Loading sv_std.std
# Loading work.FrameRD_TB(fast)
# Loading work.DDR_CLK(fast)
# Loading work.CLK_GEN(fast)
# Loading work.FrameRD(fast)
# Loading PolarFire.AND2(fast)
# Loading PolarFire.CFG2(fast)
# Loading work.DDR_AXI4_ARBITER_PF_C0(fast)
# Loading work.DDR_AXI4_ARBITER_PF(fast)
# Loading work.AXI4_S_IF(fast)
# Loading work.AXI4_M_M_IF(fast)
# Loading work.DDR_AXI4_ARBITER_PF_Native(fast)
# Loading work.ddr_rw_arbiter(fast)
# Loading work.ddr_rw_arbiter_C0_ddr_rw_arbiter_C0_0_video_axi_fifo(fast)
# Loading work.ddr_rw_arbiter_C0_ddr_rw_arbiter_C0_0_ram_wrapper(fast)
# Loading work.ddr_rw_arbiter_C0_ddr_rw_arbiter_C0_0_LSRAM_top(fast)
# Loading work.ddr_rw_arbiter_C0_ddr_rw_arbiter_C0_0_corefifo_fwft(fast)
# Loading work.ddr_rw_arbiter_C0_ddr_rw_arbiter_C0_0_corefifo_sync_scntr(fast)
# Loading work.ddr_rw_arbiter_C0_ddr_rw_arbiter_C0_0_video_axi_fifo(fast__1)
# Loading work.ddr_rw_arbiter_C0_ddr_rw_arbiter_C0_0_ram_wrapper(fast__1)
# Loading work.ddr_rw_arbiter_C0_ddr_rw_arbiter_C0_0_LSRAM_top(fast__1)
# Loading work.ddr_rw_arbiter_C0_ddr_rw_arbiter_C0_0_corefifo_fwft(fast__1)
# Loading work.ddr_rw_arbiter_C0_ddr_rw_arbiter_C0_0_corefifo_sync_scntr(fast__1)
# Loading work.read_top(fast)
# Loading work.write_top(fast)
# Loading work.DDR_Read(fast)
# Loading work.Arbiter_Initiator_Rd_IF(fast)
# Loading work.DDR_Read_Native(fast)
# Loading work.DDR_read_controller(fast)
# Loading work.DDR_READ_ASYMM_FIFO_DDR_READ_ASYMM_FIFO_0_COREFIFO(fast)
# Loading work.DDR_READ_ASYMM_FIFO_DDR_READ_ASYMM_FIFO_0_ram_wrapper(fast)
# Loading work.DDR_READ_ASYMM_FIFO_DDR_READ_ASYMM_FIFO_0_LSRAM_top(fast)
# Loading PolarFire.RAM1K20(fast)
# Loading PolarFire.RAM1K20_IP(fast)
# Loading PolarFire.RAM_DLY(fast)
# Loading PolarFire.ECC_PIPELINE(fast)
# Loading PolarFire.SLE_Prim(fast)
# Loading PolarFire.ECC_PIPELINE(fast__1)
# Loading PolarFire.SLE_Prim(fast__1)
# Loading PolarFire.ECC_PIPELINE(fast__2)
# Loading PolarFire.CFG1(fast)
# Loading PolarFire.OR2(fast)
# Loading PolarFire.CFG2(fast__1)
# Loading PolarFire.GND(fast)
# Loading PolarFire.VCC(fast)
# Loading work.DDR_READ_ASYMM_FIFO_DDR_READ_ASYMM_FIFO_0_corefifo_async(fast)
# Loading work.DDR_READ_ASYMM_FIFO_DDR_READ_ASYMM_FIFO_0_corefifo_nstagessync(fast)
# Loading work.DDR_READ_ASYMM_FIFO_DDR_READ_ASYMM_FIFO_0_corefifo_nstagessync(fast__1)
# Loading work.DDR_READ_ASYMM_FIFO_DDR_READ_ASYMM_FIFO_0_corefifo_graytobinconv(fast)
# Loading work.DDR_READ_ASYMM_FIFO_DDR_READ_ASYMM_FIFO_0_corefifo_graytobinconv(fast__1)
# Loading PolarFire.DFN1(fast)
# Loading PolarFire.SLE(fast)
# Loading work.Display_Controller_C0(fast)
# Loading work.Display_Controller(fast)
# Loading work.PF_SRAM_AHBL_AXI_C0(fast)
# Loading work.PF_SRAM_AHBL_AXI_C0_COREAXI4SRAM_0_COREAXI4SRAM(fast)
# Loading work.PF_SRAM_AHBL_AXI_C0_COREAXI4SRAM_0_CoreAXI4SRAM_MAINCTRL(fast)
# Loading work.PF_SRAM_AHBL_AXI_C0_COREAXI4SRAM_0_CoreAXI4SRAM_SLVIF(fast)
# Loading work.PF_SRAM_AHBL_AXI_C0_PF_TPSRAM_AHB_AXI_0_PF_TPSRAM(fast)
# Loading PolarFire.OR4(fast)
# Loading PolarFire.CFG4(fast)
# Loading PolarFire.RAM1K20(fast__1)
# Loading PolarFire.RAM1K20_IP(fast__1)
# Loading PolarFire.RAM1K20(fast__2)
# Loading PolarFire.RAM1K20_IP(fast__2)
# Loading PolarFire.RAM1K20(fast__3)
# Loading PolarFire.RAM1K20_IP(fast__3)
# Loading PolarFire.RAM1K20(fast__4)
# Loading PolarFire.RAM1K20_IP(fast__4)
# Loading PolarFire.RAM1K20(fast__5)
# Loading PolarFire.RAM1K20_IP(fast__5)
# Loading PolarFire.RAM1K20(fast__6)
# Loading PolarFire.RAM1K20_IP(fast__6)
# Loading PolarFire.RAM1K20(fast__7)
# Loading PolarFire.RAM1K20_IP(fast__7)
# Loading PolarFire.RAM1K20(fast__8)
# Loading PolarFire.RAM1K20_IP(fast__8)
# Loading work.CLK_GEN_C0(fast)
# Loading work.CLK_GEN(fast__1)
# Loading work.PULSE_GEN_C0(fast)
# Loading work.PULSE_GEN(fast)
# Loading work.RESET_GEN_C0(fast)
# Loading work.RESET_GEN(fast)
# Loading std.standard
# Loading std.textio(body)
# Loading ieee.std_logic_1164(body)
# Loading ieee.numeric_std(body)
# Loading ieee.std_logic_arith(body)
# Loading ieee.std_logic_unsigned(body)
# Loading work.read_demux(read_demux)#1
# Loading work.read_mux(read_mux)#1
# Loading work.request_scheduler(request_scheduler)#1
# Loading work.write_demux(write_demux)#1
# Loading work.write_mux(write_mux)#1
# Break key hit
# Simulation stop requested.
quit -sim
# End time: 21:10:25 on Jan 25,2026, Elapsed time: 0:06:18
# Errors: 0, Warnings: 1
do run.do
# INFO: Simulation library presynth already exists
# QuestaSim Pro Microchip Edition-64 vmap 2024.3 Lib Mapping Utility 2024.09 Sep 10 2024
# vmap presynth presynth 
# Modifying modelsim.ini
# QuestaSim Pro Microchip Edition-64 vmap 2024.3 Lib Mapping Utility 2024.09 Sep 10 2024
# vmap PolarFire C:/Microchip/Libero_SoC_2025.1/Libero_SoC/Designer/lib/questasim/precompiled/vlog/polarfire 
# Modifying modelsim.ini
# QuestaSim Pro Microchip Edition-64 vlog 2024.3 Compiler 2024.09 Sep 10 2024
# Start time: 21:10:30 on Jan 25,2026
# vlog -reportprogress 300 -sv -work presynth C:/prj/FrameReader/component/Microchip/SolutionCore/DDR_AXI4_ARBITER_PF/2.2.0/RTL/AXI4_M_M_IF.v 
# -- Compiling module AXI4_M_M_IF
# 
# Top level modules:
# 	AXI4_M_M_IF
# End time: 21:10:30 on Jan 25,2026, Elapsed time: 0:00:00
# Errors: 0, Warnings: 0
# QuestaSim Pro Microchip Edition-64 vlog 2024.3 Compiler 2024.09 Sep 10 2024
# Start time: 21:10:30 on Jan 25,2026
# vlog -reportprogress 300 -sv -work presynth C:/prj/FrameReader/component/Microchip/SolutionCore/DDR_AXI4_ARBITER_PF/2.2.0/RTL/AXI4_S_IF.v 
# -- Compiling module AXI4_S_IF
# 
# Top level modules:
# 	AXI4_S_IF
# End time: 21:10:30 on Jan 25,2026, Elapsed time: 0:00:00
# Errors: 0, Warnings: 0
# QuestaSim Pro Microchip Edition-64 vlog 2024.3 Compiler 2024.09 Sep 10 2024
# Start time: 21:10:30 on Jan 25,2026
# vlog -reportprogress 300 -sv -work presynth C:/prj/FrameReader/component/Microchip/SolutionCore/DDR_AXI4_ARBITER_PF/2.2.0/RTL/axi_lbus_corefifo_NstagesSync.v 
# -- Compiling module ddr_rw_arbiter_C0_ddr_rw_arbiter_C0_0_corefifo_NstagesSync
# 
# Top level modules:
# 	ddr_rw_arbiter_C0_ddr_rw_arbiter_C0_0_corefifo_NstagesSync
# End time: 21:10:30 on Jan 25,2026, Elapsed time: 0:00:00
# Errors: 0, Warnings: 0
# QuestaSim Pro Microchip Edition-64 vlog 2024.3 Compiler 2024.09 Sep 10 2024
# Start time: 21:10:30 on Jan 25,2026
# vlog -reportprogress 300 -sv -work presynth C:/prj/FrameReader/component/Microchip/SolutionCore/DDR_AXI4_ARBITER_PF/2.2.0/RTL/axi_lbus_corefifo_grayToBinConv.v 
# -- Compiling module ddr_rw_arbiter_C0_ddr_rw_arbiter_C0_0_corefifo_grayToBinConv
# 
# Top level modules:
# 	ddr_rw_arbiter_C0_ddr_rw_arbiter_C0_0_corefifo_grayToBinConv
# End time: 21:10:30 on Jan 25,2026, Elapsed time: 0:00:00
# Errors: 0, Warnings: 0
# QuestaSim Pro Microchip Edition-64 vlog 2024.3 Compiler 2024.09 Sep 10 2024
# Start time: 21:10:30 on Jan 25,2026
# vlog -reportprogress 300 -sv -work presynth C:/prj/FrameReader/component/Microchip/SolutionCore/DDR_AXI4_ARBITER_PF/2.2.0/RTL/axi_lbus_corefifo_async.v 
# -- Compiling module ddr_rw_arbiter_C0_ddr_rw_arbiter_C0_0_corefifo_async
# 
# Top level modules:
# 	ddr_rw_arbiter_C0_ddr_rw_arbiter_C0_0_corefifo_async
# End time: 21:10:30 on Jan 25,2026, Elapsed time: 0:00:00
# Errors: 0, Warnings: 0
# QuestaSim Pro Microchip Edition-64 vlog 2024.3 Compiler 2024.09 Sep 10 2024
# Start time: 21:10:30 on Jan 25,2026
# vlog -reportprogress 300 -sv -work presynth C:/prj/FrameReader/component/Microchip/SolutionCore/DDR_AXI4_ARBITER_PF/2.2.0/RTL/axi_lbus_corefifo_resetSync.v 
# -- Compiling module ddr_rw_arbiter_C0_ddr_rw_arbiter_C0_0_corefifo_resetSync
# 
# Top level modules:
# 	ddr_rw_arbiter_C0_ddr_rw_arbiter_C0_0_corefifo_resetSync
# End time: 21:10:30 on Jan 25,2026, Elapsed time: 0:00:00
# Errors: 0, Warnings: 0
# QuestaSim Pro Microchip Edition-64 vlog 2024.3 Compiler 2024.09 Sep 10 2024
# Start time: 21:10:30 on Jan 25,2026
# vlog -reportprogress 300 -sv -work presynth C:/prj/FrameReader/component/Microchip/SolutionCore/DDR_AXI4_ARBITER_PF/2.2.0/RTL/axi_lbus_corefifo_sync.v 
# -- Compiling module ddr_rw_arbiter_C0_ddr_rw_arbiter_C0_0_corefifo_sync
# 
# Top level modules:
# 	ddr_rw_arbiter_C0_ddr_rw_arbiter_C0_0_corefifo_sync
# End time: 21:10:30 on Jan 25,2026, Elapsed time: 0:00:00
# Errors: 0, Warnings: 0
# QuestaSim Pro Microchip Edition-64 vlog 2024.3 Compiler 2024.09 Sep 10 2024
# Start time: 21:10:31 on Jan 25,2026
# vlog -reportprogress 300 -sv -work presynth C:/prj/FrameReader/component/Microchip/SolutionCore/DDR_AXI4_ARBITER_PF/2.2.0/RTL/axi_lbus_corefifo_fwft.v 
# -- Compiling module ddr_rw_arbiter_C0_ddr_rw_arbiter_C0_0_corefifo_fwft
# 
# Top level modules:
# 	ddr_rw_arbiter_C0_ddr_rw_arbiter_C0_0_corefifo_fwft
# End time: 21:10:31 on Jan 25,2026, Elapsed time: 0:00:00
# Errors: 0, Warnings: 0
# QuestaSim Pro Microchip Edition-64 vlog 2024.3 Compiler 2024.09 Sep 10 2024
# Start time: 21:10:31 on Jan 25,2026
# vlog -reportprogress 300 -sv -work presynth C:/prj/FrameReader/component/Microchip/SolutionCore/DDR_AXI4_ARBITER_PF/2.2.0/RTL/axi_lbus_corefifo_sync_scntr.v 
# -- Compiling module ddr_rw_arbiter_C0_ddr_rw_arbiter_C0_0_corefifo_sync_scntr
# 
# Top level modules:
# 	ddr_rw_arbiter_C0_ddr_rw_arbiter_C0_0_corefifo_sync_scntr
# End time: 21:10:31 on Jan 25,2026, Elapsed time: 0:00:00
# Errors: 0, Warnings: 0
# QuestaSim Pro Microchip Edition-64 vlog 2024.3 Compiler 2024.09 Sep 10 2024
# Start time: 21:10:31 on Jan 25,2026
# vlog -reportprogress 300 -sv -work presynth C:/prj/FrameReader/component/Microchip/SolutionCore/DDR_AXI4_ARBITER_PF/2.2.0/RTL/axi_lbus_LSRAM_top.v 
# -- Compiling module ddr_rw_arbiter_C0_ddr_rw_arbiter_C0_0_LSRAM_top
# 
# Top level modules:
# 	ddr_rw_arbiter_C0_ddr_rw_arbiter_C0_0_LSRAM_top
# End time: 21:10:31 on Jan 25,2026, Elapsed time: 0:00:00
# Errors: 0, Warnings: 0
# QuestaSim Pro Microchip Edition-64 vlog 2024.3 Compiler 2024.09 Sep 10 2024
# Start time: 21:10:31 on Jan 25,2026
# vlog -reportprogress 300 -sv -work presynth C:/prj/FrameReader/component/Microchip/SolutionCore/DDR_AXI4_ARBITER_PF/2.2.0/RTL/axi_lbus_ram_wrapper.v 
# -- Compiling module ddr_rw_arbiter_C0_ddr_rw_arbiter_C0_0_ram_wrapper
# 
# Top level modules:
# 	ddr_rw_arbiter_C0_ddr_rw_arbiter_C0_0_ram_wrapper
# End time: 21:10:31 on Jan 25,2026, Elapsed time: 0:00:00
# Errors: 0, Warnings: 0
# QuestaSim Pro Microchip Edition-64 vlog 2024.3 Compiler 2024.09 Sep 10 2024
# Start time: 21:10:31 on Jan 25,2026
# vlog -reportprogress 300 -sv -work presynth C:/prj/FrameReader/component/Microchip/SolutionCore/DDR_AXI4_ARBITER_PF/2.2.0/RTL/video_axi_fifo.v 
# -- Compiling module ddr_rw_arbiter_C0_ddr_rw_arbiter_C0_0_video_axi_fifo
# 
# Top level modules:
# 	ddr_rw_arbiter_C0_ddr_rw_arbiter_C0_0_video_axi_fifo
# End time: 21:10:31 on Jan 25,2026, Elapsed time: 0:00:00
# Errors: 0, Warnings: 0
# QuestaSim Pro Microchip Edition-64 vlog 2024.3 Compiler 2024.09 Sep 10 2024
# Start time: 21:10:31 on Jan 25,2026
# vlog -reportprogress 300 -sv -work presynth C:/prj/FrameReader/component/Microchip/SolutionCore/DDR_AXI4_ARBITER_PF/2.2.0/RTL/ddr_rw_arbiter.v 
# -- Compiling module ddr_rw_arbiter
# 
# Top level modules:
# 	ddr_rw_arbiter
# End time: 21:10:31 on Jan 25,2026, Elapsed time: 0:00:00
# Errors: 0, Warnings: 0
# QuestaSim Pro Microchip Edition-64 vcom 2024.3 Compiler 2024.09 Sep 10 2024
# Start time: 21:10:31 on Jan 25,2026
# vcom -reportprogress 300 -2008 -explicit -work presynth C:/prj/FrameReader/component/Microchip/SolutionCore/DDR_AXI4_ARBITER_PF/2.2.0/RTL/write_mux.vhd 
# -- Loading package STANDARD
# -- Loading package TEXTIO
# -- Loading package std_logic_1164
# -- Loading package NUMERIC_STD
# -- Loading package std_logic_arith
# -- Loading package STD_LOGIC_UNSIGNED
# -- Compiling entity write_mux
# -- Compiling architecture write_mux of write_mux
# End time: 21:10:31 on Jan 25,2026, Elapsed time: 0:00:00
# Errors: 0, Warnings: 0
# QuestaSim Pro Microchip Edition-64 vcom 2024.3 Compiler 2024.09 Sep 10 2024
# Start time: 21:10:32 on Jan 25,2026
# vcom -reportprogress 300 -2008 -explicit -work presynth C:/prj/FrameReader/component/Microchip/SolutionCore/DDR_AXI4_ARBITER_PF/2.2.0/RTL/request_scheduler.vhd 
# -- Loading package STANDARD
# -- Loading package TEXTIO
# -- Loading package std_logic_1164
# -- Loading package NUMERIC_STD
# -- Loading package std_logic_arith
# -- Loading package STD_LOGIC_UNSIGNED
# -- Compiling entity request_scheduler
# -- Compiling architecture request_scheduler of request_scheduler
# End time: 21:10:32 on Jan 25,2026, Elapsed time: 0:00:00
# Errors: 0, Warnings: 0
# QuestaSim Pro Microchip Edition-64 vcom 2024.3 Compiler 2024.09 Sep 10 2024
# Start time: 21:10:32 on Jan 25,2026
# vcom -reportprogress 300 -2008 -explicit -work presynth C:/prj/FrameReader/component/Microchip/SolutionCore/DDR_AXI4_ARBITER_PF/2.2.0/RTL/write_demux.vhd 
# -- Loading package STANDARD
# -- Loading package TEXTIO
# -- Loading package std_logic_1164
# -- Loading package NUMERIC_STD
# -- Loading package std_logic_arith
# -- Loading package STD_LOGIC_UNSIGNED
# -- Compiling entity write_demux
# -- Compiling architecture write_demux of write_demux
# End time: 21:10:32 on Jan 25,2026, Elapsed time: 0:00:00
# Errors: 0, Warnings: 0
# QuestaSim Pro Microchip Edition-64 vlog 2024.3 Compiler 2024.09 Sep 10 2024
# Start time: 21:10:32 on Jan 25,2026
# vlog -reportprogress 300 -sv -work presynth C:/prj/FrameReader/component/Microchip/SolutionCore/DDR_AXI4_ARBITER_PF/2.2.0/RTL/write_top.v 
# -- Compiling module write_top
# 
# Top level modules:
# 	write_top
# End time: 21:10:32 on Jan 25,2026, Elapsed time: 0:00:00
# Errors: 0, Warnings: 0
# QuestaSim Pro Microchip Edition-64 vcom 2024.3 Compiler 2024.09 Sep 10 2024
# Start time: 21:10:32 on Jan 25,2026
# vcom -reportprogress 300 -2008 -explicit -work presynth C:/prj/FrameReader/component/Microchip/SolutionCore/DDR_AXI4_ARBITER_PF/2.2.0/RTL/read_demux.vhd 
# -- Loading package STANDARD
# -- Loading package TEXTIO
# -- Loading package std_logic_1164
# -- Loading package NUMERIC_STD
# -- Loading package std_logic_arith
# -- Loading package STD_LOGIC_UNSIGNED
# -- Compiling entity read_demux
# -- Compiling architecture read_demux of read_demux
# End time: 21:10:32 on Jan 25,2026, Elapsed time: 0:00:00
# Errors: 0, Warnings: 0
# QuestaSim Pro Microchip Edition-64 vcom 2024.3 Compiler 2024.09 Sep 10 2024
# Start time: 21:10:32 on Jan 25,2026
# vcom -reportprogress 300 -2008 -explicit -work presynth C:/prj/FrameReader/component/Microchip/SolutionCore/DDR_AXI4_ARBITER_PF/2.2.0/RTL/read_mux.vhd 
# -- Loading package STANDARD
# -- Loading package TEXTIO
# -- Loading package std_logic_1164
# -- Compiling entity read_mux
# -- Compiling architecture read_mux of read_mux
# End time: 21:10:32 on Jan 25,2026, Elapsed time: 0:00:00
# Errors: 0, Warnings: 0
# QuestaSim Pro Microchip Edition-64 vlog 2024.3 Compiler 2024.09 Sep 10 2024
# Start time: 21:10:32 on Jan 25,2026
# vlog -reportprogress 300 -sv -work presynth C:/prj/FrameReader/component/Microchip/SolutionCore/DDR_AXI4_ARBITER_PF/2.2.0/RTL/read_top.v 
# -- Compiling module read_top
# 
# Top level modules:
# 	read_top
# End time: 21:10:32 on Jan 25,2026, Elapsed time: 0:00:00
# Errors: 0, Warnings: 0
# QuestaSim Pro Microchip Edition-64 vlog 2024.3 Compiler 2024.09 Sep 10 2024
# Start time: 21:10:32 on Jan 25,2026
# vlog -reportprogress 300 -sv -work presynth C:/prj/FrameReader/component/Microchip/SolutionCore/DDR_AXI4_ARBITER_PF/2.2.0/RTL/DDR_AXI4_ARBITER_PF_Native.v 
# -- Compiling module DDR_AXI4_ARBITER_PF_Native
# 
# Top level modules:
# 	DDR_AXI4_ARBITER_PF_Native
# End time: 21:10:32 on Jan 25,2026, Elapsed time: 0:00:00
# Errors: 0, Warnings: 0
# QuestaSim Pro Microchip Edition-64 vlog 2024.3 Compiler 2024.09 Sep 10 2024
# Start time: 21:10:32 on Jan 25,2026
# vlog -reportprogress 300 -sv -work presynth C:/prj/FrameReader/component/Microchip/SolutionCore/DDR_AXI4_ARBITER_PF/2.2.0/RTL/DDR_AXI4_ARBITER_PF.v 
# -- Compiling module DDR_AXI4_ARBITER_PF
# 
# Top level modules:
# 	DDR_AXI4_ARBITER_PF
# End time: 21:10:33 on Jan 25,2026, Elapsed time: 0:00:01
# Errors: 0, Warnings: 0
# QuestaSim Pro Microchip Edition-64 vlog 2024.3 Compiler 2024.09 Sep 10 2024
# Start time: 21:10:33 on Jan 25,2026
# vlog -reportprogress 300 -sv -work presynth C:/prj/FrameReader/component/work/DDR_AXI4_ARBITER_PF_C0/DDR_AXI4_ARBITER_PF_C0.v 
# -- Compiling module DDR_AXI4_ARBITER_PF_C0
# 
# Top level modules:
# 	DDR_AXI4_ARBITER_PF_C0
# End time: 21:10:33 on Jan 25,2026, Elapsed time: 0:00:00
# Errors: 0, Warnings: 0
# QuestaSim Pro Microchip Edition-64 vlog 2024.3 Compiler 2024.09 Sep 10 2024
# Start time: 21:10:33 on Jan 25,2026
# vlog -reportprogress 300 -sv -work presynth C:/prj/FrameReader/component/Microchip/SolutionCore/Display_Controller/5.0.0/Encrypted/display_controller.v 
# -- Compiling module Display_Controller
# ** Warning: C:/prj/FrameReader/component/Microchip/SolutionCore/Display_Controller/5.0.0/Encrypted/display_controller.v(216): (vlog-14157) Protect keyword "data_keyowner" is not supported and will have no effect.
# ** Warning: C:/prj/FrameReader/component/Microchip/SolutionCore/Display_Controller/5.0.0/Encrypted/display_controller.v(216): (vlog-14157) Protect keyword "data_keyname" is not supported and will have no effect.
# 
# Top level modules:
# 	Display_Controller
# End time: 21:10:33 on Jan 25,2026, Elapsed time: 0:00:00
# Errors: 0, Warnings: 2
# QuestaSim Pro Microchip Edition-64 vlog 2024.3 Compiler 2024.09 Sep 10 2024
# Start time: 21:10:33 on Jan 25,2026
# vlog -reportprogress 300 -sv -work presynth C:/prj/FrameReader/component/work/Display_Controller_C0/Display_Controller_C0.v 
# -- Compiling module Display_Controller_C0
# 
# Top level modules:
# 	Display_Controller_C0
# End time: 21:10:33 on Jan 25,2026, Elapsed time: 0:00:00
# Errors: 0, Warnings: 0
# QuestaSim Pro Microchip Edition-64 vlog 2024.3 Compiler 2024.09 Sep 10 2024
# Start time: 21:10:33 on Jan 25,2026
# vlog -reportprogress 300 -sv -work presynth C:/prj/FrameReader/component/work/PF_SRAM_AHBL_AXI_C0/PF_TPSRAM_AHB_AXI_0/PF_SRAM_AHBL_AXI_C0_PF_TPSRAM_AHB_AXI_0_PF_TPSRAM.v 
# -- Compiling module PF_SRAM_AHBL_AXI_C0_PF_TPSRAM_AHB_AXI_0_PF_TPSRAM
# 
# Top level modules:
# 	PF_SRAM_AHBL_AXI_C0_PF_TPSRAM_AHB_AXI_0_PF_TPSRAM
# End time: 21:10:33 on Jan 25,2026, Elapsed time: 0:00:00
# Errors: 0, Warnings: 0
# QuestaSim Pro Microchip Edition-64 vlog 2024.3 Compiler 2024.09 Sep 10 2024
# Start time: 21:10:33 on Jan 25,2026
# vlog -reportprogress 300 -sv -work presynth C:/prj/FrameReader/component/work/PF_SRAM_AHBL_AXI_C0/COREAXI4SRAM_0/rtl/vlog/core/CoreAXI4SRAM_MAINCTRL_ECC.v 
# -- Compiling module PF_SRAM_AHBL_AXI_C0_COREAXI4SRAM_0_CoreAXI4SRAM_MAINCTRL_ECC
# 
# Top level modules:
# 	PF_SRAM_AHBL_AXI_C0_COREAXI4SRAM_0_CoreAXI4SRAM_MAINCTRL_ECC
# End time: 21:10:33 on Jan 25,2026, Elapsed time: 0:00:00
# Errors: 0, Warnings: 0
# QuestaSim Pro Microchip Edition-64 vlog 2024.3 Compiler 2024.09 Sep 10 2024
# Start time: 21:10:33 on Jan 25,2026
# vlog -reportprogress 300 -sv -work presynth C:/prj/FrameReader/component/work/PF_SRAM_AHBL_AXI_C0/COREAXI4SRAM_0/rtl/vlog/core/CoreAXI4SRAM_MAINCTRL.v 
# -- Compiling module PF_SRAM_AHBL_AXI_C0_COREAXI4SRAM_0_CoreAXI4SRAM_MAINCTRL
# 
# Top level modules:
# 	PF_SRAM_AHBL_AXI_C0_COREAXI4SRAM_0_CoreAXI4SRAM_MAINCTRL
# End time: 21:10:33 on Jan 25,2026, Elapsed time: 0:00:00
# Errors: 0, Warnings: 0
# QuestaSim Pro Microchip Edition-64 vlog 2024.3 Compiler 2024.09 Sep 10 2024
# Start time: 21:10:34 on Jan 25,2026
# vlog -reportprogress 300 -sv -work presynth C:/prj/FrameReader/component/work/PF_SRAM_AHBL_AXI_C0/COREAXI4SRAM_0/rtl/vlog/core/CoreAXI4SRAM_SLVIF.v 
# -- Compiling module PF_SRAM_AHBL_AXI_C0_COREAXI4SRAM_0_CoreAXI4SRAM_SLVIF
# 
# Top level modules:
# 	PF_SRAM_AHBL_AXI_C0_COREAXI4SRAM_0_CoreAXI4SRAM_SLVIF
# End time: 21:10:34 on Jan 25,2026, Elapsed time: 0:00:00
# Errors: 0, Warnings: 0
# QuestaSim Pro Microchip Edition-64 vlog 2024.3 Compiler 2024.09 Sep 10 2024
# Start time: 21:10:34 on Jan 25,2026
# vlog -reportprogress 300 -sv -work presynth C:/prj/FrameReader/component/work/PF_SRAM_AHBL_AXI_C0/COREAXI4SRAM_0/rtl/vlog/core/CoreAXI4SRAM.v 
# -- Compiling module PF_SRAM_AHBL_AXI_C0_COREAXI4SRAM_0_COREAXI4SRAM
# 
# Top level modules:
# 	PF_SRAM_AHBL_AXI_C0_COREAXI4SRAM_0_COREAXI4SRAM
# End time: 21:10:34 on Jan 25,2026, Elapsed time: 0:00:00
# Errors: 0, Warnings: 0
# QuestaSim Pro Microchip Edition-64 vlog 2024.3 Compiler 2024.09 Sep 10 2024
# Start time: 21:10:34 on Jan 25,2026
# vlog -reportprogress 300 -sv -work presynth C:/prj/FrameReader/component/work/PF_SRAM_AHBL_AXI_C0/PF_SRAM_AHBL_AXI_C0.v 
# -- Compiling module PF_SRAM_AHBL_AXI_C0
# 
# Top level modules:
# 	PF_SRAM_AHBL_AXI_C0
# End time: 21:10:34 on Jan 25,2026, Elapsed time: 0:00:00
# Errors: 0, Warnings: 0
# QuestaSim Pro Microchip Edition-64 vlog 2024.3 Compiler 2024.09 Sep 10 2024
# Start time: 21:10:34 on Jan 25,2026
# vlog -reportprogress 300 -sv -work presynth C:/prj/FrameReader/hdl/Arbiter_Initiator_Rd_IF.v 
# -- Compiling module Arbiter_Initiator_Rd_IF
# 
# Top level modules:
# 	Arbiter_Initiator_Rd_IF
# End time: 21:10:34 on Jan 25,2026, Elapsed time: 0:00:00
# Errors: 0, Warnings: 0
# QuestaSim Pro Microchip Edition-64 vlog 2024.3 Compiler 2024.09 Sep 10 2024
# Start time: 21:10:34 on Jan 25,2026
# vlog -reportprogress 300 -sv -work presynth C:/prj/FrameReader/hdl/corefifo_fwft.v 
# -- Compiling module DDR_READ_ASYMM_FIFO_DDR_READ_ASYMM_FIFO_0_corefifo_fwft
# 
# Top level modules:
# 	DDR_READ_ASYMM_FIFO_DDR_READ_ASYMM_FIFO_0_corefifo_fwft
# End time: 21:10:34 on Jan 25,2026, Elapsed time: 0:00:00
# Errors: 0, Warnings: 0
# QuestaSim Pro Microchip Edition-64 vlog 2024.3 Compiler 2024.09 Sep 10 2024
# Start time: 21:10:34 on Jan 25,2026
# vlog -reportprogress 300 -sv -work presynth C:/prj/FrameReader/hdl/corefifo_sync_scntr.v 
# -- Compiling module DDR_READ_ASYMM_FIFO_DDR_READ_ASYMM_FIFO_0_corefifo_sync_scntr
# 
# Top level modules:
# 	DDR_READ_ASYMM_FIFO_DDR_READ_ASYMM_FIFO_0_corefifo_sync_scntr
# End time: 21:10:34 on Jan 25,2026, Elapsed time: 0:00:00
# Errors: 0, Warnings: 0
# QuestaSim Pro Microchip Edition-64 vlog 2024.3 Compiler 2024.09 Sep 10 2024
# Start time: 21:10:34 on Jan 25,2026
# vlog -reportprogress 300 -sv -work presynth C:/prj/FrameReader/hdl/corefifo_sync.v 
# -- Compiling module DDR_READ_ASYMM_FIFO_DDR_READ_ASYMM_FIFO_0_corefifo_sync
# 
# Top level modules:
# 	DDR_READ_ASYMM_FIFO_DDR_READ_ASYMM_FIFO_0_corefifo_sync
# End time: 21:10:34 on Jan 25,2026, Elapsed time: 0:00:00
# Errors: 0, Warnings: 0
# QuestaSim Pro Microchip Edition-64 vlog 2024.3 Compiler 2024.09 Sep 10 2024
# Start time: 21:10:34 on Jan 25,2026
# vlog -reportprogress 300 -sv -work presynth C:/prj/FrameReader/hdl/corefifo_graytobinconv.v 
# -- Compiling module DDR_READ_ASYMM_FIFO_DDR_READ_ASYMM_FIFO_0_corefifo_graytobinconv
# 
# Top level modules:
# 	DDR_READ_ASYMM_FIFO_DDR_READ_ASYMM_FIFO_0_corefifo_graytobinconv
# End time: 21:10:35 on Jan 25,2026, Elapsed time: 0:00:01
# Errors: 0, Warnings: 0
# QuestaSim Pro Microchip Edition-64 vlog 2024.3 Compiler 2024.09 Sep 10 2024
# Start time: 21:10:35 on Jan 25,2026
# vlog -reportprogress 300 -sv -work presynth C:/prj/FrameReader/hdl/corefifo_nstagessync.v 
# -- Compiling module DDR_READ_ASYMM_FIFO_DDR_READ_ASYMM_FIFO_0_corefifo_nstagessync
# 
# Top level modules:
# 	DDR_READ_ASYMM_FIFO_DDR_READ_ASYMM_FIFO_0_corefifo_nstagessync
# End time: 21:10:35 on Jan 25,2026, Elapsed time: 0:00:00
# Errors: 0, Warnings: 0
# QuestaSim Pro Microchip Edition-64 vlog 2024.3 Compiler 2024.09 Sep 10 2024
# Start time: 21:10:35 on Jan 25,2026
# vlog -reportprogress 300 -sv -work presynth C:/prj/FrameReader/hdl/corefifo_async.v 
# -- Compiling module DDR_READ_ASYMM_FIFO_DDR_READ_ASYMM_FIFO_0_corefifo_async
# 
# Top level modules:
# 	DDR_READ_ASYMM_FIFO_DDR_READ_ASYMM_FIFO_0_corefifo_async
# End time: 21:10:35 on Jan 25,2026, Elapsed time: 0:00:00
# Errors: 0, Warnings: 0
# QuestaSim Pro Microchip Edition-64 vlog 2024.3 Compiler 2024.09 Sep 10 2024
# Start time: 21:10:35 on Jan 25,2026
# vlog -reportprogress 300 -sv -work presynth C:/prj/FrameReader/hdl/DDR_READ_ASYMM_FIFO_DDR_READ_ASYMM_FIFO_0_LSRAM_top.v 
# -- Compiling module DDR_READ_ASYMM_FIFO_DDR_READ_ASYMM_FIFO_0_LSRAM_top
# 
# Top level modules:
# 	DDR_READ_ASYMM_FIFO_DDR_READ_ASYMM_FIFO_0_LSRAM_top
# End time: 21:10:35 on Jan 25,2026, Elapsed time: 0:00:00
# Errors: 0, Warnings: 0
# QuestaSim Pro Microchip Edition-64 vlog 2024.3 Compiler 2024.09 Sep 10 2024
# Start time: 21:10:35 on Jan 25,2026
# vlog -reportprogress 300 -sv -work presynth C:/prj/FrameReader/hdl/DDR_READ_ASYMM_FIFO_DDR_READ_ASYMM_FIFO_0_ram_wrapper.v 
# -- Compiling module DDR_READ_ASYMM_FIFO_DDR_READ_ASYMM_FIFO_0_ram_wrapper
# 
# Top level modules:
# 	DDR_READ_ASYMM_FIFO_DDR_READ_ASYMM_FIFO_0_ram_wrapper
# End time: 21:10:35 on Jan 25,2026, Elapsed time: 0:00:00
# Errors: 0, Warnings: 0
# QuestaSim Pro Microchip Edition-64 vlog 2024.3 Compiler 2024.09 Sep 10 2024
# Start time: 21:10:35 on Jan 25,2026
# vlog -reportprogress 300 -sv -work presynth C:/prj/FrameReader/hdl/COREFIFO.v 
# -- Compiling module DDR_READ_ASYMM_FIFO_DDR_READ_ASYMM_FIFO_0_COREFIFO
# 
# Top level modules:
# 	DDR_READ_ASYMM_FIFO_DDR_READ_ASYMM_FIFO_0_COREFIFO
# End time: 21:10:35 on Jan 25,2026, Elapsed time: 0:00:00
# Errors: 0, Warnings: 0
# QuestaSim Pro Microchip Edition-64 vlog 2024.3 Compiler 2024.09 Sep 10 2024
# Start time: 21:10:35 on Jan 25,2026
# vlog -reportprogress 300 -sv -work presynth C:/prj/FrameReader/hdl/DDR_read_controller.v 
# -- Compiling module DDR_read_controller
# 
# Top level modules:
# 	DDR_read_controller
# End time: 21:10:35 on Jan 25,2026, Elapsed time: 0:00:00
# Errors: 0, Warnings: 0
# QuestaSim Pro Microchip Edition-64 vlog 2024.3 Compiler 2024.09 Sep 10 2024
# Start time: 21:10:35 on Jan 25,2026
# vlog -reportprogress 300 -sv -work presynth C:/prj/FrameReader/hdl/DDR_Read_Native.v 
# -- Compiling module DDR_Read_Native
# 
# Top level modules:
# 	DDR_Read_Native
# End time: 21:10:36 on Jan 25,2026, Elapsed time: 0:00:01
# Errors: 0, Warnings: 0
# QuestaSim Pro Microchip Edition-64 vlog 2024.3 Compiler 2024.09 Sep 10 2024
# Start time: 21:10:36 on Jan 25,2026
# vlog -reportprogress 300 -sv -work presynth C:/prj/FrameReader/hdl/DDR_Read.v 
# -- Compiling module DDR_Read
# 
# Top level modules:
# 	DDR_Read
# End time: 21:10:36 on Jan 25,2026, Elapsed time: 0:00:00
# Errors: 0, Warnings: 0
# QuestaSim Pro Microchip Edition-64 vlog 2024.3 Compiler 2024.09 Sep 10 2024
# Start time: 21:10:36 on Jan 25,2026
# vlog -reportprogress 300 -sv -work presynth C:/prj/FrameReader/component/work/FrameRD/FrameRD.v 
# -- Compiling module FrameRD
# 
# Top level modules:
# 	FrameRD
# End time: 21:10:36 on Jan 25,2026, Elapsed time: 0:00:00
# Errors: 0, Warnings: 0
# QuestaSim Pro Microchip Edition-64 vlog 2024.3 Compiler 2024.09 Sep 10 2024
# Start time: 21:10:36 on Jan 25,2026
# vlog -reportprogress 300 "+incdir+C:/prj/FrameReader/component/Actel/Simulation/CLK_GEN/1.0.1" "+incdir+C:/prj/FrameReader/component/work/CLK_GEN_C0" "+incdir+C:/prj/FrameReader/component/work/DDR_CLK" "+incdir+C:/prj/FrameReader/component/Actel/Simulation/PULSE_GEN/1.0.1" "+incdir+C:/prj/FrameReader/component/work/PULSE_GEN_C0" "+incdir+C:/prj/FrameReader/component/Actel/Simulation/RESET_GEN/1.0.1" "+incdir+C:/prj/FrameReader/component/work/RESET_GEN_C0" "+incdir+C:/prj/FrameReader/component/work/FrameRD_TB" -sv -work presynth C:/prj/FrameReader/component/Actel/Simulation/CLK_GEN/1.0.1/CLK_GEN.v 
# -- Compiling module CLK_GEN
# 
# Top level modules:
# 	CLK_GEN
# End time: 21:10:36 on Jan 25,2026, Elapsed time: 0:00:00
# Errors: 0, Warnings: 0
# QuestaSim Pro Microchip Edition-64 vlog 2024.3 Compiler 2024.09 Sep 10 2024
# Start time: 21:10:36 on Jan 25,2026
# vlog -reportprogress 300 "+incdir+C:/prj/FrameReader/component/Actel/Simulation/CLK_GEN/1.0.1" "+incdir+C:/prj/FrameReader/component/work/CLK_GEN_C0" "+incdir+C:/prj/FrameReader/component/work/DDR_CLK" "+incdir+C:/prj/FrameReader/component/Actel/Simulation/PULSE_GEN/1.0.1" "+incdir+C:/prj/FrameReader/component/work/PULSE_GEN_C0" "+incdir+C:/prj/FrameReader/component/Actel/Simulation/RESET_GEN/1.0.1" "+incdir+C:/prj/FrameReader/component/work/RESET_GEN_C0" "+incdir+C:/prj/FrameReader/component/work/FrameRD_TB" -sv -work presynth C:/prj/FrameReader/component/work/CLK_GEN_C0/CLK_GEN_C0.v 
# -- Compiling module CLK_GEN_C0
# 
# Top level modules:
# 	CLK_GEN_C0
# End time: 21:10:36 on Jan 25,2026, Elapsed time: 0:00:00
# Errors: 0, Warnings: 0
# QuestaSim Pro Microchip Edition-64 vlog 2024.3 Compiler 2024.09 Sep 10 2024
# Start time: 21:10:36 on Jan 25,2026
# vlog -reportprogress 300 "+incdir+C:/prj/FrameReader/component/Actel/Simulation/CLK_GEN/1.0.1" "+incdir+C:/prj/FrameReader/component/work/CLK_GEN_C0" "+incdir+C:/prj/FrameReader/component/work/DDR_CLK" "+incdir+C:/prj/FrameReader/component/Actel/Simulation/PULSE_GEN/1.0.1" "+incdir+C:/prj/FrameReader/component/work/PULSE_GEN_C0" "+incdir+C:/prj/FrameReader/component/Actel/Simulation/RESET_GEN/1.0.1" "+incdir+C:/prj/FrameReader/component/work/RESET_GEN_C0" "+incdir+C:/prj/FrameReader/component/work/FrameRD_TB" -sv -work presynth C:/prj/FrameReader/component/work/DDR_CLK/DDR_CLK.v 
# -- Compiling module DDR_CLK
# 
# Top level modules:
# 	DDR_CLK
# End time: 21:10:36 on Jan 25,2026, Elapsed time: 0:00:00
# Errors: 0, Warnings: 0
# QuestaSim Pro Microchip Edition-64 vlog 2024.3 Compiler 2024.09 Sep 10 2024
# Start time: 21:10:36 on Jan 25,2026
# vlog -reportprogress 300 "+incdir+C:/prj/FrameReader/component/Actel/Simulation/CLK_GEN/1.0.1" "+incdir+C:/prj/FrameReader/component/work/CLK_GEN_C0" "+incdir+C:/prj/FrameReader/component/work/DDR_CLK" "+incdir+C:/prj/FrameReader/component/Actel/Simulation/PULSE_GEN/1.0.1" "+incdir+C:/prj/FrameReader/component/work/PULSE_GEN_C0" "+incdir+C:/prj/FrameReader/component/Actel/Simulation/RESET_GEN/1.0.1" "+incdir+C:/prj/FrameReader/component/work/RESET_GEN_C0" "+incdir+C:/prj/FrameReader/component/work/FrameRD_TB" -sv -work presynth C:/prj/FrameReader/component/Actel/Simulation/PULSE_GEN/1.0.1/PULSE_GEN.v 
# -- Compiling module PULSE_GEN
# 
# Top level modules:
# 	PULSE_GEN
# End time: 21:10:36 on Jan 25,2026, Elapsed time: 0:00:00
# Errors: 0, Warnings: 0
# QuestaSim Pro Microchip Edition-64 vlog 2024.3 Compiler 2024.09 Sep 10 2024
# Start time: 21:10:36 on Jan 25,2026
# vlog -reportprogress 300 "+incdir+C:/prj/FrameReader/component/Actel/Simulation/CLK_GEN/1.0.1" "+incdir+C:/prj/FrameReader/component/work/CLK_GEN_C0" "+incdir+C:/prj/FrameReader/component/work/DDR_CLK" "+incdir+C:/prj/FrameReader/component/Actel/Simulation/PULSE_GEN/1.0.1" "+incdir+C:/prj/FrameReader/component/work/PULSE_GEN_C0" "+incdir+C:/prj/FrameReader/component/Actel/Simulation/RESET_GEN/1.0.1" "+incdir+C:/prj/FrameReader/component/work/RESET_GEN_C0" "+incdir+C:/prj/FrameReader/component/work/FrameRD_TB" -sv -work presynth C:/prj/FrameReader/component/work/PULSE_GEN_C0/PULSE_GEN_C0.v 
# -- Compiling module PULSE_GEN_C0
# 
# Top level modules:
# 	PULSE_GEN_C0
# End time: 21:10:36 on Jan 25,2026, Elapsed time: 0:00:00
# Errors: 0, Warnings: 0
# QuestaSim Pro Microchip Edition-64 vlog 2024.3 Compiler 2024.09 Sep 10 2024
# Start time: 21:10:37 on Jan 25,2026
# vlog -reportprogress 300 "+incdir+C:/prj/FrameReader/component/Actel/Simulation/CLK_GEN/1.0.1" "+incdir+C:/prj/FrameReader/component/work/CLK_GEN_C0" "+incdir+C:/prj/FrameReader/component/work/DDR_CLK" "+incdir+C:/prj/FrameReader/component/Actel/Simulation/PULSE_GEN/1.0.1" "+incdir+C:/prj/FrameReader/component/work/PULSE_GEN_C0" "+incdir+C:/prj/FrameReader/component/Actel/Simulation/RESET_GEN/1.0.1" "+incdir+C:/prj/FrameReader/component/work/RESET_GEN_C0" "+incdir+C:/prj/FrameReader/component/work/FrameRD_TB" -sv -work presynth C:/prj/FrameReader/component/Actel/Simulation/RESET_GEN/1.0.1/RESET_GEN.v 
# -- Compiling module RESET_GEN
# 
# Top level modules:
# 	RESET_GEN
# End time: 21:10:37 on Jan 25,2026, Elapsed time: 0:00:00
# Errors: 0, Warnings: 0
# QuestaSim Pro Microchip Edition-64 vlog 2024.3 Compiler 2024.09 Sep 10 2024
# Start time: 21:10:37 on Jan 25,2026
# vlog -reportprogress 300 "+incdir+C:/prj/FrameReader/component/Actel/Simulation/CLK_GEN/1.0.1" "+incdir+C:/prj/FrameReader/component/work/CLK_GEN_C0" "+incdir+C:/prj/FrameReader/component/work/DDR_CLK" "+incdir+C:/prj/FrameReader/component/Actel/Simulation/PULSE_GEN/1.0.1" "+incdir+C:/prj/FrameReader/component/work/PULSE_GEN_C0" "+incdir+C:/prj/FrameReader/component/Actel/Simulation/RESET_GEN/1.0.1" "+incdir+C:/prj/FrameReader/component/work/RESET_GEN_C0" "+incdir+C:/prj/FrameReader/component/work/FrameRD_TB" -sv -work presynth C:/prj/FrameReader/component/work/RESET_GEN_C0/RESET_GEN_C0.v 
# -- Compiling module RESET_GEN_C0
# 
# Top level modules:
# 	RESET_GEN_C0
# End time: 21:10:37 on Jan 25,2026, Elapsed time: 0:00:00
# Errors: 0, Warnings: 0
# QuestaSim Pro Microchip Edition-64 vlog 2024.3 Compiler 2024.09 Sep 10 2024
# Start time: 21:10:37 on Jan 25,2026
# vlog -reportprogress 300 "+incdir+C:/prj/FrameReader/component/Actel/Simulation/CLK_GEN/1.0.1" "+incdir+C:/prj/FrameReader/component/work/CLK_GEN_C0" "+incdir+C:/prj/FrameReader/component/work/DDR_CLK" "+incdir+C:/prj/FrameReader/component/Actel/Simulation/PULSE_GEN/1.0.1" "+incdir+C:/prj/FrameReader/component/work/PULSE_GEN_C0" "+incdir+C:/prj/FrameReader/component/Actel/Simulation/RESET_GEN/1.0.1" "+incdir+C:/prj/FrameReader/component/work/RESET_GEN_C0" "+incdir+C:/prj/FrameReader/component/work/FrameRD_TB" -sv -work presynth C:/prj/FrameReader/component/work/FrameRD_TB/FrameRD_TB.v 
# -- Compiling module FrameRD_TB
# 
# Top level modules:
# 	FrameRD_TB
# End time: 21:10:37 on Jan 25,2026, Elapsed time: 0:00:00
# Errors: 0, Warnings: 0
# vsim -voptargs="+acc" -L PolarFire -L presynth -t 1ps -displaymsgmode both presynth.FrameRD_TB 
# Start time: 21:10:37 on Jan 25,2026
# ** Note: (vsim-3813) Design is being optimized due to module recompilation...
# ** Warning: (vopt-10908) Some optimizations are turned off because the +acc switch is in effect.
# ** Note: (vopt-143) Recognized 1 FSM in module "DDR_read_controller(fast)".
# ** Note: (vsim-12126) Error and warning message counts have been restored: Errors=0, Warnings=1.
# Loading sv_std.std
# Loading work.FrameRD_TB(fast)
# Loading work.DDR_CLK(fast)
# Loading work.CLK_GEN(fast)
# Loading work.FrameRD(fast)
# Loading PolarFire.AND2(fast)
# Loading PolarFire.CFG2(fast)
# Loading work.DDR_AXI4_ARBITER_PF_C0(fast)
# Loading work.DDR_AXI4_ARBITER_PF(fast)
# Loading work.AXI4_S_IF(fast)
# Loading work.AXI4_M_M_IF(fast)
# Loading work.DDR_AXI4_ARBITER_PF_Native(fast)
# Loading work.ddr_rw_arbiter(fast)
# Loading work.ddr_rw_arbiter_C0_ddr_rw_arbiter_C0_0_video_axi_fifo(fast)
# Loading work.ddr_rw_arbiter_C0_ddr_rw_arbiter_C0_0_ram_wrapper(fast)
# Loading work.ddr_rw_arbiter_C0_ddr_rw_arbiter_C0_0_LSRAM_top(fast)
# Loading work.ddr_rw_arbiter_C0_ddr_rw_arbiter_C0_0_corefifo_fwft(fast)
# Loading work.ddr_rw_arbiter_C0_ddr_rw_arbiter_C0_0_corefifo_sync_scntr(fast)
# Loading work.ddr_rw_arbiter_C0_ddr_rw_arbiter_C0_0_video_axi_fifo(fast__1)
# Loading work.ddr_rw_arbiter_C0_ddr_rw_arbiter_C0_0_ram_wrapper(fast__1)
# Loading work.ddr_rw_arbiter_C0_ddr_rw_arbiter_C0_0_LSRAM_top(fast__1)
# Loading work.ddr_rw_arbiter_C0_ddr_rw_arbiter_C0_0_corefifo_fwft(fast__1)
# Loading work.ddr_rw_arbiter_C0_ddr_rw_arbiter_C0_0_corefifo_sync_scntr(fast__1)
# Loading work.read_top(fast)
# Loading work.write_top(fast)
# Loading work.DDR_Read(fast)
# Loading work.Arbiter_Initiator_Rd_IF(fast)
# Loading work.DDR_Read_Native(fast)
# Loading work.DDR_read_controller(fast)
# Loading work.DDR_READ_ASYMM_FIFO_DDR_READ_ASYMM_FIFO_0_COREFIFO(fast)
# Loading work.DDR_READ_ASYMM_FIFO_DDR_READ_ASYMM_FIFO_0_ram_wrapper(fast)
# Loading work.DDR_READ_ASYMM_FIFO_DDR_READ_ASYMM_FIFO_0_LSRAM_top(fast)
# Loading PolarFire.RAM1K20(fast)
# Loading PolarFire.RAM1K20_IP(fast)
# Loading PolarFire.RAM_DLY(fast)
# Loading PolarFire.ECC_PIPELINE(fast)
# Loading PolarFire.SLE_Prim(fast)
# Loading PolarFire.ECC_PIPELINE(fast__1)
# Loading PolarFire.SLE_Prim(fast__1)
# Loading PolarFire.ECC_PIPELINE(fast__2)
# Loading PolarFire.CFG1(fast)
# Loading PolarFire.OR2(fast)
# Loading PolarFire.CFG2(fast__1)
# Loading PolarFire.GND(fast)
# Loading PolarFire.VCC(fast)
# Loading work.DDR_READ_ASYMM_FIFO_DDR_READ_ASYMM_FIFO_0_corefifo_async(fast)
# Loading work.DDR_READ_ASYMM_FIFO_DDR_READ_ASYMM_FIFO_0_corefifo_nstagessync(fast)
# Loading work.DDR_READ_ASYMM_FIFO_DDR_READ_ASYMM_FIFO_0_corefifo_nstagessync(fast__1)
# Loading work.DDR_READ_ASYMM_FIFO_DDR_READ_ASYMM_FIFO_0_corefifo_graytobinconv(fast)
# Loading work.DDR_READ_ASYMM_FIFO_DDR_READ_ASYMM_FIFO_0_corefifo_graytobinconv(fast__1)
# Loading PolarFire.DFN1(fast)
# Loading PolarFire.SLE(fast)
# Loading work.Display_Controller_C0(fast)
# Loading work.Display_Controller(fast)
# Loading work.PF_SRAM_AHBL_AXI_C0(fast)
# Loading work.PF_SRAM_AHBL_AXI_C0_COREAXI4SRAM_0_COREAXI4SRAM(fast)
# Loading work.PF_SRAM_AHBL_AXI_C0_COREAXI4SRAM_0_CoreAXI4SRAM_MAINCTRL(fast)
# Loading work.PF_SRAM_AHBL_AXI_C0_COREAXI4SRAM_0_CoreAXI4SRAM_SLVIF(fast)
# Loading work.PF_SRAM_AHBL_AXI_C0_PF_TPSRAM_AHB_AXI_0_PF_TPSRAM(fast)
# Loading PolarFire.OR4(fast)
# Loading PolarFire.CFG4(fast)
# Loading PolarFire.RAM1K20(fast__1)
# Loading PolarFire.RAM1K20_IP(fast__1)
# Loading PolarFire.RAM1K20(fast__2)
# Loading PolarFire.RAM1K20_IP(fast__2)
# Loading PolarFire.RAM1K20(fast__3)
# Loading PolarFire.RAM1K20_IP(fast__3)
# Loading PolarFire.RAM1K20(fast__4)
# Loading PolarFire.RAM1K20_IP(fast__4)
# Loading PolarFire.RAM1K20(fast__5)
# Loading PolarFire.RAM1K20_IP(fast__5)
# Loading PolarFire.RAM1K20(fast__6)
# Loading PolarFire.RAM1K20_IP(fast__6)
# Loading PolarFire.RAM1K20(fast__7)
# Loading PolarFire.RAM1K20_IP(fast__7)
# Loading PolarFire.RAM1K20(fast__8)
# Loading PolarFire.RAM1K20_IP(fast__8)
# Loading work.CLK_GEN_C0(fast)
# Loading work.CLK_GEN(fast__1)
# Loading work.PULSE_GEN_C0(fast)
# Loading work.PULSE_GEN(fast)
# Loading work.RESET_GEN_C0(fast)
# Loading work.RESET_GEN(fast)
# Loading std.standard
# Loading std.textio(body)
# Loading ieee.std_logic_1164(body)
# Loading ieee.numeric_std(body)
# Loading ieee.std_logic_arith(body)
# Loading ieee.std_logic_unsigned(body)
# Loading work.read_demux(read_demux)#1
# Loading work.read_mux(read_mux)#1
# Loading work.request_scheduler(request_scheduler)#1
# Loading work.write_demux(write_demux)#1
# Loading work.write_mux(write_mux)#1
add wave -position insertpoint sim:/FrameRD_TB/FrameRD_0/DDR_Read_0/genblk1/DDR_Read_Native_6/*
# Break key hit
# Simulation stop requested.
write format wave -window .main_pane.wave.interior.cs.body.pw.wf C:/prj/FrameReader/simulation/wave.do
write format wave -window .main_pane.wave.interior.cs.body.pw.wf C:/prj/FrameReader/simulation/wave.do
quit -sim
# End time: 21:19:43 on Jan 25,2026, Elapsed time: 0:09:06
# Errors: 0, Warnings: 1
do run.do
# INFO: Simulation library presynth already exists
# QuestaSim Pro Microchip Edition-64 vmap 2024.3 Lib Mapping Utility 2024.09 Sep 10 2024
# vmap presynth presynth 
# Modifying modelsim.ini
# QuestaSim Pro Microchip Edition-64 vmap 2024.3 Lib Mapping Utility 2024.09 Sep 10 2024
# vmap PolarFire C:/Microchip/Libero_SoC_2025.1/Libero_SoC/Designer/lib/questasim/precompiled/vlog/polarfire 
# Modifying modelsim.ini
# QuestaSim Pro Microchip Edition-64 vlog 2024.3 Compiler 2024.09 Sep 10 2024
# Start time: 21:19:45 on Jan 25,2026
# vlog -reportprogress 300 -sv -work presynth C:/prj/FrameReader/component/Microchip/SolutionCore/DDR_AXI4_ARBITER_PF/2.2.0/RTL/AXI4_M_M_IF.v 
# -- Compiling module AXI4_M_M_IF
# 
# Top level modules:
# 	AXI4_M_M_IF
# End time: 21:19:45 on Jan 25,2026, Elapsed time: 0:00:00
# Errors: 0, Warnings: 0
# QuestaSim Pro Microchip Edition-64 vlog 2024.3 Compiler 2024.09 Sep 10 2024
# Start time: 21:19:46 on Jan 25,2026
# vlog -reportprogress 300 -sv -work presynth C:/prj/FrameReader/component/Microchip/SolutionCore/DDR_AXI4_ARBITER_PF/2.2.0/RTL/AXI4_S_IF.v 
# -- Compiling module AXI4_S_IF
# 
# Top level modules:
# 	AXI4_S_IF
# End time: 21:19:46 on Jan 25,2026, Elapsed time: 0:00:00
# Errors: 0, Warnings: 0
# QuestaSim Pro Microchip Edition-64 vlog 2024.3 Compiler 2024.09 Sep 10 2024
# Start time: 21:19:46 on Jan 25,2026
# vlog -reportprogress 300 -sv -work presynth C:/prj/FrameReader/component/Microchip/SolutionCore/DDR_AXI4_ARBITER_PF/2.2.0/RTL/axi_lbus_corefifo_NstagesSync.v 
# -- Compiling module ddr_rw_arbiter_C0_ddr_rw_arbiter_C0_0_corefifo_NstagesSync
# 
# Top level modules:
# 	ddr_rw_arbiter_C0_ddr_rw_arbiter_C0_0_corefifo_NstagesSync
# End time: 21:19:46 on Jan 25,2026, Elapsed time: 0:00:00
# Errors: 0, Warnings: 0
# QuestaSim Pro Microchip Edition-64 vlog 2024.3 Compiler 2024.09 Sep 10 2024
# Start time: 21:19:46 on Jan 25,2026
# vlog -reportprogress 300 -sv -work presynth C:/prj/FrameReader/component/Microchip/SolutionCore/DDR_AXI4_ARBITER_PF/2.2.0/RTL/axi_lbus_corefifo_grayToBinConv.v 
# -- Compiling module ddr_rw_arbiter_C0_ddr_rw_arbiter_C0_0_corefifo_grayToBinConv
# 
# Top level modules:
# 	ddr_rw_arbiter_C0_ddr_rw_arbiter_C0_0_corefifo_grayToBinConv
# End time: 21:19:46 on Jan 25,2026, Elapsed time: 0:00:00
# Errors: 0, Warnings: 0
# QuestaSim Pro Microchip Edition-64 vlog 2024.3 Compiler 2024.09 Sep 10 2024
# Start time: 21:19:46 on Jan 25,2026
# vlog -reportprogress 300 -sv -work presynth C:/prj/FrameReader/component/Microchip/SolutionCore/DDR_AXI4_ARBITER_PF/2.2.0/RTL/axi_lbus_corefifo_async.v 
# -- Compiling module ddr_rw_arbiter_C0_ddr_rw_arbiter_C0_0_corefifo_async
# 
# Top level modules:
# 	ddr_rw_arbiter_C0_ddr_rw_arbiter_C0_0_corefifo_async
# End time: 21:19:46 on Jan 25,2026, Elapsed time: 0:00:00
# Errors: 0, Warnings: 0
# QuestaSim Pro Microchip Edition-64 vlog 2024.3 Compiler 2024.09 Sep 10 2024
# Start time: 21:19:46 on Jan 25,2026
# vlog -reportprogress 300 -sv -work presynth C:/prj/FrameReader/component/Microchip/SolutionCore/DDR_AXI4_ARBITER_PF/2.2.0/RTL/axi_lbus_corefifo_resetSync.v 
# -- Compiling module ddr_rw_arbiter_C0_ddr_rw_arbiter_C0_0_corefifo_resetSync
# 
# Top level modules:
# 	ddr_rw_arbiter_C0_ddr_rw_arbiter_C0_0_corefifo_resetSync
# End time: 21:19:46 on Jan 25,2026, Elapsed time: 0:00:00
# Errors: 0, Warnings: 0
# QuestaSim Pro Microchip Edition-64 vlog 2024.3 Compiler 2024.09 Sep 10 2024
# Start time: 21:19:46 on Jan 25,2026
# vlog -reportprogress 300 -sv -work presynth C:/prj/FrameReader/component/Microchip/SolutionCore/DDR_AXI4_ARBITER_PF/2.2.0/RTL/axi_lbus_corefifo_sync.v 
# -- Compiling module ddr_rw_arbiter_C0_ddr_rw_arbiter_C0_0_corefifo_sync
# 
# Top level modules:
# 	ddr_rw_arbiter_C0_ddr_rw_arbiter_C0_0_corefifo_sync
# End time: 21:19:46 on Jan 25,2026, Elapsed time: 0:00:00
# Errors: 0, Warnings: 0
# QuestaSim Pro Microchip Edition-64 vlog 2024.3 Compiler 2024.09 Sep 10 2024
# Start time: 21:19:46 on Jan 25,2026
# vlog -reportprogress 300 -sv -work presynth C:/prj/FrameReader/component/Microchip/SolutionCore/DDR_AXI4_ARBITER_PF/2.2.0/RTL/axi_lbus_corefifo_fwft.v 
# -- Compiling module ddr_rw_arbiter_C0_ddr_rw_arbiter_C0_0_corefifo_fwft
# 
# Top level modules:
# 	ddr_rw_arbiter_C0_ddr_rw_arbiter_C0_0_corefifo_fwft
# End time: 21:19:46 on Jan 25,2026, Elapsed time: 0:00:00
# Errors: 0, Warnings: 0
# QuestaSim Pro Microchip Edition-64 vlog 2024.3 Compiler 2024.09 Sep 10 2024
# Start time: 21:19:47 on Jan 25,2026
# vlog -reportprogress 300 -sv -work presynth C:/prj/FrameReader/component/Microchip/SolutionCore/DDR_AXI4_ARBITER_PF/2.2.0/RTL/axi_lbus_corefifo_sync_scntr.v 
# -- Compiling module ddr_rw_arbiter_C0_ddr_rw_arbiter_C0_0_corefifo_sync_scntr
# 
# Top level modules:
# 	ddr_rw_arbiter_C0_ddr_rw_arbiter_C0_0_corefifo_sync_scntr
# End time: 21:19:47 on Jan 25,2026, Elapsed time: 0:00:00
# Errors: 0, Warnings: 0
# QuestaSim Pro Microchip Edition-64 vlog 2024.3 Compiler 2024.09 Sep 10 2024
# Start time: 21:19:47 on Jan 25,2026
# vlog -reportprogress 300 -sv -work presynth C:/prj/FrameReader/component/Microchip/SolutionCore/DDR_AXI4_ARBITER_PF/2.2.0/RTL/axi_lbus_LSRAM_top.v 
# -- Compiling module ddr_rw_arbiter_C0_ddr_rw_arbiter_C0_0_LSRAM_top
# 
# Top level modules:
# 	ddr_rw_arbiter_C0_ddr_rw_arbiter_C0_0_LSRAM_top
# End time: 21:19:47 on Jan 25,2026, Elapsed time: 0:00:00
# Errors: 0, Warnings: 0
# QuestaSim Pro Microchip Edition-64 vlog 2024.3 Compiler 2024.09 Sep 10 2024
# Start time: 21:19:47 on Jan 25,2026
# vlog -reportprogress 300 -sv -work presynth C:/prj/FrameReader/component/Microchip/SolutionCore/DDR_AXI4_ARBITER_PF/2.2.0/RTL/axi_lbus_ram_wrapper.v 
# -- Compiling module ddr_rw_arbiter_C0_ddr_rw_arbiter_C0_0_ram_wrapper
# 
# Top level modules:
# 	ddr_rw_arbiter_C0_ddr_rw_arbiter_C0_0_ram_wrapper
# End time: 21:19:47 on Jan 25,2026, Elapsed time: 0:00:00
# Errors: 0, Warnings: 0
# QuestaSim Pro Microchip Edition-64 vlog 2024.3 Compiler 2024.09 Sep 10 2024
# Start time: 21:19:47 on Jan 25,2026
# vlog -reportprogress 300 -sv -work presynth C:/prj/FrameReader/component/Microchip/SolutionCore/DDR_AXI4_ARBITER_PF/2.2.0/RTL/video_axi_fifo.v 
# -- Compiling module ddr_rw_arbiter_C0_ddr_rw_arbiter_C0_0_video_axi_fifo
# 
# Top level modules:
# 	ddr_rw_arbiter_C0_ddr_rw_arbiter_C0_0_video_axi_fifo
# End time: 21:19:47 on Jan 25,2026, Elapsed time: 0:00:00
# Errors: 0, Warnings: 0
# QuestaSim Pro Microchip Edition-64 vlog 2024.3 Compiler 2024.09 Sep 10 2024
# Start time: 21:19:47 on Jan 25,2026
# vlog -reportprogress 300 -sv -work presynth C:/prj/FrameReader/component/Microchip/SolutionCore/DDR_AXI4_ARBITER_PF/2.2.0/RTL/ddr_rw_arbiter.v 
# -- Compiling module ddr_rw_arbiter
# 
# Top level modules:
# 	ddr_rw_arbiter
# End time: 21:19:47 on Jan 25,2026, Elapsed time: 0:00:00
# Errors: 0, Warnings: 0
# QuestaSim Pro Microchip Edition-64 vcom 2024.3 Compiler 2024.09 Sep 10 2024
# Start time: 21:19:47 on Jan 25,2026
# vcom -reportprogress 300 -2008 -explicit -work presynth C:/prj/FrameReader/component/Microchip/SolutionCore/DDR_AXI4_ARBITER_PF/2.2.0/RTL/write_mux.vhd 
# -- Loading package STANDARD
# -- Loading package TEXTIO
# -- Loading package std_logic_1164
# -- Loading package NUMERIC_STD
# -- Loading package std_logic_arith
# -- Loading package STD_LOGIC_UNSIGNED
# -- Compiling entity write_mux
# -- Compiling architecture write_mux of write_mux
# End time: 21:19:47 on Jan 25,2026, Elapsed time: 0:00:00
# Errors: 0, Warnings: 0
# QuestaSim Pro Microchip Edition-64 vcom 2024.3 Compiler 2024.09 Sep 10 2024
# Start time: 21:19:47 on Jan 25,2026
# vcom -reportprogress 300 -2008 -explicit -work presynth C:/prj/FrameReader/component/Microchip/SolutionCore/DDR_AXI4_ARBITER_PF/2.2.0/RTL/request_scheduler.vhd 
# -- Loading package STANDARD
# -- Loading package TEXTIO
# -- Loading package std_logic_1164
# -- Loading package NUMERIC_STD
# -- Loading package std_logic_arith
# -- Loading package STD_LOGIC_UNSIGNED
# -- Compiling entity request_scheduler
# -- Compiling architecture request_scheduler of request_scheduler
# End time: 21:19:47 on Jan 25,2026, Elapsed time: 0:00:00
# Errors: 0, Warnings: 0
# QuestaSim Pro Microchip Edition-64 vcom 2024.3 Compiler 2024.09 Sep 10 2024
# Start time: 21:19:47 on Jan 25,2026
# vcom -reportprogress 300 -2008 -explicit -work presynth C:/prj/FrameReader/component/Microchip/SolutionCore/DDR_AXI4_ARBITER_PF/2.2.0/RTL/write_demux.vhd 
# -- Loading package STANDARD
# -- Loading package TEXTIO
# -- Loading package std_logic_1164
# -- Loading package NUMERIC_STD
# -- Loading package std_logic_arith
# -- Loading package STD_LOGIC_UNSIGNED
# -- Compiling entity write_demux
# -- Compiling architecture write_demux of write_demux
# End time: 21:19:48 on Jan 25,2026, Elapsed time: 0:00:01
# Errors: 0, Warnings: 0
# QuestaSim Pro Microchip Edition-64 vlog 2024.3 Compiler 2024.09 Sep 10 2024
# Start time: 21:19:48 on Jan 25,2026
# vlog -reportprogress 300 -sv -work presynth C:/prj/FrameReader/component/Microchip/SolutionCore/DDR_AXI4_ARBITER_PF/2.2.0/RTL/write_top.v 
# -- Compiling module write_top
# 
# Top level modules:
# 	write_top
# End time: 21:19:48 on Jan 25,2026, Elapsed time: 0:00:00
# Errors: 0, Warnings: 0
# QuestaSim Pro Microchip Edition-64 vcom 2024.3 Compiler 2024.09 Sep 10 2024
# Start time: 21:19:48 on Jan 25,2026
# vcom -reportprogress 300 -2008 -explicit -work presynth C:/prj/FrameReader/component/Microchip/SolutionCore/DDR_AXI4_ARBITER_PF/2.2.0/RTL/read_demux.vhd 
# -- Loading package STANDARD
# -- Loading package TEXTIO
# -- Loading package std_logic_1164
# -- Loading package NUMERIC_STD
# -- Loading package std_logic_arith
# -- Loading package STD_LOGIC_UNSIGNED
# -- Compiling entity read_demux
# -- Compiling architecture read_demux of read_demux
# End time: 21:19:48 on Jan 25,2026, Elapsed time: 0:00:00
# Errors: 0, Warnings: 0
# QuestaSim Pro Microchip Edition-64 vcom 2024.3 Compiler 2024.09 Sep 10 2024
# Start time: 21:19:48 on Jan 25,2026
# vcom -reportprogress 300 -2008 -explicit -work presynth C:/prj/FrameReader/component/Microchip/SolutionCore/DDR_AXI4_ARBITER_PF/2.2.0/RTL/read_mux.vhd 
# -- Loading package STANDARD
# -- Loading package TEXTIO
# -- Loading package std_logic_1164
# -- Compiling entity read_mux
# -- Compiling architecture read_mux of read_mux
# End time: 21:19:48 on Jan 25,2026, Elapsed time: 0:00:00
# Errors: 0, Warnings: 0
# QuestaSim Pro Microchip Edition-64 vlog 2024.3 Compiler 2024.09 Sep 10 2024
# Start time: 21:19:48 on Jan 25,2026
# vlog -reportprogress 300 -sv -work presynth C:/prj/FrameReader/component/Microchip/SolutionCore/DDR_AXI4_ARBITER_PF/2.2.0/RTL/read_top.v 
# -- Compiling module read_top
# 
# Top level modules:
# 	read_top
# End time: 21:19:48 on Jan 25,2026, Elapsed time: 0:00:00
# Errors: 0, Warnings: 0
# QuestaSim Pro Microchip Edition-64 vlog 2024.3 Compiler 2024.09 Sep 10 2024
# Start time: 21:19:48 on Jan 25,2026
# vlog -reportprogress 300 -sv -work presynth C:/prj/FrameReader/component/Microchip/SolutionCore/DDR_AXI4_ARBITER_PF/2.2.0/RTL/DDR_AXI4_ARBITER_PF_Native.v 
# -- Compiling module DDR_AXI4_ARBITER_PF_Native
# 
# Top level modules:
# 	DDR_AXI4_ARBITER_PF_Native
# End time: 21:19:48 on Jan 25,2026, Elapsed time: 0:00:00
# Errors: 0, Warnings: 0
# QuestaSim Pro Microchip Edition-64 vlog 2024.3 Compiler 2024.09 Sep 10 2024
# Start time: 21:19:48 on Jan 25,2026
# vlog -reportprogress 300 -sv -work presynth C:/prj/FrameReader/component/Microchip/SolutionCore/DDR_AXI4_ARBITER_PF/2.2.0/RTL/DDR_AXI4_ARBITER_PF.v 
# -- Compiling module DDR_AXI4_ARBITER_PF
# 
# Top level modules:
# 	DDR_AXI4_ARBITER_PF
# End time: 21:19:48 on Jan 25,2026, Elapsed time: 0:00:00
# Errors: 0, Warnings: 0
# QuestaSim Pro Microchip Edition-64 vlog 2024.3 Compiler 2024.09 Sep 10 2024
# Start time: 21:19:48 on Jan 25,2026
# vlog -reportprogress 300 -sv -work presynth C:/prj/FrameReader/component/work/DDR_AXI4_ARBITER_PF_C0/DDR_AXI4_ARBITER_PF_C0.v 
# -- Compiling module DDR_AXI4_ARBITER_PF_C0
# 
# Top level modules:
# 	DDR_AXI4_ARBITER_PF_C0
# End time: 21:19:49 on Jan 25,2026, Elapsed time: 0:00:01
# Errors: 0, Warnings: 0
# QuestaSim Pro Microchip Edition-64 vlog 2024.3 Compiler 2024.09 Sep 10 2024
# Start time: 21:19:49 on Jan 25,2026
# vlog -reportprogress 300 -sv -work presynth C:/prj/FrameReader/component/Microchip/SolutionCore/Display_Controller/5.0.0/Encrypted/display_controller.v 
# -- Compiling module Display_Controller
# ** Warning: C:/prj/FrameReader/component/Microchip/SolutionCore/Display_Controller/5.0.0/Encrypted/display_controller.v(216): (vlog-14157) Protect keyword "data_keyowner" is not supported and will have no effect.
# ** Warning: C:/prj/FrameReader/component/Microchip/SolutionCore/Display_Controller/5.0.0/Encrypted/display_controller.v(216): (vlog-14157) Protect keyword "data_keyname" is not supported and will have no effect.
# 
# Top level modules:
# 	Display_Controller
# End time: 21:19:49 on Jan 25,2026, Elapsed time: 0:00:00
# Errors: 0, Warnings: 2
# QuestaSim Pro Microchip Edition-64 vlog 2024.3 Compiler 2024.09 Sep 10 2024
# Start time: 21:19:49 on Jan 25,2026
# vlog -reportprogress 300 -sv -work presynth C:/prj/FrameReader/component/work/Display_Controller_C0/Display_Controller_C0.v 
# -- Compiling module Display_Controller_C0
# 
# Top level modules:
# 	Display_Controller_C0
# End time: 21:19:49 on Jan 25,2026, Elapsed time: 0:00:00
# Errors: 0, Warnings: 0
# QuestaSim Pro Microchip Edition-64 vlog 2024.3 Compiler 2024.09 Sep 10 2024
# Start time: 21:19:49 on Jan 25,2026
# vlog -reportprogress 300 -sv -work presynth C:/prj/FrameReader/component/work/PF_SRAM_AHBL_AXI_C0/PF_TPSRAM_AHB_AXI_0/PF_SRAM_AHBL_AXI_C0_PF_TPSRAM_AHB_AXI_0_PF_TPSRAM.v 
# -- Compiling module PF_SRAM_AHBL_AXI_C0_PF_TPSRAM_AHB_AXI_0_PF_TPSRAM
# 
# Top level modules:
# 	PF_SRAM_AHBL_AXI_C0_PF_TPSRAM_AHB_AXI_0_PF_TPSRAM
# End time: 21:19:49 on Jan 25,2026, Elapsed time: 0:00:00
# Errors: 0, Warnings: 0
# QuestaSim Pro Microchip Edition-64 vlog 2024.3 Compiler 2024.09 Sep 10 2024
# Start time: 21:19:49 on Jan 25,2026
# vlog -reportprogress 300 -sv -work presynth C:/prj/FrameReader/component/work/PF_SRAM_AHBL_AXI_C0/COREAXI4SRAM_0/rtl/vlog/core/CoreAXI4SRAM_MAINCTRL_ECC.v 
# -- Compiling module PF_SRAM_AHBL_AXI_C0_COREAXI4SRAM_0_CoreAXI4SRAM_MAINCTRL_ECC
# 
# Top level modules:
# 	PF_SRAM_AHBL_AXI_C0_COREAXI4SRAM_0_CoreAXI4SRAM_MAINCTRL_ECC
# End time: 21:19:49 on Jan 25,2026, Elapsed time: 0:00:00
# Errors: 0, Warnings: 0
# QuestaSim Pro Microchip Edition-64 vlog 2024.3 Compiler 2024.09 Sep 10 2024
# Start time: 21:19:49 on Jan 25,2026
# vlog -reportprogress 300 -sv -work presynth C:/prj/FrameReader/component/work/PF_SRAM_AHBL_AXI_C0/COREAXI4SRAM_0/rtl/vlog/core/CoreAXI4SRAM_MAINCTRL.v 
# -- Compiling module PF_SRAM_AHBL_AXI_C0_COREAXI4SRAM_0_CoreAXI4SRAM_MAINCTRL
# 
# Top level modules:
# 	PF_SRAM_AHBL_AXI_C0_COREAXI4SRAM_0_CoreAXI4SRAM_MAINCTRL
# End time: 21:19:49 on Jan 25,2026, Elapsed time: 0:00:00
# Errors: 0, Warnings: 0
# QuestaSim Pro Microchip Edition-64 vlog 2024.3 Compiler 2024.09 Sep 10 2024
# Start time: 21:19:49 on Jan 25,2026
# vlog -reportprogress 300 -sv -work presynth C:/prj/FrameReader/component/work/PF_SRAM_AHBL_AXI_C0/COREAXI4SRAM_0/rtl/vlog/core/CoreAXI4SRAM_SLVIF.v 
# -- Compiling module PF_SRAM_AHBL_AXI_C0_COREAXI4SRAM_0_CoreAXI4SRAM_SLVIF
# 
# Top level modules:
# 	PF_SRAM_AHBL_AXI_C0_COREAXI4SRAM_0_CoreAXI4SRAM_SLVIF
# End time: 21:19:49 on Jan 25,2026, Elapsed time: 0:00:00
# Errors: 0, Warnings: 0
# QuestaSim Pro Microchip Edition-64 vlog 2024.3 Compiler 2024.09 Sep 10 2024
# Start time: 21:19:49 on Jan 25,2026
# vlog -reportprogress 300 -sv -work presynth C:/prj/FrameReader/component/work/PF_SRAM_AHBL_AXI_C0/COREAXI4SRAM_0/rtl/vlog/core/CoreAXI4SRAM.v 
# -- Compiling module PF_SRAM_AHBL_AXI_C0_COREAXI4SRAM_0_COREAXI4SRAM
# 
# Top level modules:
# 	PF_SRAM_AHBL_AXI_C0_COREAXI4SRAM_0_COREAXI4SRAM
# End time: 21:19:49 on Jan 25,2026, Elapsed time: 0:00:00
# Errors: 0, Warnings: 0
# QuestaSim Pro Microchip Edition-64 vlog 2024.3 Compiler 2024.09 Sep 10 2024
# Start time: 21:19:50 on Jan 25,2026
# vlog -reportprogress 300 -sv -work presynth C:/prj/FrameReader/component/work/PF_SRAM_AHBL_AXI_C0/PF_SRAM_AHBL_AXI_C0.v 
# -- Compiling module PF_SRAM_AHBL_AXI_C0
# 
# Top level modules:
# 	PF_SRAM_AHBL_AXI_C0
# End time: 21:19:50 on Jan 25,2026, Elapsed time: 0:00:00
# Errors: 0, Warnings: 0
# QuestaSim Pro Microchip Edition-64 vlog 2024.3 Compiler 2024.09 Sep 10 2024
# Start time: 21:19:50 on Jan 25,2026
# vlog -reportprogress 300 -sv -work presynth C:/prj/FrameReader/hdl/Arbiter_Initiator_Rd_IF.v 
# -- Compiling module Arbiter_Initiator_Rd_IF
# 
# Top level modules:
# 	Arbiter_Initiator_Rd_IF
# End time: 21:19:50 on Jan 25,2026, Elapsed time: 0:00:00
# Errors: 0, Warnings: 0
# QuestaSim Pro Microchip Edition-64 vlog 2024.3 Compiler 2024.09 Sep 10 2024
# Start time: 21:19:50 on Jan 25,2026
# vlog -reportprogress 300 -sv -work presynth C:/prj/FrameReader/hdl/corefifo_fwft.v 
# -- Compiling module DDR_READ_ASYMM_FIFO_DDR_READ_ASYMM_FIFO_0_corefifo_fwft
# 
# Top level modules:
# 	DDR_READ_ASYMM_FIFO_DDR_READ_ASYMM_FIFO_0_corefifo_fwft
# End time: 21:19:50 on Jan 25,2026, Elapsed time: 0:00:00
# Errors: 0, Warnings: 0
# QuestaSim Pro Microchip Edition-64 vlog 2024.3 Compiler 2024.09 Sep 10 2024
# Start time: 21:19:50 on Jan 25,2026
# vlog -reportprogress 300 -sv -work presynth C:/prj/FrameReader/hdl/corefifo_sync_scntr.v 
# -- Compiling module DDR_READ_ASYMM_FIFO_DDR_READ_ASYMM_FIFO_0_corefifo_sync_scntr
# 
# Top level modules:
# 	DDR_READ_ASYMM_FIFO_DDR_READ_ASYMM_FIFO_0_corefifo_sync_scntr
# End time: 21:19:50 on Jan 25,2026, Elapsed time: 0:00:00
# Errors: 0, Warnings: 0
# QuestaSim Pro Microchip Edition-64 vlog 2024.3 Compiler 2024.09 Sep 10 2024
# Start time: 21:19:50 on Jan 25,2026
# vlog -reportprogress 300 -sv -work presynth C:/prj/FrameReader/hdl/corefifo_sync.v 
# -- Compiling module DDR_READ_ASYMM_FIFO_DDR_READ_ASYMM_FIFO_0_corefifo_sync
# 
# Top level modules:
# 	DDR_READ_ASYMM_FIFO_DDR_READ_ASYMM_FIFO_0_corefifo_sync
# End time: 21:19:50 on Jan 25,2026, Elapsed time: 0:00:00
# Errors: 0, Warnings: 0
# QuestaSim Pro Microchip Edition-64 vlog 2024.3 Compiler 2024.09 Sep 10 2024
# Start time: 21:19:50 on Jan 25,2026
# vlog -reportprogress 300 -sv -work presynth C:/prj/FrameReader/hdl/corefifo_graytobinconv.v 
# -- Compiling module DDR_READ_ASYMM_FIFO_DDR_READ_ASYMM_FIFO_0_corefifo_graytobinconv
# 
# Top level modules:
# 	DDR_READ_ASYMM_FIFO_DDR_READ_ASYMM_FIFO_0_corefifo_graytobinconv
# End time: 21:19:50 on Jan 25,2026, Elapsed time: 0:00:00
# Errors: 0, Warnings: 0
# QuestaSim Pro Microchip Edition-64 vlog 2024.3 Compiler 2024.09 Sep 10 2024
# Start time: 21:19:50 on Jan 25,2026
# vlog -reportprogress 300 -sv -work presynth C:/prj/FrameReader/hdl/corefifo_nstagessync.v 
# -- Compiling module DDR_READ_ASYMM_FIFO_DDR_READ_ASYMM_FIFO_0_corefifo_nstagessync
# 
# Top level modules:
# 	DDR_READ_ASYMM_FIFO_DDR_READ_ASYMM_FIFO_0_corefifo_nstagessync
# End time: 21:19:50 on Jan 25,2026, Elapsed time: 0:00:00
# Errors: 0, Warnings: 0
# QuestaSim Pro Microchip Edition-64 vlog 2024.3 Compiler 2024.09 Sep 10 2024
# Start time: 21:19:51 on Jan 25,2026
# vlog -reportprogress 300 -sv -work presynth C:/prj/FrameReader/hdl/corefifo_async.v 
# -- Compiling module DDR_READ_ASYMM_FIFO_DDR_READ_ASYMM_FIFO_0_corefifo_async
# 
# Top level modules:
# 	DDR_READ_ASYMM_FIFO_DDR_READ_ASYMM_FIFO_0_corefifo_async
# End time: 21:19:51 on Jan 25,2026, Elapsed time: 0:00:00
# Errors: 0, Warnings: 0
# QuestaSim Pro Microchip Edition-64 vlog 2024.3 Compiler 2024.09 Sep 10 2024
# Start time: 21:19:51 on Jan 25,2026
# vlog -reportprogress 300 -sv -work presynth C:/prj/FrameReader/hdl/DDR_READ_ASYMM_FIFO_DDR_READ_ASYMM_FIFO_0_LSRAM_top.v 
# -- Compiling module DDR_READ_ASYMM_FIFO_DDR_READ_ASYMM_FIFO_0_LSRAM_top
# 
# Top level modules:
# 	DDR_READ_ASYMM_FIFO_DDR_READ_ASYMM_FIFO_0_LSRAM_top
# End time: 21:19:51 on Jan 25,2026, Elapsed time: 0:00:00
# Errors: 0, Warnings: 0
# QuestaSim Pro Microchip Edition-64 vlog 2024.3 Compiler 2024.09 Sep 10 2024
# Start time: 21:19:51 on Jan 25,2026
# vlog -reportprogress 300 -sv -work presynth C:/prj/FrameReader/hdl/DDR_READ_ASYMM_FIFO_DDR_READ_ASYMM_FIFO_0_ram_wrapper.v 
# -- Compiling module DDR_READ_ASYMM_FIFO_DDR_READ_ASYMM_FIFO_0_ram_wrapper
# 
# Top level modules:
# 	DDR_READ_ASYMM_FIFO_DDR_READ_ASYMM_FIFO_0_ram_wrapper
# End time: 21:19:51 on Jan 25,2026, Elapsed time: 0:00:00
# Errors: 0, Warnings: 0
# QuestaSim Pro Microchip Edition-64 vlog 2024.3 Compiler 2024.09 Sep 10 2024
# Start time: 21:19:51 on Jan 25,2026
# vlog -reportprogress 300 -sv -work presynth C:/prj/FrameReader/hdl/COREFIFO.v 
# -- Compiling module DDR_READ_ASYMM_FIFO_DDR_READ_ASYMM_FIFO_0_COREFIFO
# 
# Top level modules:
# 	DDR_READ_ASYMM_FIFO_DDR_READ_ASYMM_FIFO_0_COREFIFO
# End time: 21:19:51 on Jan 25,2026, Elapsed time: 0:00:00
# Errors: 0, Warnings: 0
# QuestaSim Pro Microchip Edition-64 vlog 2024.3 Compiler 2024.09 Sep 10 2024
# Start time: 21:19:51 on Jan 25,2026
# vlog -reportprogress 300 -sv -work presynth C:/prj/FrameReader/hdl/DDR_read_controller.v 
# -- Compiling module DDR_read_controller
# 
# Top level modules:
# 	DDR_read_controller
# End time: 21:19:51 on Jan 25,2026, Elapsed time: 0:00:00
# Errors: 0, Warnings: 0
# QuestaSim Pro Microchip Edition-64 vlog 2024.3 Compiler 2024.09 Sep 10 2024
# Start time: 21:19:51 on Jan 25,2026
# vlog -reportprogress 300 -sv -work presynth C:/prj/FrameReader/hdl/DDR_Read_Native.v 
# -- Compiling module DDR_Read_Native
# 
# Top level modules:
# 	DDR_Read_Native
# End time: 21:19:51 on Jan 25,2026, Elapsed time: 0:00:00
# Errors: 0, Warnings: 0
# QuestaSim Pro Microchip Edition-64 vlog 2024.3 Compiler 2024.09 Sep 10 2024
# Start time: 21:19:51 on Jan 25,2026
# vlog -reportprogress 300 -sv -work presynth C:/prj/FrameReader/hdl/DDR_Read.v 
# -- Compiling module DDR_Read
# 
# Top level modules:
# 	DDR_Read
# End time: 21:19:51 on Jan 25,2026, Elapsed time: 0:00:00
# Errors: 0, Warnings: 0
# QuestaSim Pro Microchip Edition-64 vlog 2024.3 Compiler 2024.09 Sep 10 2024
# Start time: 21:19:52 on Jan 25,2026
# vlog -reportprogress 300 -sv -work presynth C:/prj/FrameReader/component/work/FrameRD/FrameRD.v 
# -- Compiling module FrameRD
# 
# Top level modules:
# 	FrameRD
# End time: 21:19:52 on Jan 25,2026, Elapsed time: 0:00:00
# Errors: 0, Warnings: 0
# QuestaSim Pro Microchip Edition-64 vlog 2024.3 Compiler 2024.09 Sep 10 2024
# Start time: 21:19:52 on Jan 25,2026
# vlog -reportprogress 300 "+incdir+C:/prj/FrameReader/component/Actel/Simulation/CLK_GEN/1.0.1" "+incdir+C:/prj/FrameReader/component/work/CLK_GEN_C0" "+incdir+C:/prj/FrameReader/component/work/DDR_CLK" "+incdir+C:/prj/FrameReader/component/Actel/Simulation/PULSE_GEN/1.0.1" "+incdir+C:/prj/FrameReader/component/work/PULSE_GEN_C0" "+incdir+C:/prj/FrameReader/component/Actel/Simulation/RESET_GEN/1.0.1" "+incdir+C:/prj/FrameReader/component/work/RESET_GEN_C0" "+incdir+C:/prj/FrameReader/component/work/FrameRD_TB" -sv -work presynth C:/prj/FrameReader/component/Actel/Simulation/CLK_GEN/1.0.1/CLK_GEN.v 
# -- Compiling module CLK_GEN
# 
# Top level modules:
# 	CLK_GEN
# End time: 21:19:52 on Jan 25,2026, Elapsed time: 0:00:00
# Errors: 0, Warnings: 0
# QuestaSim Pro Microchip Edition-64 vlog 2024.3 Compiler 2024.09 Sep 10 2024
# Start time: 21:19:52 on Jan 25,2026
# vlog -reportprogress 300 "+incdir+C:/prj/FrameReader/component/Actel/Simulation/CLK_GEN/1.0.1" "+incdir+C:/prj/FrameReader/component/work/CLK_GEN_C0" "+incdir+C:/prj/FrameReader/component/work/DDR_CLK" "+incdir+C:/prj/FrameReader/component/Actel/Simulation/PULSE_GEN/1.0.1" "+incdir+C:/prj/FrameReader/component/work/PULSE_GEN_C0" "+incdir+C:/prj/FrameReader/component/Actel/Simulation/RESET_GEN/1.0.1" "+incdir+C:/prj/FrameReader/component/work/RESET_GEN_C0" "+incdir+C:/prj/FrameReader/component/work/FrameRD_TB" -sv -work presynth C:/prj/FrameReader/component/work/CLK_GEN_C0/CLK_GEN_C0.v 
# -- Compiling module CLK_GEN_C0
# 
# Top level modules:
# 	CLK_GEN_C0
# End time: 21:19:52 on Jan 25,2026, Elapsed time: 0:00:00
# Errors: 0, Warnings: 0
# QuestaSim Pro Microchip Edition-64 vlog 2024.3 Compiler 2024.09 Sep 10 2024
# Start time: 21:19:52 on Jan 25,2026
# vlog -reportprogress 300 "+incdir+C:/prj/FrameReader/component/Actel/Simulation/CLK_GEN/1.0.1" "+incdir+C:/prj/FrameReader/component/work/CLK_GEN_C0" "+incdir+C:/prj/FrameReader/component/work/DDR_CLK" "+incdir+C:/prj/FrameReader/component/Actel/Simulation/PULSE_GEN/1.0.1" "+incdir+C:/prj/FrameReader/component/work/PULSE_GEN_C0" "+incdir+C:/prj/FrameReader/component/Actel/Simulation/RESET_GEN/1.0.1" "+incdir+C:/prj/FrameReader/component/work/RESET_GEN_C0" "+incdir+C:/prj/FrameReader/component/work/FrameRD_TB" -sv -work presynth C:/prj/FrameReader/component/work/DDR_CLK/DDR_CLK.v 
# -- Compiling module DDR_CLK
# 
# Top level modules:
# 	DDR_CLK
# End time: 21:19:52 on Jan 25,2026, Elapsed time: 0:00:00
# Errors: 0, Warnings: 0
# QuestaSim Pro Microchip Edition-64 vlog 2024.3 Compiler 2024.09 Sep 10 2024
# Start time: 21:19:52 on Jan 25,2026
# vlog -reportprogress 300 "+incdir+C:/prj/FrameReader/component/Actel/Simulation/CLK_GEN/1.0.1" "+incdir+C:/prj/FrameReader/component/work/CLK_GEN_C0" "+incdir+C:/prj/FrameReader/component/work/DDR_CLK" "+incdir+C:/prj/FrameReader/component/Actel/Simulation/PULSE_GEN/1.0.1" "+incdir+C:/prj/FrameReader/component/work/PULSE_GEN_C0" "+incdir+C:/prj/FrameReader/component/Actel/Simulation/RESET_GEN/1.0.1" "+incdir+C:/prj/FrameReader/component/work/RESET_GEN_C0" "+incdir+C:/prj/FrameReader/component/work/FrameRD_TB" -sv -work presynth C:/prj/FrameReader/component/Actel/Simulation/PULSE_GEN/1.0.1/PULSE_GEN.v 
# -- Compiling module PULSE_GEN
# 
# Top level modules:
# 	PULSE_GEN
# End time: 21:19:52 on Jan 25,2026, Elapsed time: 0:00:00
# Errors: 0, Warnings: 0
# QuestaSim Pro Microchip Edition-64 vlog 2024.3 Compiler 2024.09 Sep 10 2024
# Start time: 21:19:52 on Jan 25,2026
# vlog -reportprogress 300 "+incdir+C:/prj/FrameReader/component/Actel/Simulation/CLK_GEN/1.0.1" "+incdir+C:/prj/FrameReader/component/work/CLK_GEN_C0" "+incdir+C:/prj/FrameReader/component/work/DDR_CLK" "+incdir+C:/prj/FrameReader/component/Actel/Simulation/PULSE_GEN/1.0.1" "+incdir+C:/prj/FrameReader/component/work/PULSE_GEN_C0" "+incdir+C:/prj/FrameReader/component/Actel/Simulation/RESET_GEN/1.0.1" "+incdir+C:/prj/FrameReader/component/work/RESET_GEN_C0" "+incdir+C:/prj/FrameReader/component/work/FrameRD_TB" -sv -work presynth C:/prj/FrameReader/component/work/PULSE_GEN_C0/PULSE_GEN_C0.v 
# -- Compiling module PULSE_GEN_C0
# 
# Top level modules:
# 	PULSE_GEN_C0
# End time: 21:19:52 on Jan 25,2026, Elapsed time: 0:00:00
# Errors: 0, Warnings: 0
# QuestaSim Pro Microchip Edition-64 vlog 2024.3 Compiler 2024.09 Sep 10 2024
# Start time: 21:19:52 on Jan 25,2026
# vlog -reportprogress 300 "+incdir+C:/prj/FrameReader/component/Actel/Simulation/CLK_GEN/1.0.1" "+incdir+C:/prj/FrameReader/component/work/CLK_GEN_C0" "+incdir+C:/prj/FrameReader/component/work/DDR_CLK" "+incdir+C:/prj/FrameReader/component/Actel/Simulation/PULSE_GEN/1.0.1" "+incdir+C:/prj/FrameReader/component/work/PULSE_GEN_C0" "+incdir+C:/prj/FrameReader/component/Actel/Simulation/RESET_GEN/1.0.1" "+incdir+C:/prj/FrameReader/component/work/RESET_GEN_C0" "+incdir+C:/prj/FrameReader/component/work/FrameRD_TB" -sv -work presynth C:/prj/FrameReader/component/Actel/Simulation/RESET_GEN/1.0.1/RESET_GEN.v 
# -- Compiling module RESET_GEN
# 
# Top level modules:
# 	RESET_GEN
# End time: 21:19:52 on Jan 25,2026, Elapsed time: 0:00:00
# Errors: 0, Warnings: 0
# QuestaSim Pro Microchip Edition-64 vlog 2024.3 Compiler 2024.09 Sep 10 2024
# Start time: 21:19:52 on Jan 25,2026
# vlog -reportprogress 300 "+incdir+C:/prj/FrameReader/component/Actel/Simulation/CLK_GEN/1.0.1" "+incdir+C:/prj/FrameReader/component/work/CLK_GEN_C0" "+incdir+C:/prj/FrameReader/component/work/DDR_CLK" "+incdir+C:/prj/FrameReader/component/Actel/Simulation/PULSE_GEN/1.0.1" "+incdir+C:/prj/FrameReader/component/work/PULSE_GEN_C0" "+incdir+C:/prj/FrameReader/component/Actel/Simulation/RESET_GEN/1.0.1" "+incdir+C:/prj/FrameReader/component/work/RESET_GEN_C0" "+incdir+C:/prj/FrameReader/component/work/FrameRD_TB" -sv -work presynth C:/prj/FrameReader/component/work/RESET_GEN_C0/RESET_GEN_C0.v 
# -- Compiling module RESET_GEN_C0
# 
# Top level modules:
# 	RESET_GEN_C0
# End time: 21:19:53 on Jan 25,2026, Elapsed time: 0:00:01
# Errors: 0, Warnings: 0
# QuestaSim Pro Microchip Edition-64 vlog 2024.3 Compiler 2024.09 Sep 10 2024
# Start time: 21:19:53 on Jan 25,2026
# vlog -reportprogress 300 "+incdir+C:/prj/FrameReader/component/Actel/Simulation/CLK_GEN/1.0.1" "+incdir+C:/prj/FrameReader/component/work/CLK_GEN_C0" "+incdir+C:/prj/FrameReader/component/work/DDR_CLK" "+incdir+C:/prj/FrameReader/component/Actel/Simulation/PULSE_GEN/1.0.1" "+incdir+C:/prj/FrameReader/component/work/PULSE_GEN_C0" "+incdir+C:/prj/FrameReader/component/Actel/Simulation/RESET_GEN/1.0.1" "+incdir+C:/prj/FrameReader/component/work/RESET_GEN_C0" "+incdir+C:/prj/FrameReader/component/work/FrameRD_TB" -sv -work presynth C:/prj/FrameReader/component/work/FrameRD_TB/FrameRD_TB.v 
# -- Compiling module FrameRD_TB
# 
# Top level modules:
# 	FrameRD_TB
# End time: 21:19:53 on Jan 25,2026, Elapsed time: 0:00:00
# Errors: 0, Warnings: 0
# vsim -voptargs="+acc" -L PolarFire -L presynth -t 1ps -displaymsgmode both presynth.FrameRD_TB 
# Start time: 21:19:53 on Jan 25,2026
# ** Note: (vsim-3813) Design is being optimized due to module recompilation...
# ** Warning: (vopt-10908) Some optimizations are turned off because the +acc switch is in effect.
# ** Note: (vsim-12126) Error and warning message counts have been restored: Errors=0, Warnings=1.
# Loading sv_std.std
# Loading work.FrameRD_TB(fast)
# Loading work.DDR_CLK(fast)
# Loading work.CLK_GEN(fast)
# Loading work.FrameRD(fast)
# Loading PolarFire.AND2(fast)
# Loading PolarFire.CFG2(fast)
# Loading work.DDR_AXI4_ARBITER_PF_C0(fast)
# Loading work.DDR_AXI4_ARBITER_PF(fast)
# Loading work.AXI4_S_IF(fast)
# Loading work.AXI4_M_M_IF(fast)
# Loading work.DDR_AXI4_ARBITER_PF_Native(fast)
# Loading work.ddr_rw_arbiter(fast)
# Loading work.ddr_rw_arbiter_C0_ddr_rw_arbiter_C0_0_video_axi_fifo(fast)
# Loading work.ddr_rw_arbiter_C0_ddr_rw_arbiter_C0_0_ram_wrapper(fast)
# Loading work.ddr_rw_arbiter_C0_ddr_rw_arbiter_C0_0_LSRAM_top(fast)
# Loading work.ddr_rw_arbiter_C0_ddr_rw_arbiter_C0_0_corefifo_fwft(fast)
# Loading work.ddr_rw_arbiter_C0_ddr_rw_arbiter_C0_0_corefifo_sync_scntr(fast)
# Loading work.ddr_rw_arbiter_C0_ddr_rw_arbiter_C0_0_video_axi_fifo(fast__1)
# Loading work.ddr_rw_arbiter_C0_ddr_rw_arbiter_C0_0_ram_wrapper(fast__1)
# Loading work.ddr_rw_arbiter_C0_ddr_rw_arbiter_C0_0_LSRAM_top(fast__1)
# Loading work.ddr_rw_arbiter_C0_ddr_rw_arbiter_C0_0_corefifo_fwft(fast__1)
# Loading work.ddr_rw_arbiter_C0_ddr_rw_arbiter_C0_0_corefifo_sync_scntr(fast__1)
# Loading work.read_top(fast)
# Loading work.write_top(fast)
# Loading work.DDR_Read(fast)
# Loading work.Arbiter_Initiator_Rd_IF(fast)
# Loading work.DDR_Read_Native(fast)
# Loading work.DDR_read_controller(fast)
# Loading work.DDR_READ_ASYMM_FIFO_DDR_READ_ASYMM_FIFO_0_COREFIFO(fast)
# Loading work.DDR_READ_ASYMM_FIFO_DDR_READ_ASYMM_FIFO_0_ram_wrapper(fast)
# Loading work.DDR_READ_ASYMM_FIFO_DDR_READ_ASYMM_FIFO_0_LSRAM_top(fast)
# Loading PolarFire.RAM1K20(fast)
# Loading PolarFire.RAM1K20_IP(fast)
# Loading PolarFire.RAM_DLY(fast)
# Loading PolarFire.ECC_PIPELINE(fast)
# Loading PolarFire.SLE_Prim(fast)
# Loading PolarFire.ECC_PIPELINE(fast__1)
# Loading PolarFire.SLE_Prim(fast__1)
# Loading PolarFire.ECC_PIPELINE(fast__2)
# Loading PolarFire.CFG1(fast)
# Loading PolarFire.OR2(fast)
# Loading PolarFire.CFG2(fast__1)
# Loading PolarFire.GND(fast)
# Loading PolarFire.VCC(fast)
# Loading work.DDR_READ_ASYMM_FIFO_DDR_READ_ASYMM_FIFO_0_corefifo_async(fast)
# Loading work.DDR_READ_ASYMM_FIFO_DDR_READ_ASYMM_FIFO_0_corefifo_nstagessync(fast)
# Loading work.DDR_READ_ASYMM_FIFO_DDR_READ_ASYMM_FIFO_0_corefifo_nstagessync(fast__1)
# Loading work.DDR_READ_ASYMM_FIFO_DDR_READ_ASYMM_FIFO_0_corefifo_graytobinconv(fast)
# Loading work.DDR_READ_ASYMM_FIFO_DDR_READ_ASYMM_FIFO_0_corefifo_graytobinconv(fast__1)
# Loading PolarFire.DFN1(fast)
# Loading PolarFire.SLE(fast)
# Loading work.Display_Controller_C0(fast)
# Loading work.Display_Controller(fast)
# Loading work.PF_SRAM_AHBL_AXI_C0(fast)
# Loading work.PF_SRAM_AHBL_AXI_C0_COREAXI4SRAM_0_COREAXI4SRAM(fast)
# Loading work.PF_SRAM_AHBL_AXI_C0_COREAXI4SRAM_0_CoreAXI4SRAM_MAINCTRL(fast)
# Loading work.PF_SRAM_AHBL_AXI_C0_COREAXI4SRAM_0_CoreAXI4SRAM_SLVIF(fast)
# Loading work.PF_SRAM_AHBL_AXI_C0_PF_TPSRAM_AHB_AXI_0_PF_TPSRAM(fast)
# Loading PolarFire.OR4(fast)
# Loading PolarFire.CFG4(fast)
# Loading PolarFire.RAM1K20(fast__1)
# Loading PolarFire.RAM1K20_IP(fast__1)
# Loading PolarFire.RAM1K20(fast__2)
# Loading PolarFire.RAM1K20_IP(fast__2)
# Loading PolarFire.RAM1K20(fast__3)
# Loading PolarFire.RAM1K20_IP(fast__3)
# Loading PolarFire.RAM1K20(fast__4)
# Loading PolarFire.RAM1K20_IP(fast__4)
# Loading PolarFire.RAM1K20(fast__5)
# Loading PolarFire.RAM1K20_IP(fast__5)
# Loading PolarFire.RAM1K20(fast__6)
# Loading PolarFire.RAM1K20_IP(fast__6)
# Loading PolarFire.RAM1K20(fast__7)
# Loading PolarFire.RAM1K20_IP(fast__7)
# Loading PolarFire.RAM1K20(fast__8)
# Loading PolarFire.RAM1K20_IP(fast__8)
# Loading work.CLK_GEN_C0(fast)
# Loading work.CLK_GEN(fast__1)
# Loading work.PULSE_GEN_C0(fast)
# Loading work.PULSE_GEN(fast)
# Loading work.RESET_GEN_C0(fast)
# Loading work.RESET_GEN(fast)
# Loading std.standard
# Loading std.textio(body)
# Loading ieee.std_logic_1164(body)
# Loading ieee.numeric_std(body)
# Loading ieee.std_logic_arith(body)
# Loading ieee.std_logic_unsigned(body)
# Loading work.read_demux(read_demux)#1
# Loading work.read_mux(read_mux)#1
# Loading work.request_scheduler(request_scheduler)#1
# Loading work.write_demux(write_demux)#1
# Loading work.write_mux(write_mux)#1
# Break key hit
# Simulation stop requested.
# can't find package ScintillaTk
write format wave -window .main_pane.wave.interior.cs.body.pw.wf C:/prj/FrameReader/simulation/wave.do
add wave -position insertpoint  \
sim:/FrameRD_TB/FrameRD_0/DDR_Read_0/genblk1/DDR_Read_Native_6/g_DDR_AXI_DWIDTH_I
add wave -position insertpoint  \
sim:/FrameRD_TB/FrameRD_0/DDR_Read_0/genblk1/DDR_Read_Native_6/wNumBursts
run 20 ms
 run 10 ms
# Break key hit
# Break in Module DDR_READ_ASYMM_FIFO_DDR_READ_ASYMM_FIFO_0_corefifo_nstagessync at C:/prj/FrameReader/hdl/corefifo_nstagessync.v line 75
# can't find package ScintillaTk
add wave -position insertpoint sim:/FrameRD_TB/FrameRD_0/DDR_Read_0/genblk1/DDR_Read_Native_6/DDR_read_controller_0/*
add wave -position insertpoint sim:/FrameRD_TB/FrameRD_0/Display_Controller_C0_0/*
quit -sim
# End time: 00:19:30 on Jan 26,2026, Elapsed time: 2:59:37
# Errors: 0, Warnings: 1
do run.do
# INFO: Simulation library presynth already exists
# QuestaSim Pro Microchip Edition-64 vmap 2024.3 Lib Mapping Utility 2024.09 Sep 10 2024
# vmap presynth presynth 
# Modifying modelsim.ini
# QuestaSim Pro Microchip Edition-64 vmap 2024.3 Lib Mapping Utility 2024.09 Sep 10 2024
# vmap PolarFire C:/Microchip/Libero_SoC_2025.1/Libero_SoC/Designer/lib/questasim/precompiled/vlog/polarfire 
# Modifying modelsim.ini
# QuestaSim Pro Microchip Edition-64 vlog 2024.3 Compiler 2024.09 Sep 10 2024
# Start time: 00:19:39 on Jan 26,2026
# vlog -reportprogress 300 -sv -work presynth C:/prj/FrameReader/component/Microchip/SolutionCore/DDR_AXI4_ARBITER_PF/2.2.0/RTL/AXI4_M_M_IF.v 
# -- Compiling module AXI4_M_M_IF
# 
# Top level modules:
# 	AXI4_M_M_IF
# End time: 00:19:39 on Jan 26,2026, Elapsed time: 0:00:00
# Errors: 0, Warnings: 0
# QuestaSim Pro Microchip Edition-64 vlog 2024.3 Compiler 2024.09 Sep 10 2024
# Start time: 00:19:39 on Jan 26,2026
# vlog -reportprogress 300 -sv -work presynth C:/prj/FrameReader/component/Microchip/SolutionCore/DDR_AXI4_ARBITER_PF/2.2.0/RTL/AXI4_S_IF.v 
# -- Compiling module AXI4_S_IF
# 
# Top level modules:
# 	AXI4_S_IF
# End time: 00:19:39 on Jan 26,2026, Elapsed time: 0:00:00
# Errors: 0, Warnings: 0
# QuestaSim Pro Microchip Edition-64 vlog 2024.3 Compiler 2024.09 Sep 10 2024
# Start time: 00:19:40 on Jan 26,2026
# vlog -reportprogress 300 -sv -work presynth C:/prj/FrameReader/component/Microchip/SolutionCore/DDR_AXI4_ARBITER_PF/2.2.0/RTL/axi_lbus_corefifo_NstagesSync.v 
# -- Compiling module ddr_rw_arbiter_C0_ddr_rw_arbiter_C0_0_corefifo_NstagesSync
# 
# Top level modules:
# 	ddr_rw_arbiter_C0_ddr_rw_arbiter_C0_0_corefifo_NstagesSync
# End time: 00:19:40 on Jan 26,2026, Elapsed time: 0:00:00
# Errors: 0, Warnings: 0
# QuestaSim Pro Microchip Edition-64 vlog 2024.3 Compiler 2024.09 Sep 10 2024
# Start time: 00:19:40 on Jan 26,2026
# vlog -reportprogress 300 -sv -work presynth C:/prj/FrameReader/component/Microchip/SolutionCore/DDR_AXI4_ARBITER_PF/2.2.0/RTL/axi_lbus_corefifo_grayToBinConv.v 
# -- Compiling module ddr_rw_arbiter_C0_ddr_rw_arbiter_C0_0_corefifo_grayToBinConv
# 
# Top level modules:
# 	ddr_rw_arbiter_C0_ddr_rw_arbiter_C0_0_corefifo_grayToBinConv
# End time: 00:19:40 on Jan 26,2026, Elapsed time: 0:00:00
# Errors: 0, Warnings: 0
# QuestaSim Pro Microchip Edition-64 vlog 2024.3 Compiler 2024.09 Sep 10 2024
# Start time: 00:19:40 on Jan 26,2026
# vlog -reportprogress 300 -sv -work presynth C:/prj/FrameReader/component/Microchip/SolutionCore/DDR_AXI4_ARBITER_PF/2.2.0/RTL/axi_lbus_corefifo_async.v 
# -- Compiling module ddr_rw_arbiter_C0_ddr_rw_arbiter_C0_0_corefifo_async
# 
# Top level modules:
# 	ddr_rw_arbiter_C0_ddr_rw_arbiter_C0_0_corefifo_async
# End time: 00:19:40 on Jan 26,2026, Elapsed time: 0:00:00
# Errors: 0, Warnings: 0
# QuestaSim Pro Microchip Edition-64 vlog 2024.3 Compiler 2024.09 Sep 10 2024
# Start time: 00:19:40 on Jan 26,2026
# vlog -reportprogress 300 -sv -work presynth C:/prj/FrameReader/component/Microchip/SolutionCore/DDR_AXI4_ARBITER_PF/2.2.0/RTL/axi_lbus_corefifo_resetSync.v 
# -- Compiling module ddr_rw_arbiter_C0_ddr_rw_arbiter_C0_0_corefifo_resetSync
# 
# Top level modules:
# 	ddr_rw_arbiter_C0_ddr_rw_arbiter_C0_0_corefifo_resetSync
# End time: 00:19:40 on Jan 26,2026, Elapsed time: 0:00:00
# Errors: 0, Warnings: 0
# QuestaSim Pro Microchip Edition-64 vlog 2024.3 Compiler 2024.09 Sep 10 2024
# Start time: 00:19:40 on Jan 26,2026
# vlog -reportprogress 300 -sv -work presynth C:/prj/FrameReader/component/Microchip/SolutionCore/DDR_AXI4_ARBITER_PF/2.2.0/RTL/axi_lbus_corefifo_sync.v 
# -- Compiling module ddr_rw_arbiter_C0_ddr_rw_arbiter_C0_0_corefifo_sync
# 
# Top level modules:
# 	ddr_rw_arbiter_C0_ddr_rw_arbiter_C0_0_corefifo_sync
# End time: 00:19:40 on Jan 26,2026, Elapsed time: 0:00:00
# Errors: 0, Warnings: 0
# QuestaSim Pro Microchip Edition-64 vlog 2024.3 Compiler 2024.09 Sep 10 2024
# Start time: 00:19:40 on Jan 26,2026
# vlog -reportprogress 300 -sv -work presynth C:/prj/FrameReader/component/Microchip/SolutionCore/DDR_AXI4_ARBITER_PF/2.2.0/RTL/axi_lbus_corefifo_fwft.v 
# -- Compiling module ddr_rw_arbiter_C0_ddr_rw_arbiter_C0_0_corefifo_fwft
# 
# Top level modules:
# 	ddr_rw_arbiter_C0_ddr_rw_arbiter_C0_0_corefifo_fwft
# End time: 00:19:40 on Jan 26,2026, Elapsed time: 0:00:00
# Errors: 0, Warnings: 0
# QuestaSim Pro Microchip Edition-64 vlog 2024.3 Compiler 2024.09 Sep 10 2024
# Start time: 00:19:40 on Jan 26,2026
# vlog -reportprogress 300 -sv -work presynth C:/prj/FrameReader/component/Microchip/SolutionCore/DDR_AXI4_ARBITER_PF/2.2.0/RTL/axi_lbus_corefifo_sync_scntr.v 
# -- Compiling module ddr_rw_arbiter_C0_ddr_rw_arbiter_C0_0_corefifo_sync_scntr
# 
# Top level modules:
# 	ddr_rw_arbiter_C0_ddr_rw_arbiter_C0_0_corefifo_sync_scntr
# End time: 00:19:40 on Jan 26,2026, Elapsed time: 0:00:00
# Errors: 0, Warnings: 0
# QuestaSim Pro Microchip Edition-64 vlog 2024.3 Compiler 2024.09 Sep 10 2024
# Start time: 00:19:40 on Jan 26,2026
# vlog -reportprogress 300 -sv -work presynth C:/prj/FrameReader/component/Microchip/SolutionCore/DDR_AXI4_ARBITER_PF/2.2.0/RTL/axi_lbus_LSRAM_top.v 
# -- Compiling module ddr_rw_arbiter_C0_ddr_rw_arbiter_C0_0_LSRAM_top
# 
# Top level modules:
# 	ddr_rw_arbiter_C0_ddr_rw_arbiter_C0_0_LSRAM_top
# End time: 00:19:40 on Jan 26,2026, Elapsed time: 0:00:00
# Errors: 0, Warnings: 0
# QuestaSim Pro Microchip Edition-64 vlog 2024.3 Compiler 2024.09 Sep 10 2024
# Start time: 00:19:41 on Jan 26,2026
# vlog -reportprogress 300 -sv -work presynth C:/prj/FrameReader/component/Microchip/SolutionCore/DDR_AXI4_ARBITER_PF/2.2.0/RTL/axi_lbus_ram_wrapper.v 
# -- Compiling module ddr_rw_arbiter_C0_ddr_rw_arbiter_C0_0_ram_wrapper
# 
# Top level modules:
# 	ddr_rw_arbiter_C0_ddr_rw_arbiter_C0_0_ram_wrapper
# End time: 00:19:41 on Jan 26,2026, Elapsed time: 0:00:00
# Errors: 0, Warnings: 0
# QuestaSim Pro Microchip Edition-64 vlog 2024.3 Compiler 2024.09 Sep 10 2024
# Start time: 00:19:41 on Jan 26,2026
# vlog -reportprogress 300 -sv -work presynth C:/prj/FrameReader/component/Microchip/SolutionCore/DDR_AXI4_ARBITER_PF/2.2.0/RTL/video_axi_fifo.v 
# -- Compiling module ddr_rw_arbiter_C0_ddr_rw_arbiter_C0_0_video_axi_fifo
# 
# Top level modules:
# 	ddr_rw_arbiter_C0_ddr_rw_arbiter_C0_0_video_axi_fifo
# End time: 00:19:41 on Jan 26,2026, Elapsed time: 0:00:00
# Errors: 0, Warnings: 0
# QuestaSim Pro Microchip Edition-64 vlog 2024.3 Compiler 2024.09 Sep 10 2024
# Start time: 00:19:41 on Jan 26,2026
# vlog -reportprogress 300 -sv -work presynth C:/prj/FrameReader/component/Microchip/SolutionCore/DDR_AXI4_ARBITER_PF/2.2.0/RTL/ddr_rw_arbiter.v 
# -- Compiling module ddr_rw_arbiter
# 
# Top level modules:
# 	ddr_rw_arbiter
# End time: 00:19:41 on Jan 26,2026, Elapsed time: 0:00:00
# Errors: 0, Warnings: 0
# QuestaSim Pro Microchip Edition-64 vcom 2024.3 Compiler 2024.09 Sep 10 2024
# Start time: 00:19:41 on Jan 26,2026
# vcom -reportprogress 300 -2008 -explicit -work presynth C:/prj/FrameReader/component/Microchip/SolutionCore/DDR_AXI4_ARBITER_PF/2.2.0/RTL/write_mux.vhd 
# -- Loading package STANDARD
# -- Loading package TEXTIO
# -- Loading package std_logic_1164
# -- Loading package NUMERIC_STD
# -- Loading package std_logic_arith
# -- Loading package STD_LOGIC_UNSIGNED
# -- Compiling entity write_mux
# -- Compiling architecture write_mux of write_mux
# End time: 00:19:41 on Jan 26,2026, Elapsed time: 0:00:00
# Errors: 0, Warnings: 0
# QuestaSim Pro Microchip Edition-64 vcom 2024.3 Compiler 2024.09 Sep 10 2024
# Start time: 00:19:41 on Jan 26,2026
# vcom -reportprogress 300 -2008 -explicit -work presynth C:/prj/FrameReader/component/Microchip/SolutionCore/DDR_AXI4_ARBITER_PF/2.2.0/RTL/request_scheduler.vhd 
# -- Loading package STANDARD
# -- Loading package TEXTIO
# -- Loading package std_logic_1164
# -- Loading package NUMERIC_STD
# -- Loading package std_logic_arith
# -- Loading package STD_LOGIC_UNSIGNED
# -- Compiling entity request_scheduler
# -- Compiling architecture request_scheduler of request_scheduler
# End time: 00:19:41 on Jan 26,2026, Elapsed time: 0:00:00
# Errors: 0, Warnings: 0
# QuestaSim Pro Microchip Edition-64 vcom 2024.3 Compiler 2024.09 Sep 10 2024
# Start time: 00:19:41 on Jan 26,2026
# vcom -reportprogress 300 -2008 -explicit -work presynth C:/prj/FrameReader/component/Microchip/SolutionCore/DDR_AXI4_ARBITER_PF/2.2.0/RTL/write_demux.vhd 
# -- Loading package STANDARD
# -- Loading package TEXTIO
# -- Loading package std_logic_1164
# -- Loading package NUMERIC_STD
# -- Loading package std_logic_arith
# -- Loading package STD_LOGIC_UNSIGNED
# -- Compiling entity write_demux
# -- Compiling architecture write_demux of write_demux
# End time: 00:19:42 on Jan 26,2026, Elapsed time: 0:00:01
# Errors: 0, Warnings: 0
# QuestaSim Pro Microchip Edition-64 vlog 2024.3 Compiler 2024.09 Sep 10 2024
# Start time: 00:19:42 on Jan 26,2026
# vlog -reportprogress 300 -sv -work presynth C:/prj/FrameReader/component/Microchip/SolutionCore/DDR_AXI4_ARBITER_PF/2.2.0/RTL/write_top.v 
# -- Compiling module write_top
# 
# Top level modules:
# 	write_top
# End time: 00:19:42 on Jan 26,2026, Elapsed time: 0:00:00
# Errors: 0, Warnings: 0
# QuestaSim Pro Microchip Edition-64 vcom 2024.3 Compiler 2024.09 Sep 10 2024
# Start time: 00:19:42 on Jan 26,2026
# vcom -reportprogress 300 -2008 -explicit -work presynth C:/prj/FrameReader/component/Microchip/SolutionCore/DDR_AXI4_ARBITER_PF/2.2.0/RTL/read_demux.vhd 
# -- Loading package STANDARD
# -- Loading package TEXTIO
# -- Loading package std_logic_1164
# -- Loading package NUMERIC_STD
# -- Loading package std_logic_arith
# -- Loading package STD_LOGIC_UNSIGNED
# -- Compiling entity read_demux
# -- Compiling architecture read_demux of read_demux
# End time: 00:19:42 on Jan 26,2026, Elapsed time: 0:00:00
# Errors: 0, Warnings: 0
# QuestaSim Pro Microchip Edition-64 vcom 2024.3 Compiler 2024.09 Sep 10 2024
# Start time: 00:19:42 on Jan 26,2026
# vcom -reportprogress 300 -2008 -explicit -work presynth C:/prj/FrameReader/component/Microchip/SolutionCore/DDR_AXI4_ARBITER_PF/2.2.0/RTL/read_mux.vhd 
# -- Loading package STANDARD
# -- Loading package TEXTIO
# -- Loading package std_logic_1164
# -- Compiling entity read_mux
# -- Compiling architecture read_mux of read_mux
# End time: 00:19:42 on Jan 26,2026, Elapsed time: 0:00:00
# Errors: 0, Warnings: 0
# QuestaSim Pro Microchip Edition-64 vlog 2024.3 Compiler 2024.09 Sep 10 2024
# Start time: 00:19:42 on Jan 26,2026
# vlog -reportprogress 300 -sv -work presynth C:/prj/FrameReader/component/Microchip/SolutionCore/DDR_AXI4_ARBITER_PF/2.2.0/RTL/read_top.v 
# -- Compiling module read_top
# 
# Top level modules:
# 	read_top
# End time: 00:19:42 on Jan 26,2026, Elapsed time: 0:00:00
# Errors: 0, Warnings: 0
# QuestaSim Pro Microchip Edition-64 vlog 2024.3 Compiler 2024.09 Sep 10 2024
# Start time: 00:19:42 on Jan 26,2026
# vlog -reportprogress 300 -sv -work presynth C:/prj/FrameReader/component/Microchip/SolutionCore/DDR_AXI4_ARBITER_PF/2.2.0/RTL/DDR_AXI4_ARBITER_PF_Native.v 
# -- Compiling module DDR_AXI4_ARBITER_PF_Native
# 
# Top level modules:
# 	DDR_AXI4_ARBITER_PF_Native
# End time: 00:19:42 on Jan 26,2026, Elapsed time: 0:00:00
# Errors: 0, Warnings: 0
# QuestaSim Pro Microchip Edition-64 vlog 2024.3 Compiler 2024.09 Sep 10 2024
# Start time: 00:19:42 on Jan 26,2026
# vlog -reportprogress 300 -sv -work presynth C:/prj/FrameReader/component/Microchip/SolutionCore/DDR_AXI4_ARBITER_PF/2.2.0/RTL/DDR_AXI4_ARBITER_PF.v 
# -- Compiling module DDR_AXI4_ARBITER_PF
# 
# Top level modules:
# 	DDR_AXI4_ARBITER_PF
# End time: 00:19:42 on Jan 26,2026, Elapsed time: 0:00:00
# Errors: 0, Warnings: 0
# QuestaSim Pro Microchip Edition-64 vlog 2024.3 Compiler 2024.09 Sep 10 2024
# Start time: 00:19:42 on Jan 26,2026
# vlog -reportprogress 300 -sv -work presynth C:/prj/FrameReader/component/work/DDR_AXI4_ARBITER_PF_C0/DDR_AXI4_ARBITER_PF_C0.v 
# -- Compiling module DDR_AXI4_ARBITER_PF_C0
# 
# Top level modules:
# 	DDR_AXI4_ARBITER_PF_C0
# End time: 00:19:42 on Jan 26,2026, Elapsed time: 0:00:00
# Errors: 0, Warnings: 0
# QuestaSim Pro Microchip Edition-64 vlog 2024.3 Compiler 2024.09 Sep 10 2024
# Start time: 00:19:43 on Jan 26,2026
# vlog -reportprogress 300 -sv -work presynth C:/prj/FrameReader/component/Microchip/SolutionCore/Display_Controller/5.0.0/Encrypted/display_controller.v 
# -- Compiling module Display_Controller
# ** Warning: C:/prj/FrameReader/component/Microchip/SolutionCore/Display_Controller/5.0.0/Encrypted/display_controller.v(216): (vlog-14157) Protect keyword "data_keyowner" is not supported and will have no effect.
# ** Warning: C:/prj/FrameReader/component/Microchip/SolutionCore/Display_Controller/5.0.0/Encrypted/display_controller.v(216): (vlog-14157) Protect keyword "data_keyname" is not supported and will have no effect.
# 
# Top level modules:
# 	Display_Controller
# End time: 00:19:43 on Jan 26,2026, Elapsed time: 0:00:00
# Errors: 0, Warnings: 2
# QuestaSim Pro Microchip Edition-64 vlog 2024.3 Compiler 2024.09 Sep 10 2024
# Start time: 00:19:43 on Jan 26,2026
# vlog -reportprogress 300 -sv -work presynth C:/prj/FrameReader/component/work/Display_Controller_C0/Display_Controller_C0.v 
# -- Compiling module Display_Controller_C0
# 
# Top level modules:
# 	Display_Controller_C0
# End time: 00:19:43 on Jan 26,2026, Elapsed time: 0:00:00
# Errors: 0, Warnings: 0
# QuestaSim Pro Microchip Edition-64 vlog 2024.3 Compiler 2024.09 Sep 10 2024
# Start time: 00:19:43 on Jan 26,2026
# vlog -reportprogress 300 -sv -work presynth C:/prj/FrameReader/component/work/PF_SRAM_AHBL_AXI_C0/PF_TPSRAM_AHB_AXI_0/PF_SRAM_AHBL_AXI_C0_PF_TPSRAM_AHB_AXI_0_PF_TPSRAM.v 
# -- Compiling module PF_SRAM_AHBL_AXI_C0_PF_TPSRAM_AHB_AXI_0_PF_TPSRAM
# 
# Top level modules:
# 	PF_SRAM_AHBL_AXI_C0_PF_TPSRAM_AHB_AXI_0_PF_TPSRAM
# End time: 00:19:43 on Jan 26,2026, Elapsed time: 0:00:00
# Errors: 0, Warnings: 0
# QuestaSim Pro Microchip Edition-64 vlog 2024.3 Compiler 2024.09 Sep 10 2024
# Start time: 00:19:43 on Jan 26,2026
# vlog -reportprogress 300 -sv -work presynth C:/prj/FrameReader/component/work/PF_SRAM_AHBL_AXI_C0/COREAXI4SRAM_0/rtl/vlog/core/CoreAXI4SRAM_MAINCTRL_ECC.v 
# -- Compiling module PF_SRAM_AHBL_AXI_C0_COREAXI4SRAM_0_CoreAXI4SRAM_MAINCTRL_ECC
# 
# Top level modules:
# 	PF_SRAM_AHBL_AXI_C0_COREAXI4SRAM_0_CoreAXI4SRAM_MAINCTRL_ECC
# End time: 00:19:43 on Jan 26,2026, Elapsed time: 0:00:00
# Errors: 0, Warnings: 0
# QuestaSim Pro Microchip Edition-64 vlog 2024.3 Compiler 2024.09 Sep 10 2024
# Start time: 00:19:43 on Jan 26,2026
# vlog -reportprogress 300 -sv -work presynth C:/prj/FrameReader/component/work/PF_SRAM_AHBL_AXI_C0/COREAXI4SRAM_0/rtl/vlog/core/CoreAXI4SRAM_MAINCTRL.v 
# -- Compiling module PF_SRAM_AHBL_AXI_C0_COREAXI4SRAM_0_CoreAXI4SRAM_MAINCTRL
# 
# Top level modules:
# 	PF_SRAM_AHBL_AXI_C0_COREAXI4SRAM_0_CoreAXI4SRAM_MAINCTRL
# End time: 00:19:43 on Jan 26,2026, Elapsed time: 0:00:00
# Errors: 0, Warnings: 0
# QuestaSim Pro Microchip Edition-64 vlog 2024.3 Compiler 2024.09 Sep 10 2024
# Start time: 00:19:43 on Jan 26,2026
# vlog -reportprogress 300 -sv -work presynth C:/prj/FrameReader/component/work/PF_SRAM_AHBL_AXI_C0/COREAXI4SRAM_0/rtl/vlog/core/CoreAXI4SRAM_SLVIF.v 
# -- Compiling module PF_SRAM_AHBL_AXI_C0_COREAXI4SRAM_0_CoreAXI4SRAM_SLVIF
# 
# Top level modules:
# 	PF_SRAM_AHBL_AXI_C0_COREAXI4SRAM_0_CoreAXI4SRAM_SLVIF
# End time: 00:19:43 on Jan 26,2026, Elapsed time: 0:00:00
# Errors: 0, Warnings: 0
# QuestaSim Pro Microchip Edition-64 vlog 2024.3 Compiler 2024.09 Sep 10 2024
# Start time: 00:19:43 on Jan 26,2026
# vlog -reportprogress 300 -sv -work presynth C:/prj/FrameReader/component/work/PF_SRAM_AHBL_AXI_C0/COREAXI4SRAM_0/rtl/vlog/core/CoreAXI4SRAM.v 
# -- Compiling module PF_SRAM_AHBL_AXI_C0_COREAXI4SRAM_0_COREAXI4SRAM
# 
# Top level modules:
# 	PF_SRAM_AHBL_AXI_C0_COREAXI4SRAM_0_COREAXI4SRAM
# End time: 00:19:44 on Jan 26,2026, Elapsed time: 0:00:01
# Errors: 0, Warnings: 0
# QuestaSim Pro Microchip Edition-64 vlog 2024.3 Compiler 2024.09 Sep 10 2024
# Start time: 00:19:44 on Jan 26,2026
# vlog -reportprogress 300 -sv -work presynth C:/prj/FrameReader/component/work/PF_SRAM_AHBL_AXI_C0/PF_SRAM_AHBL_AXI_C0.v 
# -- Compiling module PF_SRAM_AHBL_AXI_C0
# 
# Top level modules:
# 	PF_SRAM_AHBL_AXI_C0
# End time: 00:19:44 on Jan 26,2026, Elapsed time: 0:00:00
# Errors: 0, Warnings: 0
# QuestaSim Pro Microchip Edition-64 vlog 2024.3 Compiler 2024.09 Sep 10 2024
# Start time: 00:19:44 on Jan 26,2026
# vlog -reportprogress 300 -sv -work presynth C:/prj/FrameReader/hdl/Arbiter_Initiator_Rd_IF.v 
# -- Compiling module Arbiter_Initiator_Rd_IF
# 
# Top level modules:
# 	Arbiter_Initiator_Rd_IF
# End time: 00:19:44 on Jan 26,2026, Elapsed time: 0:00:00
# Errors: 0, Warnings: 0
# QuestaSim Pro Microchip Edition-64 vlog 2024.3 Compiler 2024.09 Sep 10 2024
# Start time: 00:19:44 on Jan 26,2026
# vlog -reportprogress 300 -sv -work presynth C:/prj/FrameReader/hdl/corefifo_fwft.v 
# -- Compiling module DDR_READ_ASYMM_FIFO_DDR_READ_ASYMM_FIFO_0_corefifo_fwft
# 
# Top level modules:
# 	DDR_READ_ASYMM_FIFO_DDR_READ_ASYMM_FIFO_0_corefifo_fwft
# End time: 00:19:44 on Jan 26,2026, Elapsed time: 0:00:00
# Errors: 0, Warnings: 0
# QuestaSim Pro Microchip Edition-64 vlog 2024.3 Compiler 2024.09 Sep 10 2024
# Start time: 00:19:44 on Jan 26,2026
# vlog -reportprogress 300 -sv -work presynth C:/prj/FrameReader/hdl/corefifo_sync_scntr.v 
# -- Compiling module DDR_READ_ASYMM_FIFO_DDR_READ_ASYMM_FIFO_0_corefifo_sync_scntr
# 
# Top level modules:
# 	DDR_READ_ASYMM_FIFO_DDR_READ_ASYMM_FIFO_0_corefifo_sync_scntr
# End time: 00:19:44 on Jan 26,2026, Elapsed time: 0:00:00
# Errors: 0, Warnings: 0
# QuestaSim Pro Microchip Edition-64 vlog 2024.3 Compiler 2024.09 Sep 10 2024
# Start time: 00:19:44 on Jan 26,2026
# vlog -reportprogress 300 -sv -work presynth C:/prj/FrameReader/hdl/corefifo_sync.v 
# -- Compiling module DDR_READ_ASYMM_FIFO_DDR_READ_ASYMM_FIFO_0_corefifo_sync
# 
# Top level modules:
# 	DDR_READ_ASYMM_FIFO_DDR_READ_ASYMM_FIFO_0_corefifo_sync
# End time: 00:19:44 on Jan 26,2026, Elapsed time: 0:00:00
# Errors: 0, Warnings: 0
# QuestaSim Pro Microchip Edition-64 vlog 2024.3 Compiler 2024.09 Sep 10 2024
# Start time: 00:19:44 on Jan 26,2026
# vlog -reportprogress 300 -sv -work presynth C:/prj/FrameReader/hdl/corefifo_graytobinconv.v 
# -- Compiling module DDR_READ_ASYMM_FIFO_DDR_READ_ASYMM_FIFO_0_corefifo_graytobinconv
# 
# Top level modules:
# 	DDR_READ_ASYMM_FIFO_DDR_READ_ASYMM_FIFO_0_corefifo_graytobinconv
# End time: 00:19:44 on Jan 26,2026, Elapsed time: 0:00:00
# Errors: 0, Warnings: 0
# QuestaSim Pro Microchip Edition-64 vlog 2024.3 Compiler 2024.09 Sep 10 2024
# Start time: 00:19:44 on Jan 26,2026
# vlog -reportprogress 300 -sv -work presynth C:/prj/FrameReader/hdl/corefifo_nstagessync.v 
# -- Compiling module DDR_READ_ASYMM_FIFO_DDR_READ_ASYMM_FIFO_0_corefifo_nstagessync
# 
# Top level modules:
# 	DDR_READ_ASYMM_FIFO_DDR_READ_ASYMM_FIFO_0_corefifo_nstagessync
# End time: 00:19:44 on Jan 26,2026, Elapsed time: 0:00:00
# Errors: 0, Warnings: 0
# QuestaSim Pro Microchip Edition-64 vlog 2024.3 Compiler 2024.09 Sep 10 2024
# Start time: 00:19:45 on Jan 26,2026
# vlog -reportprogress 300 -sv -work presynth C:/prj/FrameReader/hdl/corefifo_async.v 
# -- Compiling module DDR_READ_ASYMM_FIFO_DDR_READ_ASYMM_FIFO_0_corefifo_async
# 
# Top level modules:
# 	DDR_READ_ASYMM_FIFO_DDR_READ_ASYMM_FIFO_0_corefifo_async
# End time: 00:19:45 on Jan 26,2026, Elapsed time: 0:00:00
# Errors: 0, Warnings: 0
# QuestaSim Pro Microchip Edition-64 vlog 2024.3 Compiler 2024.09 Sep 10 2024
# Start time: 00:19:45 on Jan 26,2026
# vlog -reportprogress 300 -sv -work presynth C:/prj/FrameReader/hdl/DDR_READ_ASYMM_FIFO_DDR_READ_ASYMM_FIFO_0_LSRAM_top.v 
# -- Compiling module DDR_READ_ASYMM_FIFO_DDR_READ_ASYMM_FIFO_0_LSRAM_top
# 
# Top level modules:
# 	DDR_READ_ASYMM_FIFO_DDR_READ_ASYMM_FIFO_0_LSRAM_top
# End time: 00:19:45 on Jan 26,2026, Elapsed time: 0:00:00
# Errors: 0, Warnings: 0
# QuestaSim Pro Microchip Edition-64 vlog 2024.3 Compiler 2024.09 Sep 10 2024
# Start time: 00:19:45 on Jan 26,2026
# vlog -reportprogress 300 -sv -work presynth C:/prj/FrameReader/hdl/DDR_READ_ASYMM_FIFO_DDR_READ_ASYMM_FIFO_0_ram_wrapper.v 
# -- Compiling module DDR_READ_ASYMM_FIFO_DDR_READ_ASYMM_FIFO_0_ram_wrapper
# 
# Top level modules:
# 	DDR_READ_ASYMM_FIFO_DDR_READ_ASYMM_FIFO_0_ram_wrapper
# End time: 00:19:45 on Jan 26,2026, Elapsed time: 0:00:00
# Errors: 0, Warnings: 0
# QuestaSim Pro Microchip Edition-64 vlog 2024.3 Compiler 2024.09 Sep 10 2024
# Start time: 00:19:45 on Jan 26,2026
# vlog -reportprogress 300 -sv -work presynth C:/prj/FrameReader/hdl/COREFIFO.v 
# -- Compiling module DDR_READ_ASYMM_FIFO_DDR_READ_ASYMM_FIFO_0_COREFIFO
# 
# Top level modules:
# 	DDR_READ_ASYMM_FIFO_DDR_READ_ASYMM_FIFO_0_COREFIFO
# End time: 00:19:45 on Jan 26,2026, Elapsed time: 0:00:00
# Errors: 0, Warnings: 0
# QuestaSim Pro Microchip Edition-64 vlog 2024.3 Compiler 2024.09 Sep 10 2024
# Start time: 00:19:45 on Jan 26,2026
# vlog -reportprogress 300 -sv -work presynth C:/prj/FrameReader/hdl/DDR_read_controller.v 
# -- Compiling module DDR_read_controller
# 
# Top level modules:
# 	DDR_read_controller
# End time: 00:19:45 on Jan 26,2026, Elapsed time: 0:00:00
# Errors: 0, Warnings: 0
# QuestaSim Pro Microchip Edition-64 vlog 2024.3 Compiler 2024.09 Sep 10 2024
# Start time: 00:19:45 on Jan 26,2026
# vlog -reportprogress 300 -sv -work presynth C:/prj/FrameReader/hdl/DDR_Read_Native.v 
# -- Compiling module DDR_Read_Native
# 
# Top level modules:
# 	DDR_Read_Native
# End time: 00:19:45 on Jan 26,2026, Elapsed time: 0:00:00
# Errors: 0, Warnings: 0
# QuestaSim Pro Microchip Edition-64 vlog 2024.3 Compiler 2024.09 Sep 10 2024
# Start time: 00:19:45 on Jan 26,2026
# vlog -reportprogress 300 -sv -work presynth C:/prj/FrameReader/hdl/DDR_Read.v 
# -- Compiling module DDR_Read
# 
# Top level modules:
# 	DDR_Read
# End time: 00:19:45 on Jan 26,2026, Elapsed time: 0:00:00
# Errors: 0, Warnings: 0
# QuestaSim Pro Microchip Edition-64 vlog 2024.3 Compiler 2024.09 Sep 10 2024
# Start time: 00:19:45 on Jan 26,2026
# vlog -reportprogress 300 -sv -work presynth C:/prj/FrameReader/component/work/FrameRD/FrameRD.v 
# -- Compiling module FrameRD
# 
# Top level modules:
# 	FrameRD
# End time: 00:19:46 on Jan 26,2026, Elapsed time: 0:00:01
# Errors: 0, Warnings: 0
# QuestaSim Pro Microchip Edition-64 vlog 2024.3 Compiler 2024.09 Sep 10 2024
# Start time: 00:19:46 on Jan 26,2026
# vlog -reportprogress 300 "+incdir+C:/prj/FrameReader/component/Actel/Simulation/CLK_GEN/1.0.1" "+incdir+C:/prj/FrameReader/component/work/CLK_GEN_C0" "+incdir+C:/prj/FrameReader/component/work/DDR_CLK" "+incdir+C:/prj/FrameReader/component/Actel/Simulation/PULSE_GEN/1.0.1" "+incdir+C:/prj/FrameReader/component/work/PULSE_GEN_C0" "+incdir+C:/prj/FrameReader/component/Actel/Simulation/RESET_GEN/1.0.1" "+incdir+C:/prj/FrameReader/component/work/RESET_GEN_C0" "+incdir+C:/prj/FrameReader/component/work/FrameRD_TB" -sv -work presynth C:/prj/FrameReader/component/Actel/Simulation/CLK_GEN/1.0.1/CLK_GEN.v 
# -- Compiling module CLK_GEN
# 
# Top level modules:
# 	CLK_GEN
# End time: 00:19:46 on Jan 26,2026, Elapsed time: 0:00:00
# Errors: 0, Warnings: 0
# QuestaSim Pro Microchip Edition-64 vlog 2024.3 Compiler 2024.09 Sep 10 2024
# Start time: 00:19:46 on Jan 26,2026
# vlog -reportprogress 300 "+incdir+C:/prj/FrameReader/component/Actel/Simulation/CLK_GEN/1.0.1" "+incdir+C:/prj/FrameReader/component/work/CLK_GEN_C0" "+incdir+C:/prj/FrameReader/component/work/DDR_CLK" "+incdir+C:/prj/FrameReader/component/Actel/Simulation/PULSE_GEN/1.0.1" "+incdir+C:/prj/FrameReader/component/work/PULSE_GEN_C0" "+incdir+C:/prj/FrameReader/component/Actel/Simulation/RESET_GEN/1.0.1" "+incdir+C:/prj/FrameReader/component/work/RESET_GEN_C0" "+incdir+C:/prj/FrameReader/component/work/FrameRD_TB" -sv -work presynth C:/prj/FrameReader/component/work/CLK_GEN_C0/CLK_GEN_C0.v 
# -- Compiling module CLK_GEN_C0
# 
# Top level modules:
# 	CLK_GEN_C0
# End time: 00:19:46 on Jan 26,2026, Elapsed time: 0:00:00
# Errors: 0, Warnings: 0
# QuestaSim Pro Microchip Edition-64 vlog 2024.3 Compiler 2024.09 Sep 10 2024
# Start time: 00:19:46 on Jan 26,2026
# vlog -reportprogress 300 "+incdir+C:/prj/FrameReader/component/Actel/Simulation/CLK_GEN/1.0.1" "+incdir+C:/prj/FrameReader/component/work/CLK_GEN_C0" "+incdir+C:/prj/FrameReader/component/work/DDR_CLK" "+incdir+C:/prj/FrameReader/component/Actel/Simulation/PULSE_GEN/1.0.1" "+incdir+C:/prj/FrameReader/component/work/PULSE_GEN_C0" "+incdir+C:/prj/FrameReader/component/Actel/Simulation/RESET_GEN/1.0.1" "+incdir+C:/prj/FrameReader/component/work/RESET_GEN_C0" "+incdir+C:/prj/FrameReader/component/work/FrameRD_TB" -sv -work presynth C:/prj/FrameReader/component/work/DDR_CLK/DDR_CLK.v 
# -- Compiling module DDR_CLK
# 
# Top level modules:
# 	DDR_CLK
# End time: 00:19:46 on Jan 26,2026, Elapsed time: 0:00:00
# Errors: 0, Warnings: 0
# QuestaSim Pro Microchip Edition-64 vlog 2024.3 Compiler 2024.09 Sep 10 2024
# Start time: 00:19:46 on Jan 26,2026
# vlog -reportprogress 300 "+incdir+C:/prj/FrameReader/component/Actel/Simulation/CLK_GEN/1.0.1" "+incdir+C:/prj/FrameReader/component/work/CLK_GEN_C0" "+incdir+C:/prj/FrameReader/component/work/DDR_CLK" "+incdir+C:/prj/FrameReader/component/Actel/Simulation/PULSE_GEN/1.0.1" "+incdir+C:/prj/FrameReader/component/work/PULSE_GEN_C0" "+incdir+C:/prj/FrameReader/component/Actel/Simulation/RESET_GEN/1.0.1" "+incdir+C:/prj/FrameReader/component/work/RESET_GEN_C0" "+incdir+C:/prj/FrameReader/component/work/FrameRD_TB" -sv -work presynth C:/prj/FrameReader/component/Actel/Simulation/PULSE_GEN/1.0.1/PULSE_GEN.v 
# -- Compiling module PULSE_GEN
# 
# Top level modules:
# 	PULSE_GEN
# End time: 00:19:46 on Jan 26,2026, Elapsed time: 0:00:00
# Errors: 0, Warnings: 0
# QuestaSim Pro Microchip Edition-64 vlog 2024.3 Compiler 2024.09 Sep 10 2024
# Start time: 00:19:46 on Jan 26,2026
# vlog -reportprogress 300 "+incdir+C:/prj/FrameReader/component/Actel/Simulation/CLK_GEN/1.0.1" "+incdir+C:/prj/FrameReader/component/work/CLK_GEN_C0" "+incdir+C:/prj/FrameReader/component/work/DDR_CLK" "+incdir+C:/prj/FrameReader/component/Actel/Simulation/PULSE_GEN/1.0.1" "+incdir+C:/prj/FrameReader/component/work/PULSE_GEN_C0" "+incdir+C:/prj/FrameReader/component/Actel/Simulation/RESET_GEN/1.0.1" "+incdir+C:/prj/FrameReader/component/work/RESET_GEN_C0" "+incdir+C:/prj/FrameReader/component/work/FrameRD_TB" -sv -work presynth C:/prj/FrameReader/component/work/PULSE_GEN_C0/PULSE_GEN_C0.v 
# -- Compiling module PULSE_GEN_C0
# 
# Top level modules:
# 	PULSE_GEN_C0
# End time: 00:19:46 on Jan 26,2026, Elapsed time: 0:00:00
# Errors: 0, Warnings: 0
# QuestaSim Pro Microchip Edition-64 vlog 2024.3 Compiler 2024.09 Sep 10 2024
# Start time: 00:19:46 on Jan 26,2026
# vlog -reportprogress 300 "+incdir+C:/prj/FrameReader/component/Actel/Simulation/CLK_GEN/1.0.1" "+incdir+C:/prj/FrameReader/component/work/CLK_GEN_C0" "+incdir+C:/prj/FrameReader/component/work/DDR_CLK" "+incdir+C:/prj/FrameReader/component/Actel/Simulation/PULSE_GEN/1.0.1" "+incdir+C:/prj/FrameReader/component/work/PULSE_GEN_C0" "+incdir+C:/prj/FrameReader/component/Actel/Simulation/RESET_GEN/1.0.1" "+incdir+C:/prj/FrameReader/component/work/RESET_GEN_C0" "+incdir+C:/prj/FrameReader/component/work/FrameRD_TB" -sv -work presynth C:/prj/FrameReader/component/Actel/Simulation/RESET_GEN/1.0.1/RESET_GEN.v 
# -- Compiling module RESET_GEN
# 
# Top level modules:
# 	RESET_GEN
# End time: 00:19:46 on Jan 26,2026, Elapsed time: 0:00:00
# Errors: 0, Warnings: 0
# QuestaSim Pro Microchip Edition-64 vlog 2024.3 Compiler 2024.09 Sep 10 2024
# Start time: 00:19:46 on Jan 26,2026
# vlog -reportprogress 300 "+incdir+C:/prj/FrameReader/component/Actel/Simulation/CLK_GEN/1.0.1" "+incdir+C:/prj/FrameReader/component/work/CLK_GEN_C0" "+incdir+C:/prj/FrameReader/component/work/DDR_CLK" "+incdir+C:/prj/FrameReader/component/Actel/Simulation/PULSE_GEN/1.0.1" "+incdir+C:/prj/FrameReader/component/work/PULSE_GEN_C0" "+incdir+C:/prj/FrameReader/component/Actel/Simulation/RESET_GEN/1.0.1" "+incdir+C:/prj/FrameReader/component/work/RESET_GEN_C0" "+incdir+C:/prj/FrameReader/component/work/FrameRD_TB" -sv -work presynth C:/prj/FrameReader/component/work/RESET_GEN_C0/RESET_GEN_C0.v 
# -- Compiling module RESET_GEN_C0
# 
# Top level modules:
# 	RESET_GEN_C0
# End time: 00:19:47 on Jan 26,2026, Elapsed time: 0:00:01
# Errors: 0, Warnings: 0
# QuestaSim Pro Microchip Edition-64 vlog 2024.3 Compiler 2024.09 Sep 10 2024
# Start time: 00:19:47 on Jan 26,2026
# vlog -reportprogress 300 "+incdir+C:/prj/FrameReader/component/Actel/Simulation/CLK_GEN/1.0.1" "+incdir+C:/prj/FrameReader/component/work/CLK_GEN_C0" "+incdir+C:/prj/FrameReader/component/work/DDR_CLK" "+incdir+C:/prj/FrameReader/component/Actel/Simulation/PULSE_GEN/1.0.1" "+incdir+C:/prj/FrameReader/component/work/PULSE_GEN_C0" "+incdir+C:/prj/FrameReader/component/Actel/Simulation/RESET_GEN/1.0.1" "+incdir+C:/prj/FrameReader/component/work/RESET_GEN_C0" "+incdir+C:/prj/FrameReader/component/work/FrameRD_TB" -sv -work presynth C:/prj/FrameReader/component/work/FrameRD_TB/FrameRD_TB.v 
# -- Compiling module FrameRD_TB
# 
# Top level modules:
# 	FrameRD_TB
# End time: 00:19:47 on Jan 26,2026, Elapsed time: 0:00:00
# Errors: 0, Warnings: 0
# vsim -voptargs="+acc" -L PolarFire -L presynth -t 1ps -displaymsgmode both presynth.FrameRD_TB 
# Start time: 00:19:47 on Jan 26,2026
# ** Note: (vsim-3813) Design is being optimized due to module recompilation...
# ** Warning: (vopt-10908) Some optimizations are turned off because the +acc switch is in effect.
# ** Error (suppressible): C:/prj/FrameReader/component/work/FrameRD/FrameRD.v(217): (vopt-2732) Module parameter 'g_HORIZ_RESOL' not found for override.
# Optimization failed
# ** Note: (vsim-12126) Error and warning message counts have been restored: Errors=1, Warnings=1.
# Error loading design
# Error: Error loading design
#        Pausing macro execution
# MACRO ./run.do PAUSED at line 67
abort
# End time: 00:20:45 on Jan 26,2026, Elapsed time: 0:00:58
# Errors: 1, Warnings: 1
quit -sim
do run.do
# INFO: Simulation library presynth already exists
# QuestaSim Pro Microchip Edition-64 vmap 2024.3 Lib Mapping Utility 2024.09 Sep 10 2024
# vmap presynth presynth 
# Modifying modelsim.ini
# QuestaSim Pro Microchip Edition-64 vmap 2024.3 Lib Mapping Utility 2024.09 Sep 10 2024
# vmap PolarFire C:/Microchip/Libero_SoC_2025.1/Libero_SoC/Designer/lib/questasim/precompiled/vlog/polarfire 
# Modifying modelsim.ini
# QuestaSim Pro Microchip Edition-64 vlog 2024.3 Compiler 2024.09 Sep 10 2024
# Start time: 00:20:52 on Jan 26,2026
# vlog -reportprogress 300 -sv -work presynth C:/prj/FrameReader/component/Microchip/SolutionCore/DDR_AXI4_ARBITER_PF/2.2.0/RTL/AXI4_M_M_IF.v 
# -- Compiling module AXI4_M_M_IF
# 
# Top level modules:
# 	AXI4_M_M_IF
# End time: 00:20:52 on Jan 26,2026, Elapsed time: 0:00:00
# Errors: 0, Warnings: 0
# QuestaSim Pro Microchip Edition-64 vlog 2024.3 Compiler 2024.09 Sep 10 2024
# Start time: 00:20:52 on Jan 26,2026
# vlog -reportprogress 300 -sv -work presynth C:/prj/FrameReader/component/Microchip/SolutionCore/DDR_AXI4_ARBITER_PF/2.2.0/RTL/AXI4_S_IF.v 
# -- Compiling module AXI4_S_IF
# 
# Top level modules:
# 	AXI4_S_IF
# End time: 00:20:52 on Jan 26,2026, Elapsed time: 0:00:00
# Errors: 0, Warnings: 0
# QuestaSim Pro Microchip Edition-64 vlog 2024.3 Compiler 2024.09 Sep 10 2024
# Start time: 00:20:52 on Jan 26,2026
# vlog -reportprogress 300 -sv -work presynth C:/prj/FrameReader/component/Microchip/SolutionCore/DDR_AXI4_ARBITER_PF/2.2.0/RTL/axi_lbus_corefifo_NstagesSync.v 
# -- Compiling module ddr_rw_arbiter_C0_ddr_rw_arbiter_C0_0_corefifo_NstagesSync
# 
# Top level modules:
# 	ddr_rw_arbiter_C0_ddr_rw_arbiter_C0_0_corefifo_NstagesSync
# End time: 00:20:52 on Jan 26,2026, Elapsed time: 0:00:00
# Errors: 0, Warnings: 0
# QuestaSim Pro Microchip Edition-64 vlog 2024.3 Compiler 2024.09 Sep 10 2024
# Start time: 00:20:52 on Jan 26,2026
# vlog -reportprogress 300 -sv -work presynth C:/prj/FrameReader/component/Microchip/SolutionCore/DDR_AXI4_ARBITER_PF/2.2.0/RTL/axi_lbus_corefifo_grayToBinConv.v 
# -- Compiling module ddr_rw_arbiter_C0_ddr_rw_arbiter_C0_0_corefifo_grayToBinConv
# 
# Top level modules:
# 	ddr_rw_arbiter_C0_ddr_rw_arbiter_C0_0_corefifo_grayToBinConv
# End time: 00:20:53 on Jan 26,2026, Elapsed time: 0:00:01
# Errors: 0, Warnings: 0
# QuestaSim Pro Microchip Edition-64 vlog 2024.3 Compiler 2024.09 Sep 10 2024
# Start time: 00:20:53 on Jan 26,2026
# vlog -reportprogress 300 -sv -work presynth C:/prj/FrameReader/component/Microchip/SolutionCore/DDR_AXI4_ARBITER_PF/2.2.0/RTL/axi_lbus_corefifo_async.v 
# -- Compiling module ddr_rw_arbiter_C0_ddr_rw_arbiter_C0_0_corefifo_async
# 
# Top level modules:
# 	ddr_rw_arbiter_C0_ddr_rw_arbiter_C0_0_corefifo_async
# End time: 00:20:53 on Jan 26,2026, Elapsed time: 0:00:00
# Errors: 0, Warnings: 0
# QuestaSim Pro Microchip Edition-64 vlog 2024.3 Compiler 2024.09 Sep 10 2024
# Start time: 00:20:53 on Jan 26,2026
# vlog -reportprogress 300 -sv -work presynth C:/prj/FrameReader/component/Microchip/SolutionCore/DDR_AXI4_ARBITER_PF/2.2.0/RTL/axi_lbus_corefifo_resetSync.v 
# -- Compiling module ddr_rw_arbiter_C0_ddr_rw_arbiter_C0_0_corefifo_resetSync
# 
# Top level modules:
# 	ddr_rw_arbiter_C0_ddr_rw_arbiter_C0_0_corefifo_resetSync
# End time: 00:20:53 on Jan 26,2026, Elapsed time: 0:00:00
# Errors: 0, Warnings: 0
# QuestaSim Pro Microchip Edition-64 vlog 2024.3 Compiler 2024.09 Sep 10 2024
# Start time: 00:20:53 on Jan 26,2026
# vlog -reportprogress 300 -sv -work presynth C:/prj/FrameReader/component/Microchip/SolutionCore/DDR_AXI4_ARBITER_PF/2.2.0/RTL/axi_lbus_corefifo_sync.v 
# -- Compiling module ddr_rw_arbiter_C0_ddr_rw_arbiter_C0_0_corefifo_sync
# 
# Top level modules:
# 	ddr_rw_arbiter_C0_ddr_rw_arbiter_C0_0_corefifo_sync
# End time: 00:20:53 on Jan 26,2026, Elapsed time: 0:00:00
# Errors: 0, Warnings: 0
# QuestaSim Pro Microchip Edition-64 vlog 2024.3 Compiler 2024.09 Sep 10 2024
# Start time: 00:20:53 on Jan 26,2026
# vlog -reportprogress 300 -sv -work presynth C:/prj/FrameReader/component/Microchip/SolutionCore/DDR_AXI4_ARBITER_PF/2.2.0/RTL/axi_lbus_corefifo_fwft.v 
# -- Compiling module ddr_rw_arbiter_C0_ddr_rw_arbiter_C0_0_corefifo_fwft
# 
# Top level modules:
# 	ddr_rw_arbiter_C0_ddr_rw_arbiter_C0_0_corefifo_fwft
# End time: 00:20:53 on Jan 26,2026, Elapsed time: 0:00:00
# Errors: 0, Warnings: 0
# QuestaSim Pro Microchip Edition-64 vlog 2024.3 Compiler 2024.09 Sep 10 2024
# Start time: 00:20:53 on Jan 26,2026
# vlog -reportprogress 300 -sv -work presynth C:/prj/FrameReader/component/Microchip/SolutionCore/DDR_AXI4_ARBITER_PF/2.2.0/RTL/axi_lbus_corefifo_sync_scntr.v 
# -- Compiling module ddr_rw_arbiter_C0_ddr_rw_arbiter_C0_0_corefifo_sync_scntr
# 
# Top level modules:
# 	ddr_rw_arbiter_C0_ddr_rw_arbiter_C0_0_corefifo_sync_scntr
# End time: 00:20:53 on Jan 26,2026, Elapsed time: 0:00:00
# Errors: 0, Warnings: 0
# QuestaSim Pro Microchip Edition-64 vlog 2024.3 Compiler 2024.09 Sep 10 2024
# Start time: 00:20:53 on Jan 26,2026
# vlog -reportprogress 300 -sv -work presynth C:/prj/FrameReader/component/Microchip/SolutionCore/DDR_AXI4_ARBITER_PF/2.2.0/RTL/axi_lbus_LSRAM_top.v 
# -- Compiling module ddr_rw_arbiter_C0_ddr_rw_arbiter_C0_0_LSRAM_top
# 
# Top level modules:
# 	ddr_rw_arbiter_C0_ddr_rw_arbiter_C0_0_LSRAM_top
# End time: 00:20:53 on Jan 26,2026, Elapsed time: 0:00:00
# Errors: 0, Warnings: 0
# QuestaSim Pro Microchip Edition-64 vlog 2024.3 Compiler 2024.09 Sep 10 2024
# Start time: 00:20:53 on Jan 26,2026
# vlog -reportprogress 300 -sv -work presynth C:/prj/FrameReader/component/Microchip/SolutionCore/DDR_AXI4_ARBITER_PF/2.2.0/RTL/axi_lbus_ram_wrapper.v 
# -- Compiling module ddr_rw_arbiter_C0_ddr_rw_arbiter_C0_0_ram_wrapper
# 
# Top level modules:
# 	ddr_rw_arbiter_C0_ddr_rw_arbiter_C0_0_ram_wrapper
# End time: 00:20:53 on Jan 26,2026, Elapsed time: 0:00:00
# Errors: 0, Warnings: 0
# QuestaSim Pro Microchip Edition-64 vlog 2024.3 Compiler 2024.09 Sep 10 2024
# Start time: 00:20:54 on Jan 26,2026
# vlog -reportprogress 300 -sv -work presynth C:/prj/FrameReader/component/Microchip/SolutionCore/DDR_AXI4_ARBITER_PF/2.2.0/RTL/video_axi_fifo.v 
# -- Compiling module ddr_rw_arbiter_C0_ddr_rw_arbiter_C0_0_video_axi_fifo
# 
# Top level modules:
# 	ddr_rw_arbiter_C0_ddr_rw_arbiter_C0_0_video_axi_fifo
# End time: 00:20:54 on Jan 26,2026, Elapsed time: 0:00:00
# Errors: 0, Warnings: 0
# QuestaSim Pro Microchip Edition-64 vlog 2024.3 Compiler 2024.09 Sep 10 2024
# Start time: 00:20:54 on Jan 26,2026
# vlog -reportprogress 300 -sv -work presynth C:/prj/FrameReader/component/Microchip/SolutionCore/DDR_AXI4_ARBITER_PF/2.2.0/RTL/ddr_rw_arbiter.v 
# -- Compiling module ddr_rw_arbiter
# 
# Top level modules:
# 	ddr_rw_arbiter
# End time: 00:20:54 on Jan 26,2026, Elapsed time: 0:00:00
# Errors: 0, Warnings: 0
# QuestaSim Pro Microchip Edition-64 vcom 2024.3 Compiler 2024.09 Sep 10 2024
# Start time: 00:20:54 on Jan 26,2026
# vcom -reportprogress 300 -2008 -explicit -work presynth C:/prj/FrameReader/component/Microchip/SolutionCore/DDR_AXI4_ARBITER_PF/2.2.0/RTL/write_mux.vhd 
# -- Loading package STANDARD
# -- Loading package TEXTIO
# -- Loading package std_logic_1164
# -- Loading package NUMERIC_STD
# -- Loading package std_logic_arith
# -- Loading package STD_LOGIC_UNSIGNED
# -- Compiling entity write_mux
# -- Compiling architecture write_mux of write_mux
# End time: 00:20:54 on Jan 26,2026, Elapsed time: 0:00:00
# Errors: 0, Warnings: 0
# QuestaSim Pro Microchip Edition-64 vcom 2024.3 Compiler 2024.09 Sep 10 2024
# Start time: 00:20:54 on Jan 26,2026
# vcom -reportprogress 300 -2008 -explicit -work presynth C:/prj/FrameReader/component/Microchip/SolutionCore/DDR_AXI4_ARBITER_PF/2.2.0/RTL/request_scheduler.vhd 
# -- Loading package STANDARD
# -- Loading package TEXTIO
# -- Loading package std_logic_1164
# -- Loading package NUMERIC_STD
# -- Loading package std_logic_arith
# -- Loading package STD_LOGIC_UNSIGNED
# -- Compiling entity request_scheduler
# -- Compiling architecture request_scheduler of request_scheduler
# End time: 00:20:54 on Jan 26,2026, Elapsed time: 0:00:00
# Errors: 0, Warnings: 0
# QuestaSim Pro Microchip Edition-64 vcom 2024.3 Compiler 2024.09 Sep 10 2024
# Start time: 00:20:54 on Jan 26,2026
# vcom -reportprogress 300 -2008 -explicit -work presynth C:/prj/FrameReader/component/Microchip/SolutionCore/DDR_AXI4_ARBITER_PF/2.2.0/RTL/write_demux.vhd 
# -- Loading package STANDARD
# -- Loading package TEXTIO
# -- Loading package std_logic_1164
# -- Loading package NUMERIC_STD
# -- Loading package std_logic_arith
# -- Loading package STD_LOGIC_UNSIGNED
# -- Compiling entity write_demux
# -- Compiling architecture write_demux of write_demux
# End time: 00:20:54 on Jan 26,2026, Elapsed time: 0:00:00
# Errors: 0, Warnings: 0
# QuestaSim Pro Microchip Edition-64 vlog 2024.3 Compiler 2024.09 Sep 10 2024
# Start time: 00:20:54 on Jan 26,2026
# vlog -reportprogress 300 -sv -work presynth C:/prj/FrameReader/component/Microchip/SolutionCore/DDR_AXI4_ARBITER_PF/2.2.0/RTL/write_top.v 
# -- Compiling module write_top
# 
# Top level modules:
# 	write_top
# End time: 00:20:54 on Jan 26,2026, Elapsed time: 0:00:00
# Errors: 0, Warnings: 0
# QuestaSim Pro Microchip Edition-64 vcom 2024.3 Compiler 2024.09 Sep 10 2024
# Start time: 00:20:54 on Jan 26,2026
# vcom -reportprogress 300 -2008 -explicit -work presynth C:/prj/FrameReader/component/Microchip/SolutionCore/DDR_AXI4_ARBITER_PF/2.2.0/RTL/read_demux.vhd 
# -- Loading package STANDARD
# -- Loading package TEXTIO
# -- Loading package std_logic_1164
# -- Loading package NUMERIC_STD
# -- Loading package std_logic_arith
# -- Loading package STD_LOGIC_UNSIGNED
# -- Compiling entity read_demux
# -- Compiling architecture read_demux of read_demux
# End time: 00:20:54 on Jan 26,2026, Elapsed time: 0:00:00
# Errors: 0, Warnings: 0
# QuestaSim Pro Microchip Edition-64 vcom 2024.3 Compiler 2024.09 Sep 10 2024
# Start time: 00:20:55 on Jan 26,2026
# vcom -reportprogress 300 -2008 -explicit -work presynth C:/prj/FrameReader/component/Microchip/SolutionCore/DDR_AXI4_ARBITER_PF/2.2.0/RTL/read_mux.vhd 
# -- Loading package STANDARD
# -- Loading package TEXTIO
# -- Loading package std_logic_1164
# -- Compiling entity read_mux
# -- Compiling architecture read_mux of read_mux
# End time: 00:20:55 on Jan 26,2026, Elapsed time: 0:00:00
# Errors: 0, Warnings: 0
# QuestaSim Pro Microchip Edition-64 vlog 2024.3 Compiler 2024.09 Sep 10 2024
# Start time: 00:20:55 on Jan 26,2026
# vlog -reportprogress 300 -sv -work presynth C:/prj/FrameReader/component/Microchip/SolutionCore/DDR_AXI4_ARBITER_PF/2.2.0/RTL/read_top.v 
# -- Compiling module read_top
# 
# Top level modules:
# 	read_top
# End time: 00:20:55 on Jan 26,2026, Elapsed time: 0:00:00
# Errors: 0, Warnings: 0
# QuestaSim Pro Microchip Edition-64 vlog 2024.3 Compiler 2024.09 Sep 10 2024
# Start time: 00:20:55 on Jan 26,2026
# vlog -reportprogress 300 -sv -work presynth C:/prj/FrameReader/component/Microchip/SolutionCore/DDR_AXI4_ARBITER_PF/2.2.0/RTL/DDR_AXI4_ARBITER_PF_Native.v 
# -- Compiling module DDR_AXI4_ARBITER_PF_Native
# 
# Top level modules:
# 	DDR_AXI4_ARBITER_PF_Native
# End time: 00:20:55 on Jan 26,2026, Elapsed time: 0:00:00
# Errors: 0, Warnings: 0
# QuestaSim Pro Microchip Edition-64 vlog 2024.3 Compiler 2024.09 Sep 10 2024
# Start time: 00:20:55 on Jan 26,2026
# vlog -reportprogress 300 -sv -work presynth C:/prj/FrameReader/component/Microchip/SolutionCore/DDR_AXI4_ARBITER_PF/2.2.0/RTL/DDR_AXI4_ARBITER_PF.v 
# -- Compiling module DDR_AXI4_ARBITER_PF
# 
# Top level modules:
# 	DDR_AXI4_ARBITER_PF
# End time: 00:20:55 on Jan 26,2026, Elapsed time: 0:00:00
# Errors: 0, Warnings: 0
# QuestaSim Pro Microchip Edition-64 vlog 2024.3 Compiler 2024.09 Sep 10 2024
# Start time: 00:20:55 on Jan 26,2026
# vlog -reportprogress 300 -sv -work presynth C:/prj/FrameReader/component/work/DDR_AXI4_ARBITER_PF_C0/DDR_AXI4_ARBITER_PF_C0.v 
# -- Compiling module DDR_AXI4_ARBITER_PF_C0
# 
# Top level modules:
# 	DDR_AXI4_ARBITER_PF_C0
# End time: 00:20:55 on Jan 26,2026, Elapsed time: 0:00:00
# Errors: 0, Warnings: 0
# QuestaSim Pro Microchip Edition-64 vlog 2024.3 Compiler 2024.09 Sep 10 2024
# Start time: 00:20:55 on Jan 26,2026
# vlog -reportprogress 300 -sv -work presynth C:/prj/FrameReader/component/Microchip/SolutionCore/Display_Controller/5.0.0/Encrypted/display_controller.v 
# -- Compiling module Display_Controller
# ** Warning: C:/prj/FrameReader/component/Microchip/SolutionCore/Display_Controller/5.0.0/Encrypted/display_controller.v(216): (vlog-14157) Protect keyword "data_keyowner" is not supported and will have no effect.
# ** Warning: C:/prj/FrameReader/component/Microchip/SolutionCore/Display_Controller/5.0.0/Encrypted/display_controller.v(216): (vlog-14157) Protect keyword "data_keyname" is not supported and will have no effect.
# 
# Top level modules:
# 	Display_Controller
# End time: 00:20:55 on Jan 26,2026, Elapsed time: 0:00:00
# Errors: 0, Warnings: 2
# QuestaSim Pro Microchip Edition-64 vlog 2024.3 Compiler 2024.09 Sep 10 2024
# Start time: 00:20:55 on Jan 26,2026
# vlog -reportprogress 300 -sv -work presynth C:/prj/FrameReader/component/work/Display_Controller_C0/Display_Controller_C0.v 
# -- Compiling module Display_Controller_C0
# 
# Top level modules:
# 	Display_Controller_C0
# End time: 00:20:55 on Jan 26,2026, Elapsed time: 0:00:00
# Errors: 0, Warnings: 0
# QuestaSim Pro Microchip Edition-64 vlog 2024.3 Compiler 2024.09 Sep 10 2024
# Start time: 00:20:56 on Jan 26,2026
# vlog -reportprogress 300 -sv -work presynth C:/prj/FrameReader/component/work/PF_SRAM_AHBL_AXI_C0/PF_TPSRAM_AHB_AXI_0/PF_SRAM_AHBL_AXI_C0_PF_TPSRAM_AHB_AXI_0_PF_TPSRAM.v 
# -- Compiling module PF_SRAM_AHBL_AXI_C0_PF_TPSRAM_AHB_AXI_0_PF_TPSRAM
# 
# Top level modules:
# 	PF_SRAM_AHBL_AXI_C0_PF_TPSRAM_AHB_AXI_0_PF_TPSRAM
# End time: 00:20:56 on Jan 26,2026, Elapsed time: 0:00:00
# Errors: 0, Warnings: 0
# QuestaSim Pro Microchip Edition-64 vlog 2024.3 Compiler 2024.09 Sep 10 2024
# Start time: 00:20:56 on Jan 26,2026
# vlog -reportprogress 300 -sv -work presynth C:/prj/FrameReader/component/work/PF_SRAM_AHBL_AXI_C0/COREAXI4SRAM_0/rtl/vlog/core/CoreAXI4SRAM_MAINCTRL_ECC.v 
# -- Compiling module PF_SRAM_AHBL_AXI_C0_COREAXI4SRAM_0_CoreAXI4SRAM_MAINCTRL_ECC
# 
# Top level modules:
# 	PF_SRAM_AHBL_AXI_C0_COREAXI4SRAM_0_CoreAXI4SRAM_MAINCTRL_ECC
# End time: 00:20:56 on Jan 26,2026, Elapsed time: 0:00:00
# Errors: 0, Warnings: 0
# QuestaSim Pro Microchip Edition-64 vlog 2024.3 Compiler 2024.09 Sep 10 2024
# Start time: 00:20:56 on Jan 26,2026
# vlog -reportprogress 300 -sv -work presynth C:/prj/FrameReader/component/work/PF_SRAM_AHBL_AXI_C0/COREAXI4SRAM_0/rtl/vlog/core/CoreAXI4SRAM_MAINCTRL.v 
# -- Compiling module PF_SRAM_AHBL_AXI_C0_COREAXI4SRAM_0_CoreAXI4SRAM_MAINCTRL
# 
# Top level modules:
# 	PF_SRAM_AHBL_AXI_C0_COREAXI4SRAM_0_CoreAXI4SRAM_MAINCTRL
# End time: 00:20:56 on Jan 26,2026, Elapsed time: 0:00:00
# Errors: 0, Warnings: 0
# QuestaSim Pro Microchip Edition-64 vlog 2024.3 Compiler 2024.09 Sep 10 2024
# Start time: 00:20:56 on Jan 26,2026
# vlog -reportprogress 300 -sv -work presynth C:/prj/FrameReader/component/work/PF_SRAM_AHBL_AXI_C0/COREAXI4SRAM_0/rtl/vlog/core/CoreAXI4SRAM_SLVIF.v 
# -- Compiling module PF_SRAM_AHBL_AXI_C0_COREAXI4SRAM_0_CoreAXI4SRAM_SLVIF
# 
# Top level modules:
# 	PF_SRAM_AHBL_AXI_C0_COREAXI4SRAM_0_CoreAXI4SRAM_SLVIF
# End time: 00:20:56 on Jan 26,2026, Elapsed time: 0:00:00
# Errors: 0, Warnings: 0
# QuestaSim Pro Microchip Edition-64 vlog 2024.3 Compiler 2024.09 Sep 10 2024
# Start time: 00:20:56 on Jan 26,2026
# vlog -reportprogress 300 -sv -work presynth C:/prj/FrameReader/component/work/PF_SRAM_AHBL_AXI_C0/COREAXI4SRAM_0/rtl/vlog/core/CoreAXI4SRAM.v 
# -- Compiling module PF_SRAM_AHBL_AXI_C0_COREAXI4SRAM_0_COREAXI4SRAM
# 
# Top level modules:
# 	PF_SRAM_AHBL_AXI_C0_COREAXI4SRAM_0_COREAXI4SRAM
# End time: 00:20:56 on Jan 26,2026, Elapsed time: 0:00:00
# Errors: 0, Warnings: 0
# QuestaSim Pro Microchip Edition-64 vlog 2024.3 Compiler 2024.09 Sep 10 2024
# Start time: 00:20:56 on Jan 26,2026
# vlog -reportprogress 300 -sv -work presynth C:/prj/FrameReader/component/work/PF_SRAM_AHBL_AXI_C0/PF_SRAM_AHBL_AXI_C0.v 
# -- Compiling module PF_SRAM_AHBL_AXI_C0
# 
# Top level modules:
# 	PF_SRAM_AHBL_AXI_C0
# End time: 00:20:56 on Jan 26,2026, Elapsed time: 0:00:00
# Errors: 0, Warnings: 0
# QuestaSim Pro Microchip Edition-64 vlog 2024.3 Compiler 2024.09 Sep 10 2024
# Start time: 00:20:56 on Jan 26,2026
# vlog -reportprogress 300 -sv -work presynth C:/prj/FrameReader/hdl/Arbiter_Initiator_Rd_IF.v 
# -- Compiling module Arbiter_Initiator_Rd_IF
# 
# Top level modules:
# 	Arbiter_Initiator_Rd_IF
# End time: 00:20:56 on Jan 26,2026, Elapsed time: 0:00:00
# Errors: 0, Warnings: 0
# QuestaSim Pro Microchip Edition-64 vlog 2024.3 Compiler 2024.09 Sep 10 2024
# Start time: 00:20:56 on Jan 26,2026
# vlog -reportprogress 300 -sv -work presynth C:/prj/FrameReader/hdl/corefifo_fwft.v 
# -- Compiling module DDR_READ_ASYMM_FIFO_DDR_READ_ASYMM_FIFO_0_corefifo_fwft
# 
# Top level modules:
# 	DDR_READ_ASYMM_FIFO_DDR_READ_ASYMM_FIFO_0_corefifo_fwft
# End time: 00:20:57 on Jan 26,2026, Elapsed time: 0:00:01
# Errors: 0, Warnings: 0
# QuestaSim Pro Microchip Edition-64 vlog 2024.3 Compiler 2024.09 Sep 10 2024
# Start time: 00:20:57 on Jan 26,2026
# vlog -reportprogress 300 -sv -work presynth C:/prj/FrameReader/hdl/corefifo_sync_scntr.v 
# -- Compiling module DDR_READ_ASYMM_FIFO_DDR_READ_ASYMM_FIFO_0_corefifo_sync_scntr
# 
# Top level modules:
# 	DDR_READ_ASYMM_FIFO_DDR_READ_ASYMM_FIFO_0_corefifo_sync_scntr
# End time: 00:20:57 on Jan 26,2026, Elapsed time: 0:00:00
# Errors: 0, Warnings: 0
# QuestaSim Pro Microchip Edition-64 vlog 2024.3 Compiler 2024.09 Sep 10 2024
# Start time: 00:20:57 on Jan 26,2026
# vlog -reportprogress 300 -sv -work presynth C:/prj/FrameReader/hdl/corefifo_sync.v 
# -- Compiling module DDR_READ_ASYMM_FIFO_DDR_READ_ASYMM_FIFO_0_corefifo_sync
# 
# Top level modules:
# 	DDR_READ_ASYMM_FIFO_DDR_READ_ASYMM_FIFO_0_corefifo_sync
# End time: 00:20:57 on Jan 26,2026, Elapsed time: 0:00:00
# Errors: 0, Warnings: 0
# QuestaSim Pro Microchip Edition-64 vlog 2024.3 Compiler 2024.09 Sep 10 2024
# Start time: 00:20:57 on Jan 26,2026
# vlog -reportprogress 300 -sv -work presynth C:/prj/FrameReader/hdl/corefifo_graytobinconv.v 
# -- Compiling module DDR_READ_ASYMM_FIFO_DDR_READ_ASYMM_FIFO_0_corefifo_graytobinconv
# 
# Top level modules:
# 	DDR_READ_ASYMM_FIFO_DDR_READ_ASYMM_FIFO_0_corefifo_graytobinconv
# End time: 00:20:57 on Jan 26,2026, Elapsed time: 0:00:00
# Errors: 0, Warnings: 0
# QuestaSim Pro Microchip Edition-64 vlog 2024.3 Compiler 2024.09 Sep 10 2024
# Start time: 00:20:57 on Jan 26,2026
# vlog -reportprogress 300 -sv -work presynth C:/prj/FrameReader/hdl/corefifo_nstagessync.v 
# -- Compiling module DDR_READ_ASYMM_FIFO_DDR_READ_ASYMM_FIFO_0_corefifo_nstagessync
# 
# Top level modules:
# 	DDR_READ_ASYMM_FIFO_DDR_READ_ASYMM_FIFO_0_corefifo_nstagessync
# End time: 00:20:57 on Jan 26,2026, Elapsed time: 0:00:00
# Errors: 0, Warnings: 0
# QuestaSim Pro Microchip Edition-64 vlog 2024.3 Compiler 2024.09 Sep 10 2024
# Start time: 00:20:57 on Jan 26,2026
# vlog -reportprogress 300 -sv -work presynth C:/prj/FrameReader/hdl/corefifo_async.v 
# -- Compiling module DDR_READ_ASYMM_FIFO_DDR_READ_ASYMM_FIFO_0_corefifo_async
# 
# Top level modules:
# 	DDR_READ_ASYMM_FIFO_DDR_READ_ASYMM_FIFO_0_corefifo_async
# End time: 00:20:57 on Jan 26,2026, Elapsed time: 0:00:00
# Errors: 0, Warnings: 0
# QuestaSim Pro Microchip Edition-64 vlog 2024.3 Compiler 2024.09 Sep 10 2024
# Start time: 00:20:57 on Jan 26,2026
# vlog -reportprogress 300 -sv -work presynth C:/prj/FrameReader/hdl/DDR_READ_ASYMM_FIFO_DDR_READ_ASYMM_FIFO_0_LSRAM_top.v 
# -- Compiling module DDR_READ_ASYMM_FIFO_DDR_READ_ASYMM_FIFO_0_LSRAM_top
# 
# Top level modules:
# 	DDR_READ_ASYMM_FIFO_DDR_READ_ASYMM_FIFO_0_LSRAM_top
# End time: 00:20:57 on Jan 26,2026, Elapsed time: 0:00:00
# Errors: 0, Warnings: 0
# QuestaSim Pro Microchip Edition-64 vlog 2024.3 Compiler 2024.09 Sep 10 2024
# Start time: 00:20:57 on Jan 26,2026
# vlog -reportprogress 300 -sv -work presynth C:/prj/FrameReader/hdl/DDR_READ_ASYMM_FIFO_DDR_READ_ASYMM_FIFO_0_ram_wrapper.v 
# -- Compiling module DDR_READ_ASYMM_FIFO_DDR_READ_ASYMM_FIFO_0_ram_wrapper
# 
# Top level modules:
# 	DDR_READ_ASYMM_FIFO_DDR_READ_ASYMM_FIFO_0_ram_wrapper
# End time: 00:20:57 on Jan 26,2026, Elapsed time: 0:00:00
# Errors: 0, Warnings: 0
# QuestaSim Pro Microchip Edition-64 vlog 2024.3 Compiler 2024.09 Sep 10 2024
# Start time: 00:20:58 on Jan 26,2026
# vlog -reportprogress 300 -sv -work presynth C:/prj/FrameReader/hdl/COREFIFO.v 
# -- Compiling module DDR_READ_ASYMM_FIFO_DDR_READ_ASYMM_FIFO_0_COREFIFO
# 
# Top level modules:
# 	DDR_READ_ASYMM_FIFO_DDR_READ_ASYMM_FIFO_0_COREFIFO
# End time: 00:20:58 on Jan 26,2026, Elapsed time: 0:00:00
# Errors: 0, Warnings: 0
# QuestaSim Pro Microchip Edition-64 vlog 2024.3 Compiler 2024.09 Sep 10 2024
# Start time: 00:20:58 on Jan 26,2026
# vlog -reportprogress 300 -sv -work presynth C:/prj/FrameReader/hdl/DDR_read_controller.v 
# -- Compiling module DDR_read_controller
# 
# Top level modules:
# 	DDR_read_controller
# End time: 00:20:58 on Jan 26,2026, Elapsed time: 0:00:00
# Errors: 0, Warnings: 0
# QuestaSim Pro Microchip Edition-64 vlog 2024.3 Compiler 2024.09 Sep 10 2024
# Start time: 00:20:58 on Jan 26,2026
# vlog -reportprogress 300 -sv -work presynth C:/prj/FrameReader/hdl/DDR_Read_Native.v 
# -- Compiling module DDR_Read_Native
# 
# Top level modules:
# 	DDR_Read_Native
# End time: 00:20:58 on Jan 26,2026, Elapsed time: 0:00:00
# Errors: 0, Warnings: 0
# QuestaSim Pro Microchip Edition-64 vlog 2024.3 Compiler 2024.09 Sep 10 2024
# Start time: 00:20:58 on Jan 26,2026
# vlog -reportprogress 300 -sv -work presynth C:/prj/FrameReader/hdl/DDR_Read.v 
# -- Compiling module DDR_Read
# 
# Top level modules:
# 	DDR_Read
# End time: 00:20:58 on Jan 26,2026, Elapsed time: 0:00:00
# Errors: 0, Warnings: 0
# QuestaSim Pro Microchip Edition-64 vlog 2024.3 Compiler 2024.09 Sep 10 2024
# Start time: 00:20:58 on Jan 26,2026
# vlog -reportprogress 300 -sv -work presynth C:/prj/FrameReader/component/work/FrameRD/FrameRD.v 
# -- Compiling module FrameRD
# 
# Top level modules:
# 	FrameRD
# End time: 00:20:58 on Jan 26,2026, Elapsed time: 0:00:00
# Errors: 0, Warnings: 0
# QuestaSim Pro Microchip Edition-64 vlog 2024.3 Compiler 2024.09 Sep 10 2024
# Start time: 00:20:58 on Jan 26,2026
# vlog -reportprogress 300 "+incdir+C:/prj/FrameReader/component/Actel/Simulation/CLK_GEN/1.0.1" "+incdir+C:/prj/FrameReader/component/work/CLK_GEN_C0" "+incdir+C:/prj/FrameReader/component/work/DDR_CLK" "+incdir+C:/prj/FrameReader/component/Actel/Simulation/PULSE_GEN/1.0.1" "+incdir+C:/prj/FrameReader/component/work/PULSE_GEN_C0" "+incdir+C:/prj/FrameReader/component/Actel/Simulation/RESET_GEN/1.0.1" "+incdir+C:/prj/FrameReader/component/work/RESET_GEN_C0" "+incdir+C:/prj/FrameReader/component/work/FrameRD_TB" -sv -work presynth C:/prj/FrameReader/component/Actel/Simulation/CLK_GEN/1.0.1/CLK_GEN.v 
# -- Compiling module CLK_GEN
# 
# Top level modules:
# 	CLK_GEN
# End time: 00:20:58 on Jan 26,2026, Elapsed time: 0:00:00
# Errors: 0, Warnings: 0
# QuestaSim Pro Microchip Edition-64 vlog 2024.3 Compiler 2024.09 Sep 10 2024
# Start time: 00:20:58 on Jan 26,2026
# vlog -reportprogress 300 "+incdir+C:/prj/FrameReader/component/Actel/Simulation/CLK_GEN/1.0.1" "+incdir+C:/prj/FrameReader/component/work/CLK_GEN_C0" "+incdir+C:/prj/FrameReader/component/work/DDR_CLK" "+incdir+C:/prj/FrameReader/component/Actel/Simulation/PULSE_GEN/1.0.1" "+incdir+C:/prj/FrameReader/component/work/PULSE_GEN_C0" "+incdir+C:/prj/FrameReader/component/Actel/Simulation/RESET_GEN/1.0.1" "+incdir+C:/prj/FrameReader/component/work/RESET_GEN_C0" "+incdir+C:/prj/FrameReader/component/work/FrameRD_TB" -sv -work presynth C:/prj/FrameReader/component/work/CLK_GEN_C0/CLK_GEN_C0.v 
# -- Compiling module CLK_GEN_C0
# 
# Top level modules:
# 	CLK_GEN_C0
# End time: 00:20:58 on Jan 26,2026, Elapsed time: 0:00:00
# Errors: 0, Warnings: 0
# QuestaSim Pro Microchip Edition-64 vlog 2024.3 Compiler 2024.09 Sep 10 2024
# Start time: 00:20:59 on Jan 26,2026
# vlog -reportprogress 300 "+incdir+C:/prj/FrameReader/component/Actel/Simulation/CLK_GEN/1.0.1" "+incdir+C:/prj/FrameReader/component/work/CLK_GEN_C0" "+incdir+C:/prj/FrameReader/component/work/DDR_CLK" "+incdir+C:/prj/FrameReader/component/Actel/Simulation/PULSE_GEN/1.0.1" "+incdir+C:/prj/FrameReader/component/work/PULSE_GEN_C0" "+incdir+C:/prj/FrameReader/component/Actel/Simulation/RESET_GEN/1.0.1" "+incdir+C:/prj/FrameReader/component/work/RESET_GEN_C0" "+incdir+C:/prj/FrameReader/component/work/FrameRD_TB" -sv -work presynth C:/prj/FrameReader/component/work/DDR_CLK/DDR_CLK.v 
# -- Compiling module DDR_CLK
# 
# Top level modules:
# 	DDR_CLK
# End time: 00:20:59 on Jan 26,2026, Elapsed time: 0:00:00
# Errors: 0, Warnings: 0
# QuestaSim Pro Microchip Edition-64 vlog 2024.3 Compiler 2024.09 Sep 10 2024
# Start time: 00:20:59 on Jan 26,2026
# vlog -reportprogress 300 "+incdir+C:/prj/FrameReader/component/Actel/Simulation/CLK_GEN/1.0.1" "+incdir+C:/prj/FrameReader/component/work/CLK_GEN_C0" "+incdir+C:/prj/FrameReader/component/work/DDR_CLK" "+incdir+C:/prj/FrameReader/component/Actel/Simulation/PULSE_GEN/1.0.1" "+incdir+C:/prj/FrameReader/component/work/PULSE_GEN_C0" "+incdir+C:/prj/FrameReader/component/Actel/Simulation/RESET_GEN/1.0.1" "+incdir+C:/prj/FrameReader/component/work/RESET_GEN_C0" "+incdir+C:/prj/FrameReader/component/work/FrameRD_TB" -sv -work presynth C:/prj/FrameReader/component/Actel/Simulation/PULSE_GEN/1.0.1/PULSE_GEN.v 
# -- Compiling module PULSE_GEN
# 
# Top level modules:
# 	PULSE_GEN
# End time: 00:20:59 on Jan 26,2026, Elapsed time: 0:00:00
# Errors: 0, Warnings: 0
# QuestaSim Pro Microchip Edition-64 vlog 2024.3 Compiler 2024.09 Sep 10 2024
# Start time: 00:20:59 on Jan 26,2026
# vlog -reportprogress 300 "+incdir+C:/prj/FrameReader/component/Actel/Simulation/CLK_GEN/1.0.1" "+incdir+C:/prj/FrameReader/component/work/CLK_GEN_C0" "+incdir+C:/prj/FrameReader/component/work/DDR_CLK" "+incdir+C:/prj/FrameReader/component/Actel/Simulation/PULSE_GEN/1.0.1" "+incdir+C:/prj/FrameReader/component/work/PULSE_GEN_C0" "+incdir+C:/prj/FrameReader/component/Actel/Simulation/RESET_GEN/1.0.1" "+incdir+C:/prj/FrameReader/component/work/RESET_GEN_C0" "+incdir+C:/prj/FrameReader/component/work/FrameRD_TB" -sv -work presynth C:/prj/FrameReader/component/work/PULSE_GEN_C0/PULSE_GEN_C0.v 
# -- Compiling module PULSE_GEN_C0
# 
# Top level modules:
# 	PULSE_GEN_C0
# End time: 00:20:59 on Jan 26,2026, Elapsed time: 0:00:00
# Errors: 0, Warnings: 0
# QuestaSim Pro Microchip Edition-64 vlog 2024.3 Compiler 2024.09 Sep 10 2024
# Start time: 00:20:59 on Jan 26,2026
# vlog -reportprogress 300 "+incdir+C:/prj/FrameReader/component/Actel/Simulation/CLK_GEN/1.0.1" "+incdir+C:/prj/FrameReader/component/work/CLK_GEN_C0" "+incdir+C:/prj/FrameReader/component/work/DDR_CLK" "+incdir+C:/prj/FrameReader/component/Actel/Simulation/PULSE_GEN/1.0.1" "+incdir+C:/prj/FrameReader/component/work/PULSE_GEN_C0" "+incdir+C:/prj/FrameReader/component/Actel/Simulation/RESET_GEN/1.0.1" "+incdir+C:/prj/FrameReader/component/work/RESET_GEN_C0" "+incdir+C:/prj/FrameReader/component/work/FrameRD_TB" -sv -work presynth C:/prj/FrameReader/component/Actel/Simulation/RESET_GEN/1.0.1/RESET_GEN.v 
# -- Compiling module RESET_GEN
# 
# Top level modules:
# 	RESET_GEN
# End time: 00:20:59 on Jan 26,2026, Elapsed time: 0:00:00
# Errors: 0, Warnings: 0
# QuestaSim Pro Microchip Edition-64 vlog 2024.3 Compiler 2024.09 Sep 10 2024
# Start time: 00:20:59 on Jan 26,2026
# vlog -reportprogress 300 "+incdir+C:/prj/FrameReader/component/Actel/Simulation/CLK_GEN/1.0.1" "+incdir+C:/prj/FrameReader/component/work/CLK_GEN_C0" "+incdir+C:/prj/FrameReader/component/work/DDR_CLK" "+incdir+C:/prj/FrameReader/component/Actel/Simulation/PULSE_GEN/1.0.1" "+incdir+C:/prj/FrameReader/component/work/PULSE_GEN_C0" "+incdir+C:/prj/FrameReader/component/Actel/Simulation/RESET_GEN/1.0.1" "+incdir+C:/prj/FrameReader/component/work/RESET_GEN_C0" "+incdir+C:/prj/FrameReader/component/work/FrameRD_TB" -sv -work presynth C:/prj/FrameReader/component/work/RESET_GEN_C0/RESET_GEN_C0.v 
# -- Compiling module RESET_GEN_C0
# 
# Top level modules:
# 	RESET_GEN_C0
# End time: 00:20:59 on Jan 26,2026, Elapsed time: 0:00:00
# Errors: 0, Warnings: 0
# QuestaSim Pro Microchip Edition-64 vlog 2024.3 Compiler 2024.09 Sep 10 2024
# Start time: 00:20:59 on Jan 26,2026
# vlog -reportprogress 300 "+incdir+C:/prj/FrameReader/component/Actel/Simulation/CLK_GEN/1.0.1" "+incdir+C:/prj/FrameReader/component/work/CLK_GEN_C0" "+incdir+C:/prj/FrameReader/component/work/DDR_CLK" "+incdir+C:/prj/FrameReader/component/Actel/Simulation/PULSE_GEN/1.0.1" "+incdir+C:/prj/FrameReader/component/work/PULSE_GEN_C0" "+incdir+C:/prj/FrameReader/component/Actel/Simulation/RESET_GEN/1.0.1" "+incdir+C:/prj/FrameReader/component/work/RESET_GEN_C0" "+incdir+C:/prj/FrameReader/component/work/FrameRD_TB" -sv -work presynth C:/prj/FrameReader/component/work/FrameRD_TB/FrameRD_TB.v 
# -- Compiling module FrameRD_TB
# 
# Top level modules:
# 	FrameRD_TB
# End time: 00:20:59 on Jan 26,2026, Elapsed time: 0:00:00
# Errors: 0, Warnings: 0
# vsim -voptargs="+acc" -L PolarFire -L presynth -t 1ps -displaymsgmode both presynth.FrameRD_TB 
# Start time: 00:20:59 on Jan 26,2026
# ** Note: (vsim-3812) Design is being optimized...
# ** Warning: (vopt-10908) Some optimizations are turned off because the +acc switch is in effect.
# ** Note: (vopt-143) Recognized 1 FSM in architecture body "request_scheduler(request_scheduler)".
# ** Note: (vopt-143) Recognized 2 FSMs in module "ddr_rw_arbiter(fast)".
# ** Note: (vopt-143) Recognized 1 FSM in module "DDR_read_controller(fast)".
# ** Warning: C:/prj/FrameReader/component/work/PF_SRAM_AHBL_AXI_C0/COREAXI4SRAM_0/rtl/vlog/core/CoreAXI4SRAM.v(417): (vopt-2685) [TFMPC] - Too few port connections for 'U_PF_SRAM_AHBL_AXI_C0_COREAXI4SRAM_0_CoreAXI4SRAM_MAINCTRL'.  Expected 50, found 49.
# ** Warning: C:/prj/FrameReader/component/work/Display_Controller_C0/Display_Controller_C0.v(162): (vopt-2685) [TFMPC] - Too few port connections for 'Display_Controller_C0_0'.  Expected 56, found 55.
# ** Warning: C:/prj/FrameReader/component/work/Display_Controller_C0/Display_Controller_C0.v(162): (vopt-2718) [TFMPC] - Missing connection for port 'FIELD_O'.
# ** Note: (vsim-12126) Error and warning message counts have been restored: Errors=0, Warnings=4.
# Loading sv_std.std
# Loading work.FrameRD_TB(fast)
# Loading work.DDR_CLK(fast)
# Loading work.CLK_GEN(fast)
# Loading work.FrameRD(fast)
# Loading PolarFire.AND2(fast)
# Loading PolarFire.CFG2(fast)
# Loading work.DDR_AXI4_ARBITER_PF_C0(fast)
# Loading work.DDR_AXI4_ARBITER_PF(fast)
# Loading work.AXI4_S_IF(fast)
# Loading work.AXI4_M_M_IF(fast)
# Loading work.DDR_AXI4_ARBITER_PF_Native(fast)
# Loading work.ddr_rw_arbiter(fast)
# Loading work.ddr_rw_arbiter_C0_ddr_rw_arbiter_C0_0_video_axi_fifo(fast)
# Loading work.ddr_rw_arbiter_C0_ddr_rw_arbiter_C0_0_ram_wrapper(fast)
# Loading work.ddr_rw_arbiter_C0_ddr_rw_arbiter_C0_0_LSRAM_top(fast)
# Loading work.ddr_rw_arbiter_C0_ddr_rw_arbiter_C0_0_corefifo_fwft(fast)
# Loading work.ddr_rw_arbiter_C0_ddr_rw_arbiter_C0_0_corefifo_sync_scntr(fast)
# Loading work.ddr_rw_arbiter_C0_ddr_rw_arbiter_C0_0_video_axi_fifo(fast__1)
# Loading work.ddr_rw_arbiter_C0_ddr_rw_arbiter_C0_0_ram_wrapper(fast__1)
# Loading work.ddr_rw_arbiter_C0_ddr_rw_arbiter_C0_0_LSRAM_top(fast__1)
# Loading work.ddr_rw_arbiter_C0_ddr_rw_arbiter_C0_0_corefifo_fwft(fast__1)
# Loading work.ddr_rw_arbiter_C0_ddr_rw_arbiter_C0_0_corefifo_sync_scntr(fast__1)
# Loading work.read_top(fast)
# Loading work.write_top(fast)
# Loading work.DDR_Read(fast)
# Loading work.Arbiter_Initiator_Rd_IF(fast)
# Loading work.DDR_Read_Native(fast)
# Loading work.DDR_read_controller(fast)
# Loading work.DDR_READ_ASYMM_FIFO_DDR_READ_ASYMM_FIFO_0_COREFIFO(fast)
# Loading work.DDR_READ_ASYMM_FIFO_DDR_READ_ASYMM_FIFO_0_ram_wrapper(fast)
# Loading work.DDR_READ_ASYMM_FIFO_DDR_READ_ASYMM_FIFO_0_LSRAM_top(fast)
# Loading PolarFire.RAM1K20(fast)
# Loading PolarFire.RAM1K20_IP(fast)
# Loading PolarFire.RAM_DLY(fast)
# Loading PolarFire.ECC_PIPELINE(fast)
# Loading PolarFire.SLE_Prim(fast)
# Loading PolarFire.ECC_PIPELINE(fast__1)
# Loading PolarFire.SLE_Prim(fast__1)
# Loading PolarFire.ECC_PIPELINE(fast__2)
# Loading PolarFire.CFG1(fast)
# Loading PolarFire.OR2(fast)
# Loading PolarFire.CFG2(fast__1)
# Loading PolarFire.GND(fast)
# Loading PolarFire.VCC(fast)
# Loading work.DDR_READ_ASYMM_FIFO_DDR_READ_ASYMM_FIFO_0_corefifo_async(fast)
# Loading work.DDR_READ_ASYMM_FIFO_DDR_READ_ASYMM_FIFO_0_corefifo_nstagessync(fast)
# Loading work.DDR_READ_ASYMM_FIFO_DDR_READ_ASYMM_FIFO_0_corefifo_nstagessync(fast__1)
# Loading work.DDR_READ_ASYMM_FIFO_DDR_READ_ASYMM_FIFO_0_corefifo_graytobinconv(fast)
# Loading work.DDR_READ_ASYMM_FIFO_DDR_READ_ASYMM_FIFO_0_corefifo_graytobinconv(fast__1)
# Loading PolarFire.DFN1(fast)
# Loading PolarFire.SLE(fast)
# Loading work.Display_Controller_C0(fast)
# Loading work.Display_Controller(fast)
# Loading work.PF_SRAM_AHBL_AXI_C0(fast)
# Loading work.PF_SRAM_AHBL_AXI_C0_COREAXI4SRAM_0_COREAXI4SRAM(fast)
# Loading work.PF_SRAM_AHBL_AXI_C0_COREAXI4SRAM_0_CoreAXI4SRAM_MAINCTRL(fast)
# Loading work.PF_SRAM_AHBL_AXI_C0_COREAXI4SRAM_0_CoreAXI4SRAM_SLVIF(fast)
# Loading work.PF_SRAM_AHBL_AXI_C0_PF_TPSRAM_AHB_AXI_0_PF_TPSRAM(fast)
# Loading PolarFire.OR4(fast)
# Loading PolarFire.CFG4(fast)
# Loading PolarFire.RAM1K20(fast__1)
# Loading PolarFire.RAM1K20_IP(fast__1)
# Loading PolarFire.RAM1K20(fast__2)
# Loading PolarFire.RAM1K20_IP(fast__2)
# Loading PolarFire.RAM1K20(fast__3)
# Loading PolarFire.RAM1K20_IP(fast__3)
# Loading PolarFire.RAM1K20(fast__4)
# Loading PolarFire.RAM1K20_IP(fast__4)
# Loading PolarFire.RAM1K20(fast__5)
# Loading PolarFire.RAM1K20_IP(fast__5)
# Loading PolarFire.RAM1K20(fast__6)
# Loading PolarFire.RAM1K20_IP(fast__6)
# Loading PolarFire.RAM1K20(fast__7)
# Loading PolarFire.RAM1K20_IP(fast__7)
# Loading PolarFire.RAM1K20(fast__8)
# Loading PolarFire.RAM1K20_IP(fast__8)
# Loading work.CLK_GEN_C0(fast)
# Loading work.CLK_GEN(fast__1)
# Loading work.PULSE_GEN_C0(fast)
# Loading work.PULSE_GEN(fast)
# Loading work.RESET_GEN_C0(fast)
# Loading work.RESET_GEN(fast)
# Loading std.standard
# Loading std.textio(body)
# Loading ieee.std_logic_1164(body)
# Loading ieee.numeric_std(body)
# Loading ieee.std_logic_arith(body)
# Loading ieee.std_logic_unsigned(body)
# Loading work.read_demux(read_demux)#1
# Loading work.read_mux(read_mux)#1
# Loading work.request_scheduler(request_scheduler)#1
# Loading work.write_demux(write_demux)#1
# Loading work.write_mux(write_mux)#1
# WARNING : Memory starts being read slowly then framerate
add wave -position insertpoint sim:/FrameRD_TB/FrameRD_0/DDR_Read_0/genblk1/DDR_Read_Native_6/DDR_read_controller_0/*
# Break key hit
# Break in Module RAM1K20_IP at C:/Microchip/Libero_SoC_2025.1/Libero_SoC/QuestaSim_Pro/win64/../../Designer/lib/modelsim/precompiled/vlog/src/polarfire.v line 9391
# can't find package ScintillaTk
write format wave -window .main_pane.wave.interior.cs.body.pw.wf C:/prj/FrameReader/simulation/wave.do
quit -sim
# End time: 00:26:51 on Jan 26,2026, Elapsed time: 0:05:52
# Errors: 0, Warnings: 4
do run.do
# INFO: Simulation library presynth already exists
# QuestaSim Pro Microchip Edition-64 vmap 2024.3 Lib Mapping Utility 2024.09 Sep 10 2024
# vmap presynth presynth 
# Modifying modelsim.ini
# QuestaSim Pro Microchip Edition-64 vmap 2024.3 Lib Mapping Utility 2024.09 Sep 10 2024
# vmap PolarFire C:/Microchip/Libero_SoC_2025.1/Libero_SoC/Designer/lib/questasim/precompiled/vlog/polarfire 
# Modifying modelsim.ini
# QuestaSim Pro Microchip Edition-64 vlog 2024.3 Compiler 2024.09 Sep 10 2024
# Start time: 00:26:53 on Jan 26,2026
# vlog -reportprogress 300 -sv -work presynth C:/prj/FrameReader/component/Microchip/SolutionCore/DDR_AXI4_ARBITER_PF/2.2.0/RTL/AXI4_M_M_IF.v 
# -- Compiling module AXI4_M_M_IF
# 
# Top level modules:
# 	AXI4_M_M_IF
# End time: 00:26:53 on Jan 26,2026, Elapsed time: 0:00:00
# Errors: 0, Warnings: 0
# QuestaSim Pro Microchip Edition-64 vlog 2024.3 Compiler 2024.09 Sep 10 2024
# Start time: 00:26:53 on Jan 26,2026
# vlog -reportprogress 300 -sv -work presynth C:/prj/FrameReader/component/Microchip/SolutionCore/DDR_AXI4_ARBITER_PF/2.2.0/RTL/AXI4_S_IF.v 
# -- Compiling module AXI4_S_IF
# 
# Top level modules:
# 	AXI4_S_IF
# End time: 00:26:53 on Jan 26,2026, Elapsed time: 0:00:00
# Errors: 0, Warnings: 0
# QuestaSim Pro Microchip Edition-64 vlog 2024.3 Compiler 2024.09 Sep 10 2024
# Start time: 00:26:54 on Jan 26,2026
# vlog -reportprogress 300 -sv -work presynth C:/prj/FrameReader/component/Microchip/SolutionCore/DDR_AXI4_ARBITER_PF/2.2.0/RTL/axi_lbus_corefifo_NstagesSync.v 
# -- Compiling module ddr_rw_arbiter_C0_ddr_rw_arbiter_C0_0_corefifo_NstagesSync
# 
# Top level modules:
# 	ddr_rw_arbiter_C0_ddr_rw_arbiter_C0_0_corefifo_NstagesSync
# End time: 00:26:54 on Jan 26,2026, Elapsed time: 0:00:00
# Errors: 0, Warnings: 0
# QuestaSim Pro Microchip Edition-64 vlog 2024.3 Compiler 2024.09 Sep 10 2024
# Start time: 00:26:54 on Jan 26,2026
# vlog -reportprogress 300 -sv -work presynth C:/prj/FrameReader/component/Microchip/SolutionCore/DDR_AXI4_ARBITER_PF/2.2.0/RTL/axi_lbus_corefifo_grayToBinConv.v 
# -- Compiling module ddr_rw_arbiter_C0_ddr_rw_arbiter_C0_0_corefifo_grayToBinConv
# 
# Top level modules:
# 	ddr_rw_arbiter_C0_ddr_rw_arbiter_C0_0_corefifo_grayToBinConv
# End time: 00:26:54 on Jan 26,2026, Elapsed time: 0:00:00
# Errors: 0, Warnings: 0
# QuestaSim Pro Microchip Edition-64 vlog 2024.3 Compiler 2024.09 Sep 10 2024
# Start time: 00:26:54 on Jan 26,2026
# vlog -reportprogress 300 -sv -work presynth C:/prj/FrameReader/component/Microchip/SolutionCore/DDR_AXI4_ARBITER_PF/2.2.0/RTL/axi_lbus_corefifo_async.v 
# -- Compiling module ddr_rw_arbiter_C0_ddr_rw_arbiter_C0_0_corefifo_async
# 
# Top level modules:
# 	ddr_rw_arbiter_C0_ddr_rw_arbiter_C0_0_corefifo_async
# End time: 00:26:54 on Jan 26,2026, Elapsed time: 0:00:00
# Errors: 0, Warnings: 0
# QuestaSim Pro Microchip Edition-64 vlog 2024.3 Compiler 2024.09 Sep 10 2024
# Start time: 00:26:54 on Jan 26,2026
# vlog -reportprogress 300 -sv -work presynth C:/prj/FrameReader/component/Microchip/SolutionCore/DDR_AXI4_ARBITER_PF/2.2.0/RTL/axi_lbus_corefifo_resetSync.v 
# -- Compiling module ddr_rw_arbiter_C0_ddr_rw_arbiter_C0_0_corefifo_resetSync
# 
# Top level modules:
# 	ddr_rw_arbiter_C0_ddr_rw_arbiter_C0_0_corefifo_resetSync
# End time: 00:26:54 on Jan 26,2026, Elapsed time: 0:00:00
# Errors: 0, Warnings: 0
# QuestaSim Pro Microchip Edition-64 vlog 2024.3 Compiler 2024.09 Sep 10 2024
# Start time: 00:26:54 on Jan 26,2026
# vlog -reportprogress 300 -sv -work presynth C:/prj/FrameReader/component/Microchip/SolutionCore/DDR_AXI4_ARBITER_PF/2.2.0/RTL/axi_lbus_corefifo_sync.v 
# -- Compiling module ddr_rw_arbiter_C0_ddr_rw_arbiter_C0_0_corefifo_sync
# 
# Top level modules:
# 	ddr_rw_arbiter_C0_ddr_rw_arbiter_C0_0_corefifo_sync
# End time: 00:26:54 on Jan 26,2026, Elapsed time: 0:00:00
# Errors: 0, Warnings: 0
# QuestaSim Pro Microchip Edition-64 vlog 2024.3 Compiler 2024.09 Sep 10 2024
# Start time: 00:26:54 on Jan 26,2026
# vlog -reportprogress 300 -sv -work presynth C:/prj/FrameReader/component/Microchip/SolutionCore/DDR_AXI4_ARBITER_PF/2.2.0/RTL/axi_lbus_corefifo_fwft.v 
# -- Compiling module ddr_rw_arbiter_C0_ddr_rw_arbiter_C0_0_corefifo_fwft
# 
# Top level modules:
# 	ddr_rw_arbiter_C0_ddr_rw_arbiter_C0_0_corefifo_fwft
# End time: 00:26:54 on Jan 26,2026, Elapsed time: 0:00:00
# Errors: 0, Warnings: 0
# QuestaSim Pro Microchip Edition-64 vlog 2024.3 Compiler 2024.09 Sep 10 2024
# Start time: 00:26:54 on Jan 26,2026
# vlog -reportprogress 300 -sv -work presynth C:/prj/FrameReader/component/Microchip/SolutionCore/DDR_AXI4_ARBITER_PF/2.2.0/RTL/axi_lbus_corefifo_sync_scntr.v 
# -- Compiling module ddr_rw_arbiter_C0_ddr_rw_arbiter_C0_0_corefifo_sync_scntr
# 
# Top level modules:
# 	ddr_rw_arbiter_C0_ddr_rw_arbiter_C0_0_corefifo_sync_scntr
# End time: 00:26:54 on Jan 26,2026, Elapsed time: 0:00:00
# Errors: 0, Warnings: 0
# QuestaSim Pro Microchip Edition-64 vlog 2024.3 Compiler 2024.09 Sep 10 2024
# Start time: 00:26:55 on Jan 26,2026
# vlog -reportprogress 300 -sv -work presynth C:/prj/FrameReader/component/Microchip/SolutionCore/DDR_AXI4_ARBITER_PF/2.2.0/RTL/axi_lbus_LSRAM_top.v 
# -- Compiling module ddr_rw_arbiter_C0_ddr_rw_arbiter_C0_0_LSRAM_top
# 
# Top level modules:
# 	ddr_rw_arbiter_C0_ddr_rw_arbiter_C0_0_LSRAM_top
# End time: 00:26:55 on Jan 26,2026, Elapsed time: 0:00:00
# Errors: 0, Warnings: 0
# QuestaSim Pro Microchip Edition-64 vlog 2024.3 Compiler 2024.09 Sep 10 2024
# Start time: 00:26:55 on Jan 26,2026
# vlog -reportprogress 300 -sv -work presynth C:/prj/FrameReader/component/Microchip/SolutionCore/DDR_AXI4_ARBITER_PF/2.2.0/RTL/axi_lbus_ram_wrapper.v 
# -- Compiling module ddr_rw_arbiter_C0_ddr_rw_arbiter_C0_0_ram_wrapper
# 
# Top level modules:
# 	ddr_rw_arbiter_C0_ddr_rw_arbiter_C0_0_ram_wrapper
# End time: 00:26:55 on Jan 26,2026, Elapsed time: 0:00:00
# Errors: 0, Warnings: 0
# QuestaSim Pro Microchip Edition-64 vlog 2024.3 Compiler 2024.09 Sep 10 2024
# Start time: 00:26:55 on Jan 26,2026
# vlog -reportprogress 300 -sv -work presynth C:/prj/FrameReader/component/Microchip/SolutionCore/DDR_AXI4_ARBITER_PF/2.2.0/RTL/video_axi_fifo.v 
# -- Compiling module ddr_rw_arbiter_C0_ddr_rw_arbiter_C0_0_video_axi_fifo
# 
# Top level modules:
# 	ddr_rw_arbiter_C0_ddr_rw_arbiter_C0_0_video_axi_fifo
# End time: 00:26:55 on Jan 26,2026, Elapsed time: 0:00:00
# Errors: 0, Warnings: 0
# QuestaSim Pro Microchip Edition-64 vlog 2024.3 Compiler 2024.09 Sep 10 2024
# Start time: 00:26:55 on Jan 26,2026
# vlog -reportprogress 300 -sv -work presynth C:/prj/FrameReader/component/Microchip/SolutionCore/DDR_AXI4_ARBITER_PF/2.2.0/RTL/ddr_rw_arbiter.v 
# -- Compiling module ddr_rw_arbiter
# 
# Top level modules:
# 	ddr_rw_arbiter
# End time: 00:26:55 on Jan 26,2026, Elapsed time: 0:00:00
# Errors: 0, Warnings: 0
# QuestaSim Pro Microchip Edition-64 vcom 2024.3 Compiler 2024.09 Sep 10 2024
# Start time: 00:26:55 on Jan 26,2026
# vcom -reportprogress 300 -2008 -explicit -work presynth C:/prj/FrameReader/component/Microchip/SolutionCore/DDR_AXI4_ARBITER_PF/2.2.0/RTL/write_mux.vhd 
# -- Loading package STANDARD
# -- Loading package TEXTIO
# -- Loading package std_logic_1164
# -- Loading package NUMERIC_STD
# -- Loading package std_logic_arith
# -- Loading package STD_LOGIC_UNSIGNED
# -- Compiling entity write_mux
# -- Compiling architecture write_mux of write_mux
# End time: 00:26:55 on Jan 26,2026, Elapsed time: 0:00:00
# Errors: 0, Warnings: 0
# QuestaSim Pro Microchip Edition-64 vcom 2024.3 Compiler 2024.09 Sep 10 2024
# Start time: 00:26:55 on Jan 26,2026
# vcom -reportprogress 300 -2008 -explicit -work presynth C:/prj/FrameReader/component/Microchip/SolutionCore/DDR_AXI4_ARBITER_PF/2.2.0/RTL/request_scheduler.vhd 
# -- Loading package STANDARD
# -- Loading package TEXTIO
# -- Loading package std_logic_1164
# -- Loading package NUMERIC_STD
# -- Loading package std_logic_arith
# -- Loading package STD_LOGIC_UNSIGNED
# -- Compiling entity request_scheduler
# -- Compiling architecture request_scheduler of request_scheduler
# End time: 00:26:55 on Jan 26,2026, Elapsed time: 0:00:00
# Errors: 0, Warnings: 0
# QuestaSim Pro Microchip Edition-64 vcom 2024.3 Compiler 2024.09 Sep 10 2024
# Start time: 00:26:55 on Jan 26,2026
# vcom -reportprogress 300 -2008 -explicit -work presynth C:/prj/FrameReader/component/Microchip/SolutionCore/DDR_AXI4_ARBITER_PF/2.2.0/RTL/write_demux.vhd 
# -- Loading package STANDARD
# -- Loading package TEXTIO
# -- Loading package std_logic_1164
# -- Loading package NUMERIC_STD
# -- Loading package std_logic_arith
# -- Loading package STD_LOGIC_UNSIGNED
# -- Compiling entity write_demux
# -- Compiling architecture write_demux of write_demux
# End time: 00:26:55 on Jan 26,2026, Elapsed time: 0:00:00
# Errors: 0, Warnings: 0
# QuestaSim Pro Microchip Edition-64 vlog 2024.3 Compiler 2024.09 Sep 10 2024
# Start time: 00:26:56 on Jan 26,2026
# vlog -reportprogress 300 -sv -work presynth C:/prj/FrameReader/component/Microchip/SolutionCore/DDR_AXI4_ARBITER_PF/2.2.0/RTL/write_top.v 
# -- Compiling module write_top
# 
# Top level modules:
# 	write_top
# End time: 00:26:56 on Jan 26,2026, Elapsed time: 0:00:00
# Errors: 0, Warnings: 0
# QuestaSim Pro Microchip Edition-64 vcom 2024.3 Compiler 2024.09 Sep 10 2024
# Start time: 00:26:56 on Jan 26,2026
# vcom -reportprogress 300 -2008 -explicit -work presynth C:/prj/FrameReader/component/Microchip/SolutionCore/DDR_AXI4_ARBITER_PF/2.2.0/RTL/read_demux.vhd 
# -- Loading package STANDARD
# -- Loading package TEXTIO
# -- Loading package std_logic_1164
# -- Loading package NUMERIC_STD
# -- Loading package std_logic_arith
# -- Loading package STD_LOGIC_UNSIGNED
# -- Compiling entity read_demux
# -- Compiling architecture read_demux of read_demux
# End time: 00:26:56 on Jan 26,2026, Elapsed time: 0:00:00
# Errors: 0, Warnings: 0
# QuestaSim Pro Microchip Edition-64 vcom 2024.3 Compiler 2024.09 Sep 10 2024
# Start time: 00:26:56 on Jan 26,2026
# vcom -reportprogress 300 -2008 -explicit -work presynth C:/prj/FrameReader/component/Microchip/SolutionCore/DDR_AXI4_ARBITER_PF/2.2.0/RTL/read_mux.vhd 
# -- Loading package STANDARD
# -- Loading package TEXTIO
# -- Loading package std_logic_1164
# -- Compiling entity read_mux
# -- Compiling architecture read_mux of read_mux
# End time: 00:26:56 on Jan 26,2026, Elapsed time: 0:00:00
# Errors: 0, Warnings: 0
# QuestaSim Pro Microchip Edition-64 vlog 2024.3 Compiler 2024.09 Sep 10 2024
# Start time: 00:26:56 on Jan 26,2026
# vlog -reportprogress 300 -sv -work presynth C:/prj/FrameReader/component/Microchip/SolutionCore/DDR_AXI4_ARBITER_PF/2.2.0/RTL/read_top.v 
# -- Compiling module read_top
# 
# Top level modules:
# 	read_top
# End time: 00:26:56 on Jan 26,2026, Elapsed time: 0:00:00
# Errors: 0, Warnings: 0
# QuestaSim Pro Microchip Edition-64 vlog 2024.3 Compiler 2024.09 Sep 10 2024
# Start time: 00:26:56 on Jan 26,2026
# vlog -reportprogress 300 -sv -work presynth C:/prj/FrameReader/component/Microchip/SolutionCore/DDR_AXI4_ARBITER_PF/2.2.0/RTL/DDR_AXI4_ARBITER_PF_Native.v 
# -- Compiling module DDR_AXI4_ARBITER_PF_Native
# 
# Top level modules:
# 	DDR_AXI4_ARBITER_PF_Native
# End time: 00:26:56 on Jan 26,2026, Elapsed time: 0:00:00
# Errors: 0, Warnings: 0
# QuestaSim Pro Microchip Edition-64 vlog 2024.3 Compiler 2024.09 Sep 10 2024
# Start time: 00:26:56 on Jan 26,2026
# vlog -reportprogress 300 -sv -work presynth C:/prj/FrameReader/component/Microchip/SolutionCore/DDR_AXI4_ARBITER_PF/2.2.0/RTL/DDR_AXI4_ARBITER_PF.v 
# -- Compiling module DDR_AXI4_ARBITER_PF
# 
# Top level modules:
# 	DDR_AXI4_ARBITER_PF
# End time: 00:26:56 on Jan 26,2026, Elapsed time: 0:00:00
# Errors: 0, Warnings: 0
# QuestaSim Pro Microchip Edition-64 vlog 2024.3 Compiler 2024.09 Sep 10 2024
# Start time: 00:26:56 on Jan 26,2026
# vlog -reportprogress 300 -sv -work presynth C:/prj/FrameReader/component/work/DDR_AXI4_ARBITER_PF_C0/DDR_AXI4_ARBITER_PF_C0.v 
# -- Compiling module DDR_AXI4_ARBITER_PF_C0
# 
# Top level modules:
# 	DDR_AXI4_ARBITER_PF_C0
# End time: 00:26:56 on Jan 26,2026, Elapsed time: 0:00:00
# Errors: 0, Warnings: 0
# QuestaSim Pro Microchip Edition-64 vlog 2024.3 Compiler 2024.09 Sep 10 2024
# Start time: 00:26:56 on Jan 26,2026
# vlog -reportprogress 300 -sv -work presynth C:/prj/FrameReader/component/Microchip/SolutionCore/Display_Controller/5.0.0/Encrypted/display_controller.v 
# -- Compiling module Display_Controller
# ** Warning: C:/prj/FrameReader/component/Microchip/SolutionCore/Display_Controller/5.0.0/Encrypted/display_controller.v(216): (vlog-14157) Protect keyword "data_keyowner" is not supported and will have no effect.
# ** Warning: C:/prj/FrameReader/component/Microchip/SolutionCore/Display_Controller/5.0.0/Encrypted/display_controller.v(216): (vlog-14157) Protect keyword "data_keyname" is not supported and will have no effect.
# 
# Top level modules:
# 	Display_Controller
# End time: 00:26:57 on Jan 26,2026, Elapsed time: 0:00:01
# Errors: 0, Warnings: 2
# QuestaSim Pro Microchip Edition-64 vlog 2024.3 Compiler 2024.09 Sep 10 2024
# Start time: 00:26:57 on Jan 26,2026
# vlog -reportprogress 300 -sv -work presynth C:/prj/FrameReader/component/work/Display_Controller_C0/Display_Controller_C0.v 
# -- Compiling module Display_Controller_C0
# 
# Top level modules:
# 	Display_Controller_C0
# End time: 00:26:57 on Jan 26,2026, Elapsed time: 0:00:00
# Errors: 0, Warnings: 0
# QuestaSim Pro Microchip Edition-64 vlog 2024.3 Compiler 2024.09 Sep 10 2024
# Start time: 00:26:57 on Jan 26,2026
# vlog -reportprogress 300 -sv -work presynth C:/prj/FrameReader/component/work/PF_SRAM_AHBL_AXI_C0/PF_TPSRAM_AHB_AXI_0/PF_SRAM_AHBL_AXI_C0_PF_TPSRAM_AHB_AXI_0_PF_TPSRAM.v 
# -- Compiling module PF_SRAM_AHBL_AXI_C0_PF_TPSRAM_AHB_AXI_0_PF_TPSRAM
# 
# Top level modules:
# 	PF_SRAM_AHBL_AXI_C0_PF_TPSRAM_AHB_AXI_0_PF_TPSRAM
# End time: 00:26:57 on Jan 26,2026, Elapsed time: 0:00:00
# Errors: 0, Warnings: 0
# QuestaSim Pro Microchip Edition-64 vlog 2024.3 Compiler 2024.09 Sep 10 2024
# Start time: 00:26:57 on Jan 26,2026
# vlog -reportprogress 300 -sv -work presynth C:/prj/FrameReader/component/work/PF_SRAM_AHBL_AXI_C0/COREAXI4SRAM_0/rtl/vlog/core/CoreAXI4SRAM_MAINCTRL_ECC.v 
# -- Compiling module PF_SRAM_AHBL_AXI_C0_COREAXI4SRAM_0_CoreAXI4SRAM_MAINCTRL_ECC
# 
# Top level modules:
# 	PF_SRAM_AHBL_AXI_C0_COREAXI4SRAM_0_CoreAXI4SRAM_MAINCTRL_ECC
# End time: 00:26:57 on Jan 26,2026, Elapsed time: 0:00:00
# Errors: 0, Warnings: 0
# QuestaSim Pro Microchip Edition-64 vlog 2024.3 Compiler 2024.09 Sep 10 2024
# Start time: 00:26:57 on Jan 26,2026
# vlog -reportprogress 300 -sv -work presynth C:/prj/FrameReader/component/work/PF_SRAM_AHBL_AXI_C0/COREAXI4SRAM_0/rtl/vlog/core/CoreAXI4SRAM_MAINCTRL.v 
# -- Compiling module PF_SRAM_AHBL_AXI_C0_COREAXI4SRAM_0_CoreAXI4SRAM_MAINCTRL
# 
# Top level modules:
# 	PF_SRAM_AHBL_AXI_C0_COREAXI4SRAM_0_CoreAXI4SRAM_MAINCTRL
# End time: 00:26:57 on Jan 26,2026, Elapsed time: 0:00:00
# Errors: 0, Warnings: 0
# QuestaSim Pro Microchip Edition-64 vlog 2024.3 Compiler 2024.09 Sep 10 2024
# Start time: 00:26:57 on Jan 26,2026
# vlog -reportprogress 300 -sv -work presynth C:/prj/FrameReader/component/work/PF_SRAM_AHBL_AXI_C0/COREAXI4SRAM_0/rtl/vlog/core/CoreAXI4SRAM_SLVIF.v 
# -- Compiling module PF_SRAM_AHBL_AXI_C0_COREAXI4SRAM_0_CoreAXI4SRAM_SLVIF
# 
# Top level modules:
# 	PF_SRAM_AHBL_AXI_C0_COREAXI4SRAM_0_CoreAXI4SRAM_SLVIF
# End time: 00:26:57 on Jan 26,2026, Elapsed time: 0:00:00
# Errors: 0, Warnings: 0
# QuestaSim Pro Microchip Edition-64 vlog 2024.3 Compiler 2024.09 Sep 10 2024
# Start time: 00:26:57 on Jan 26,2026
# vlog -reportprogress 300 -sv -work presynth C:/prj/FrameReader/component/work/PF_SRAM_AHBL_AXI_C0/COREAXI4SRAM_0/rtl/vlog/core/CoreAXI4SRAM.v 
# -- Compiling module PF_SRAM_AHBL_AXI_C0_COREAXI4SRAM_0_COREAXI4SRAM
# 
# Top level modules:
# 	PF_SRAM_AHBL_AXI_C0_COREAXI4SRAM_0_COREAXI4SRAM
# End time: 00:26:57 on Jan 26,2026, Elapsed time: 0:00:00
# Errors: 0, Warnings: 0
# QuestaSim Pro Microchip Edition-64 vlog 2024.3 Compiler 2024.09 Sep 10 2024
# Start time: 00:26:58 on Jan 26,2026
# vlog -reportprogress 300 -sv -work presynth C:/prj/FrameReader/component/work/PF_SRAM_AHBL_AXI_C0/PF_SRAM_AHBL_AXI_C0.v 
# -- Compiling module PF_SRAM_AHBL_AXI_C0
# 
# Top level modules:
# 	PF_SRAM_AHBL_AXI_C0
# End time: 00:26:58 on Jan 26,2026, Elapsed time: 0:00:00
# Errors: 0, Warnings: 0
# QuestaSim Pro Microchip Edition-64 vlog 2024.3 Compiler 2024.09 Sep 10 2024
# Start time: 00:26:58 on Jan 26,2026
# vlog -reportprogress 300 -sv -work presynth C:/prj/FrameReader/hdl/Arbiter_Initiator_Rd_IF.v 
# -- Compiling module Arbiter_Initiator_Rd_IF
# 
# Top level modules:
# 	Arbiter_Initiator_Rd_IF
# End time: 00:26:58 on Jan 26,2026, Elapsed time: 0:00:00
# Errors: 0, Warnings: 0
# QuestaSim Pro Microchip Edition-64 vlog 2024.3 Compiler 2024.09 Sep 10 2024
# Start time: 00:26:58 on Jan 26,2026
# vlog -reportprogress 300 -sv -work presynth C:/prj/FrameReader/hdl/corefifo_fwft.v 
# -- Compiling module DDR_READ_ASYMM_FIFO_DDR_READ_ASYMM_FIFO_0_corefifo_fwft
# 
# Top level modules:
# 	DDR_READ_ASYMM_FIFO_DDR_READ_ASYMM_FIFO_0_corefifo_fwft
# End time: 00:26:58 on Jan 26,2026, Elapsed time: 0:00:00
# Errors: 0, Warnings: 0
# QuestaSim Pro Microchip Edition-64 vlog 2024.3 Compiler 2024.09 Sep 10 2024
# Start time: 00:26:58 on Jan 26,2026
# vlog -reportprogress 300 -sv -work presynth C:/prj/FrameReader/hdl/corefifo_sync_scntr.v 
# -- Compiling module DDR_READ_ASYMM_FIFO_DDR_READ_ASYMM_FIFO_0_corefifo_sync_scntr
# 
# Top level modules:
# 	DDR_READ_ASYMM_FIFO_DDR_READ_ASYMM_FIFO_0_corefifo_sync_scntr
# End time: 00:26:58 on Jan 26,2026, Elapsed time: 0:00:00
# Errors: 0, Warnings: 0
# QuestaSim Pro Microchip Edition-64 vlog 2024.3 Compiler 2024.09 Sep 10 2024
# Start time: 00:26:58 on Jan 26,2026
# vlog -reportprogress 300 -sv -work presynth C:/prj/FrameReader/hdl/corefifo_sync.v 
# -- Compiling module DDR_READ_ASYMM_FIFO_DDR_READ_ASYMM_FIFO_0_corefifo_sync
# 
# Top level modules:
# 	DDR_READ_ASYMM_FIFO_DDR_READ_ASYMM_FIFO_0_corefifo_sync
# End time: 00:26:58 on Jan 26,2026, Elapsed time: 0:00:00
# Errors: 0, Warnings: 0
# QuestaSim Pro Microchip Edition-64 vlog 2024.3 Compiler 2024.09 Sep 10 2024
# Start time: 00:26:58 on Jan 26,2026
# vlog -reportprogress 300 -sv -work presynth C:/prj/FrameReader/hdl/corefifo_graytobinconv.v 
# -- Compiling module DDR_READ_ASYMM_FIFO_DDR_READ_ASYMM_FIFO_0_corefifo_graytobinconv
# 
# Top level modules:
# 	DDR_READ_ASYMM_FIFO_DDR_READ_ASYMM_FIFO_0_corefifo_graytobinconv
# End time: 00:26:58 on Jan 26,2026, Elapsed time: 0:00:00
# Errors: 0, Warnings: 0
# QuestaSim Pro Microchip Edition-64 vlog 2024.3 Compiler 2024.09 Sep 10 2024
# Start time: 00:26:58 on Jan 26,2026
# vlog -reportprogress 300 -sv -work presynth C:/prj/FrameReader/hdl/corefifo_nstagessync.v 
# -- Compiling module DDR_READ_ASYMM_FIFO_DDR_READ_ASYMM_FIFO_0_corefifo_nstagessync
# 
# Top level modules:
# 	DDR_READ_ASYMM_FIFO_DDR_READ_ASYMM_FIFO_0_corefifo_nstagessync
# End time: 00:26:58 on Jan 26,2026, Elapsed time: 0:00:00
# Errors: 0, Warnings: 0
# QuestaSim Pro Microchip Edition-64 vlog 2024.3 Compiler 2024.09 Sep 10 2024
# Start time: 00:26:58 on Jan 26,2026
# vlog -reportprogress 300 -sv -work presynth C:/prj/FrameReader/hdl/corefifo_async.v 
# -- Compiling module DDR_READ_ASYMM_FIFO_DDR_READ_ASYMM_FIFO_0_corefifo_async
# 
# Top level modules:
# 	DDR_READ_ASYMM_FIFO_DDR_READ_ASYMM_FIFO_0_corefifo_async
# End time: 00:26:59 on Jan 26,2026, Elapsed time: 0:00:01
# Errors: 0, Warnings: 0
# QuestaSim Pro Microchip Edition-64 vlog 2024.3 Compiler 2024.09 Sep 10 2024
# Start time: 00:26:59 on Jan 26,2026
# vlog -reportprogress 300 -sv -work presynth C:/prj/FrameReader/hdl/DDR_READ_ASYMM_FIFO_DDR_READ_ASYMM_FIFO_0_LSRAM_top.v 
# -- Compiling module DDR_READ_ASYMM_FIFO_DDR_READ_ASYMM_FIFO_0_LSRAM_top
# 
# Top level modules:
# 	DDR_READ_ASYMM_FIFO_DDR_READ_ASYMM_FIFO_0_LSRAM_top
# End time: 00:26:59 on Jan 26,2026, Elapsed time: 0:00:00
# Errors: 0, Warnings: 0
# QuestaSim Pro Microchip Edition-64 vlog 2024.3 Compiler 2024.09 Sep 10 2024
# Start time: 00:26:59 on Jan 26,2026
# vlog -reportprogress 300 -sv -work presynth C:/prj/FrameReader/hdl/DDR_READ_ASYMM_FIFO_DDR_READ_ASYMM_FIFO_0_ram_wrapper.v 
# -- Compiling module DDR_READ_ASYMM_FIFO_DDR_READ_ASYMM_FIFO_0_ram_wrapper
# 
# Top level modules:
# 	DDR_READ_ASYMM_FIFO_DDR_READ_ASYMM_FIFO_0_ram_wrapper
# End time: 00:26:59 on Jan 26,2026, Elapsed time: 0:00:00
# Errors: 0, Warnings: 0
# QuestaSim Pro Microchip Edition-64 vlog 2024.3 Compiler 2024.09 Sep 10 2024
# Start time: 00:26:59 on Jan 26,2026
# vlog -reportprogress 300 -sv -work presynth C:/prj/FrameReader/hdl/COREFIFO.v 
# -- Compiling module DDR_READ_ASYMM_FIFO_DDR_READ_ASYMM_FIFO_0_COREFIFO
# 
# Top level modules:
# 	DDR_READ_ASYMM_FIFO_DDR_READ_ASYMM_FIFO_0_COREFIFO
# End time: 00:26:59 on Jan 26,2026, Elapsed time: 0:00:00
# Errors: 0, Warnings: 0
# QuestaSim Pro Microchip Edition-64 vlog 2024.3 Compiler 2024.09 Sep 10 2024
# Start time: 00:26:59 on Jan 26,2026
# vlog -reportprogress 300 -sv -work presynth C:/prj/FrameReader/hdl/DDR_read_controller.v 
# -- Compiling module DDR_read_controller
# 
# Top level modules:
# 	DDR_read_controller
# End time: 00:26:59 on Jan 26,2026, Elapsed time: 0:00:00
# Errors: 0, Warnings: 0
# QuestaSim Pro Microchip Edition-64 vlog 2024.3 Compiler 2024.09 Sep 10 2024
# Start time: 00:26:59 on Jan 26,2026
# vlog -reportprogress 300 -sv -work presynth C:/prj/FrameReader/hdl/DDR_Read_Native.v 
# -- Compiling module DDR_Read_Native
# 
# Top level modules:
# 	DDR_Read_Native
# End time: 00:26:59 on Jan 26,2026, Elapsed time: 0:00:00
# Errors: 0, Warnings: 0
# QuestaSim Pro Microchip Edition-64 vlog 2024.3 Compiler 2024.09 Sep 10 2024
# Start time: 00:26:59 on Jan 26,2026
# vlog -reportprogress 300 -sv -work presynth C:/prj/FrameReader/hdl/DDR_Read.v 
# -- Compiling module DDR_Read
# 
# Top level modules:
# 	DDR_Read
# End time: 00:26:59 on Jan 26,2026, Elapsed time: 0:00:00
# Errors: 0, Warnings: 0
# QuestaSim Pro Microchip Edition-64 vlog 2024.3 Compiler 2024.09 Sep 10 2024
# Start time: 00:26:59 on Jan 26,2026
# vlog -reportprogress 300 -sv -work presynth C:/prj/FrameReader/component/work/FrameRD/FrameRD.v 
# -- Compiling module FrameRD
# 
# Top level modules:
# 	FrameRD
# End time: 00:26:59 on Jan 26,2026, Elapsed time: 0:00:00
# Errors: 0, Warnings: 0
# QuestaSim Pro Microchip Edition-64 vlog 2024.3 Compiler 2024.09 Sep 10 2024
# Start time: 00:27:00 on Jan 26,2026
# vlog -reportprogress 300 "+incdir+C:/prj/FrameReader/component/Actel/Simulation/CLK_GEN/1.0.1" "+incdir+C:/prj/FrameReader/component/work/CLK_GEN_C0" "+incdir+C:/prj/FrameReader/component/work/DDR_CLK" "+incdir+C:/prj/FrameReader/component/Actel/Simulation/PULSE_GEN/1.0.1" "+incdir+C:/prj/FrameReader/component/work/PULSE_GEN_C0" "+incdir+C:/prj/FrameReader/component/Actel/Simulation/RESET_GEN/1.0.1" "+incdir+C:/prj/FrameReader/component/work/RESET_GEN_C0" "+incdir+C:/prj/FrameReader/component/work/FrameRD_TB" -sv -work presynth C:/prj/FrameReader/component/Actel/Simulation/CLK_GEN/1.0.1/CLK_GEN.v 
# -- Compiling module CLK_GEN
# 
# Top level modules:
# 	CLK_GEN
# End time: 00:27:00 on Jan 26,2026, Elapsed time: 0:00:00
# Errors: 0, Warnings: 0
# QuestaSim Pro Microchip Edition-64 vlog 2024.3 Compiler 2024.09 Sep 10 2024
# Start time: 00:27:00 on Jan 26,2026
# vlog -reportprogress 300 "+incdir+C:/prj/FrameReader/component/Actel/Simulation/CLK_GEN/1.0.1" "+incdir+C:/prj/FrameReader/component/work/CLK_GEN_C0" "+incdir+C:/prj/FrameReader/component/work/DDR_CLK" "+incdir+C:/prj/FrameReader/component/Actel/Simulation/PULSE_GEN/1.0.1" "+incdir+C:/prj/FrameReader/component/work/PULSE_GEN_C0" "+incdir+C:/prj/FrameReader/component/Actel/Simulation/RESET_GEN/1.0.1" "+incdir+C:/prj/FrameReader/component/work/RESET_GEN_C0" "+incdir+C:/prj/FrameReader/component/work/FrameRD_TB" -sv -work presynth C:/prj/FrameReader/component/work/CLK_GEN_C0/CLK_GEN_C0.v 
# -- Compiling module CLK_GEN_C0
# 
# Top level modules:
# 	CLK_GEN_C0
# End time: 00:27:00 on Jan 26,2026, Elapsed time: 0:00:00
# Errors: 0, Warnings: 0
# QuestaSim Pro Microchip Edition-64 vlog 2024.3 Compiler 2024.09 Sep 10 2024
# Start time: 00:27:00 on Jan 26,2026
# vlog -reportprogress 300 "+incdir+C:/prj/FrameReader/component/Actel/Simulation/CLK_GEN/1.0.1" "+incdir+C:/prj/FrameReader/component/work/CLK_GEN_C0" "+incdir+C:/prj/FrameReader/component/work/DDR_CLK" "+incdir+C:/prj/FrameReader/component/Actel/Simulation/PULSE_GEN/1.0.1" "+incdir+C:/prj/FrameReader/component/work/PULSE_GEN_C0" "+incdir+C:/prj/FrameReader/component/Actel/Simulation/RESET_GEN/1.0.1" "+incdir+C:/prj/FrameReader/component/work/RESET_GEN_C0" "+incdir+C:/prj/FrameReader/component/work/FrameRD_TB" -sv -work presynth C:/prj/FrameReader/component/work/DDR_CLK/DDR_CLK.v 
# -- Compiling module DDR_CLK
# 
# Top level modules:
# 	DDR_CLK
# End time: 00:27:00 on Jan 26,2026, Elapsed time: 0:00:00
# Errors: 0, Warnings: 0
# QuestaSim Pro Microchip Edition-64 vlog 2024.3 Compiler 2024.09 Sep 10 2024
# Start time: 00:27:00 on Jan 26,2026
# vlog -reportprogress 300 "+incdir+C:/prj/FrameReader/component/Actel/Simulation/CLK_GEN/1.0.1" "+incdir+C:/prj/FrameReader/component/work/CLK_GEN_C0" "+incdir+C:/prj/FrameReader/component/work/DDR_CLK" "+incdir+C:/prj/FrameReader/component/Actel/Simulation/PULSE_GEN/1.0.1" "+incdir+C:/prj/FrameReader/component/work/PULSE_GEN_C0" "+incdir+C:/prj/FrameReader/component/Actel/Simulation/RESET_GEN/1.0.1" "+incdir+C:/prj/FrameReader/component/work/RESET_GEN_C0" "+incdir+C:/prj/FrameReader/component/work/FrameRD_TB" -sv -work presynth C:/prj/FrameReader/component/Actel/Simulation/PULSE_GEN/1.0.1/PULSE_GEN.v 
# -- Compiling module PULSE_GEN
# 
# Top level modules:
# 	PULSE_GEN
# End time: 00:27:00 on Jan 26,2026, Elapsed time: 0:00:00
# Errors: 0, Warnings: 0
# QuestaSim Pro Microchip Edition-64 vlog 2024.3 Compiler 2024.09 Sep 10 2024
# Start time: 00:27:00 on Jan 26,2026
# vlog -reportprogress 300 "+incdir+C:/prj/FrameReader/component/Actel/Simulation/CLK_GEN/1.0.1" "+incdir+C:/prj/FrameReader/component/work/CLK_GEN_C0" "+incdir+C:/prj/FrameReader/component/work/DDR_CLK" "+incdir+C:/prj/FrameReader/component/Actel/Simulation/PULSE_GEN/1.0.1" "+incdir+C:/prj/FrameReader/component/work/PULSE_GEN_C0" "+incdir+C:/prj/FrameReader/component/Actel/Simulation/RESET_GEN/1.0.1" "+incdir+C:/prj/FrameReader/component/work/RESET_GEN_C0" "+incdir+C:/prj/FrameReader/component/work/FrameRD_TB" -sv -work presynth C:/prj/FrameReader/component/work/PULSE_GEN_C0/PULSE_GEN_C0.v 
# -- Compiling module PULSE_GEN_C0
# 
# Top level modules:
# 	PULSE_GEN_C0
# End time: 00:27:00 on Jan 26,2026, Elapsed time: 0:00:00
# Errors: 0, Warnings: 0
# QuestaSim Pro Microchip Edition-64 vlog 2024.3 Compiler 2024.09 Sep 10 2024
# Start time: 00:27:00 on Jan 26,2026
# vlog -reportprogress 300 "+incdir+C:/prj/FrameReader/component/Actel/Simulation/CLK_GEN/1.0.1" "+incdir+C:/prj/FrameReader/component/work/CLK_GEN_C0" "+incdir+C:/prj/FrameReader/component/work/DDR_CLK" "+incdir+C:/prj/FrameReader/component/Actel/Simulation/PULSE_GEN/1.0.1" "+incdir+C:/prj/FrameReader/component/work/PULSE_GEN_C0" "+incdir+C:/prj/FrameReader/component/Actel/Simulation/RESET_GEN/1.0.1" "+incdir+C:/prj/FrameReader/component/work/RESET_GEN_C0" "+incdir+C:/prj/FrameReader/component/work/FrameRD_TB" -sv -work presynth C:/prj/FrameReader/component/Actel/Simulation/RESET_GEN/1.0.1/RESET_GEN.v 
# -- Compiling module RESET_GEN
# 
# Top level modules:
# 	RESET_GEN
# End time: 00:27:00 on Jan 26,2026, Elapsed time: 0:00:00
# Errors: 0, Warnings: 0
# QuestaSim Pro Microchip Edition-64 vlog 2024.3 Compiler 2024.09 Sep 10 2024
# Start time: 00:27:00 on Jan 26,2026
# vlog -reportprogress 300 "+incdir+C:/prj/FrameReader/component/Actel/Simulation/CLK_GEN/1.0.1" "+incdir+C:/prj/FrameReader/component/work/CLK_GEN_C0" "+incdir+C:/prj/FrameReader/component/work/DDR_CLK" "+incdir+C:/prj/FrameReader/component/Actel/Simulation/PULSE_GEN/1.0.1" "+incdir+C:/prj/FrameReader/component/work/PULSE_GEN_C0" "+incdir+C:/prj/FrameReader/component/Actel/Simulation/RESET_GEN/1.0.1" "+incdir+C:/prj/FrameReader/component/work/RESET_GEN_C0" "+incdir+C:/prj/FrameReader/component/work/FrameRD_TB" -sv -work presynth C:/prj/FrameReader/component/work/RESET_GEN_C0/RESET_GEN_C0.v 
# -- Compiling module RESET_GEN_C0
# 
# Top level modules:
# 	RESET_GEN_C0
# End time: 00:27:00 on Jan 26,2026, Elapsed time: 0:00:00
# Errors: 0, Warnings: 0
# QuestaSim Pro Microchip Edition-64 vlog 2024.3 Compiler 2024.09 Sep 10 2024
# Start time: 00:27:00 on Jan 26,2026
# vlog -reportprogress 300 "+incdir+C:/prj/FrameReader/component/Actel/Simulation/CLK_GEN/1.0.1" "+incdir+C:/prj/FrameReader/component/work/CLK_GEN_C0" "+incdir+C:/prj/FrameReader/component/work/DDR_CLK" "+incdir+C:/prj/FrameReader/component/Actel/Simulation/PULSE_GEN/1.0.1" "+incdir+C:/prj/FrameReader/component/work/PULSE_GEN_C0" "+incdir+C:/prj/FrameReader/component/Actel/Simulation/RESET_GEN/1.0.1" "+incdir+C:/prj/FrameReader/component/work/RESET_GEN_C0" "+incdir+C:/prj/FrameReader/component/work/FrameRD_TB" -sv -work presynth C:/prj/FrameReader/component/work/FrameRD_TB/FrameRD_TB.v 
# -- Compiling module FrameRD_TB
# 
# Top level modules:
# 	FrameRD_TB
# End time: 00:27:01 on Jan 26,2026, Elapsed time: 0:00:01
# Errors: 0, Warnings: 0
# vsim -voptargs="+acc" -L PolarFire -L presynth -t 1ps -displaymsgmode both presynth.FrameRD_TB 
# Start time: 00:27:01 on Jan 26,2026
# ** Note: (vsim-3813) Design is being optimized due to module recompilation...
# ** Warning: (vopt-10908) Some optimizations are turned off because the +acc switch is in effect.
# ** Note: (vopt-143) Recognized 1 FSM in module "DDR_read_controller(fast)".
# ** Note: (vsim-12126) Error and warning message counts have been restored: Errors=0, Warnings=1.
# Loading sv_std.std
# Loading work.FrameRD_TB(fast)
# Loading work.DDR_CLK(fast)
# Loading work.CLK_GEN(fast)
# Loading work.FrameRD(fast)
# Loading PolarFire.AND2(fast)
# Loading PolarFire.CFG2(fast)
# Loading work.DDR_AXI4_ARBITER_PF_C0(fast)
# Loading work.DDR_AXI4_ARBITER_PF(fast)
# Loading work.AXI4_S_IF(fast)
# Loading work.AXI4_M_M_IF(fast)
# Loading work.DDR_AXI4_ARBITER_PF_Native(fast)
# Loading work.ddr_rw_arbiter(fast)
# Loading work.ddr_rw_arbiter_C0_ddr_rw_arbiter_C0_0_video_axi_fifo(fast)
# Loading work.ddr_rw_arbiter_C0_ddr_rw_arbiter_C0_0_ram_wrapper(fast)
# Loading work.ddr_rw_arbiter_C0_ddr_rw_arbiter_C0_0_LSRAM_top(fast)
# Loading work.ddr_rw_arbiter_C0_ddr_rw_arbiter_C0_0_corefifo_fwft(fast)
# Loading work.ddr_rw_arbiter_C0_ddr_rw_arbiter_C0_0_corefifo_sync_scntr(fast)
# Loading work.ddr_rw_arbiter_C0_ddr_rw_arbiter_C0_0_video_axi_fifo(fast__1)
# Loading work.ddr_rw_arbiter_C0_ddr_rw_arbiter_C0_0_ram_wrapper(fast__1)
# Loading work.ddr_rw_arbiter_C0_ddr_rw_arbiter_C0_0_LSRAM_top(fast__1)
# Loading work.ddr_rw_arbiter_C0_ddr_rw_arbiter_C0_0_corefifo_fwft(fast__1)
# Loading work.ddr_rw_arbiter_C0_ddr_rw_arbiter_C0_0_corefifo_sync_scntr(fast__1)
# Loading work.read_top(fast)
# Loading work.write_top(fast)
# Loading work.DDR_Read(fast)
# Loading work.Arbiter_Initiator_Rd_IF(fast)
# Loading work.DDR_Read_Native(fast)
# Loading work.DDR_read_controller(fast)
# Loading work.DDR_READ_ASYMM_FIFO_DDR_READ_ASYMM_FIFO_0_COREFIFO(fast)
# Loading work.DDR_READ_ASYMM_FIFO_DDR_READ_ASYMM_FIFO_0_ram_wrapper(fast)
# Loading work.DDR_READ_ASYMM_FIFO_DDR_READ_ASYMM_FIFO_0_LSRAM_top(fast)
# Loading PolarFire.RAM1K20(fast)
# Loading PolarFire.RAM1K20_IP(fast)
# Loading PolarFire.RAM_DLY(fast)
# Loading PolarFire.ECC_PIPELINE(fast)
# Loading PolarFire.SLE_Prim(fast)
# Loading PolarFire.ECC_PIPELINE(fast__1)
# Loading PolarFire.SLE_Prim(fast__1)
# Loading PolarFire.ECC_PIPELINE(fast__2)
# Loading PolarFire.CFG1(fast)
# Loading PolarFire.OR2(fast)
# Loading PolarFire.CFG2(fast__1)
# Loading PolarFire.GND(fast)
# Loading PolarFire.VCC(fast)
# Loading work.DDR_READ_ASYMM_FIFO_DDR_READ_ASYMM_FIFO_0_corefifo_async(fast)
# Loading work.DDR_READ_ASYMM_FIFO_DDR_READ_ASYMM_FIFO_0_corefifo_nstagessync(fast)
# Loading work.DDR_READ_ASYMM_FIFO_DDR_READ_ASYMM_FIFO_0_corefifo_nstagessync(fast__1)
# Loading work.DDR_READ_ASYMM_FIFO_DDR_READ_ASYMM_FIFO_0_corefifo_graytobinconv(fast)
# Loading work.DDR_READ_ASYMM_FIFO_DDR_READ_ASYMM_FIFO_0_corefifo_graytobinconv(fast__1)
# Loading PolarFire.DFN1(fast)
# Loading PolarFire.SLE(fast)
# Loading work.Display_Controller_C0(fast)
# Loading work.Display_Controller(fast)
# Loading work.PF_SRAM_AHBL_AXI_C0(fast)
# Loading work.PF_SRAM_AHBL_AXI_C0_COREAXI4SRAM_0_COREAXI4SRAM(fast)
# Loading work.PF_SRAM_AHBL_AXI_C0_COREAXI4SRAM_0_CoreAXI4SRAM_MAINCTRL(fast)
# Loading work.PF_SRAM_AHBL_AXI_C0_COREAXI4SRAM_0_CoreAXI4SRAM_SLVIF(fast)
# Loading work.PF_SRAM_AHBL_AXI_C0_PF_TPSRAM_AHB_AXI_0_PF_TPSRAM(fast)
# Loading PolarFire.OR4(fast)
# Loading PolarFire.CFG4(fast)
# Loading PolarFire.RAM1K20(fast__1)
# Loading PolarFire.RAM1K20_IP(fast__1)
# Loading PolarFire.RAM1K20(fast__2)
# Loading PolarFire.RAM1K20_IP(fast__2)
# Loading PolarFire.RAM1K20(fast__3)
# Loading PolarFire.RAM1K20_IP(fast__3)
# Loading PolarFire.RAM1K20(fast__4)
# Loading PolarFire.RAM1K20_IP(fast__4)
# Loading PolarFire.RAM1K20(fast__5)
# Loading PolarFire.RAM1K20_IP(fast__5)
# Loading PolarFire.RAM1K20(fast__6)
# Loading PolarFire.RAM1K20_IP(fast__6)
# Loading PolarFire.RAM1K20(fast__7)
# Loading PolarFire.RAM1K20_IP(fast__7)
# Loading PolarFire.RAM1K20(fast__8)
# Loading PolarFire.RAM1K20_IP(fast__8)
# Loading work.CLK_GEN_C0(fast)
# Loading work.CLK_GEN(fast__1)
# Loading work.PULSE_GEN_C0(fast)
# Loading work.PULSE_GEN(fast)
# Loading work.RESET_GEN_C0(fast)
# Loading work.RESET_GEN(fast)
# Loading std.standard
# Loading std.textio(body)
# Loading ieee.std_logic_1164(body)
# Loading ieee.numeric_std(body)
# Loading ieee.std_logic_arith(body)
# Loading ieee.std_logic_unsigned(body)
# Loading work.read_demux(read_demux)#1
# Loading work.read_mux(read_mux)#1
# Loading work.request_scheduler(request_scheduler)#1
# Loading work.write_demux(write_demux)#1
# Loading work.write_mux(write_mux)#1
# WARNING : Memory starts being read slowly then framerate
# WARNING : Memory starts being read slowly then framerate
# Break key hit
# Simulation stop requested.
quit -sim
# End time: 00:58:52 on Jan 26,2026, Elapsed time: 0:31:51
# Errors: 0, Warnings: 1
quit -sim
do run.do
# INFO: Simulation library presynth already exists
# QuestaSim Pro Microchip Edition-64 vmap 2024.3 Lib Mapping Utility 2024.09 Sep 10 2024
# vmap presynth presynth 
# Modifying modelsim.ini
# QuestaSim Pro Microchip Edition-64 vmap 2024.3 Lib Mapping Utility 2024.09 Sep 10 2024
# vmap PolarFire C:/Microchip/Libero_SoC_2025.1/Libero_SoC/Designer/lib/questasim/precompiled/vlog/polarfire 
# Modifying modelsim.ini
# QuestaSim Pro Microchip Edition-64 vlog 2024.3 Compiler 2024.09 Sep 10 2024
# Start time: 00:59:38 on Jan 26,2026
# vlog -reportprogress 300 -sv -work presynth C:/prj/FrameReader/component/Microchip/SolutionCore/DDR_AXI4_ARBITER_PF/2.2.0/RTL/AXI4_M_M_IF.v 
# -- Compiling module AXI4_M_M_IF
# 
# Top level modules:
# 	AXI4_M_M_IF
# End time: 00:59:39 on Jan 26,2026, Elapsed time: 0:00:01
# Errors: 0, Warnings: 0
# QuestaSim Pro Microchip Edition-64 vlog 2024.3 Compiler 2024.09 Sep 10 2024
# Start time: 00:59:39 on Jan 26,2026
# vlog -reportprogress 300 -sv -work presynth C:/prj/FrameReader/component/Microchip/SolutionCore/DDR_AXI4_ARBITER_PF/2.2.0/RTL/AXI4_S_IF.v 
# -- Compiling module AXI4_S_IF
# 
# Top level modules:
# 	AXI4_S_IF
# End time: 00:59:39 on Jan 26,2026, Elapsed time: 0:00:00
# Errors: 0, Warnings: 0
# QuestaSim Pro Microchip Edition-64 vlog 2024.3 Compiler 2024.09 Sep 10 2024
# Start time: 00:59:39 on Jan 26,2026
# vlog -reportprogress 300 -sv -work presynth C:/prj/FrameReader/component/Microchip/SolutionCore/DDR_AXI4_ARBITER_PF/2.2.0/RTL/axi_lbus_corefifo_NstagesSync.v 
# -- Compiling module ddr_rw_arbiter_C0_ddr_rw_arbiter_C0_0_corefifo_NstagesSync
# 
# Top level modules:
# 	ddr_rw_arbiter_C0_ddr_rw_arbiter_C0_0_corefifo_NstagesSync
# End time: 00:59:39 on Jan 26,2026, Elapsed time: 0:00:00
# Errors: 0, Warnings: 0
# QuestaSim Pro Microchip Edition-64 vlog 2024.3 Compiler 2024.09 Sep 10 2024
# Start time: 00:59:39 on Jan 26,2026
# vlog -reportprogress 300 -sv -work presynth C:/prj/FrameReader/component/Microchip/SolutionCore/DDR_AXI4_ARBITER_PF/2.2.0/RTL/axi_lbus_corefifo_grayToBinConv.v 
# -- Compiling module ddr_rw_arbiter_C0_ddr_rw_arbiter_C0_0_corefifo_grayToBinConv
# 
# Top level modules:
# 	ddr_rw_arbiter_C0_ddr_rw_arbiter_C0_0_corefifo_grayToBinConv
# End time: 00:59:39 on Jan 26,2026, Elapsed time: 0:00:00
# Errors: 0, Warnings: 0
# QuestaSim Pro Microchip Edition-64 vlog 2024.3 Compiler 2024.09 Sep 10 2024
# Start time: 00:59:39 on Jan 26,2026
# vlog -reportprogress 300 -sv -work presynth C:/prj/FrameReader/component/Microchip/SolutionCore/DDR_AXI4_ARBITER_PF/2.2.0/RTL/axi_lbus_corefifo_async.v 
# -- Compiling module ddr_rw_arbiter_C0_ddr_rw_arbiter_C0_0_corefifo_async
# 
# Top level modules:
# 	ddr_rw_arbiter_C0_ddr_rw_arbiter_C0_0_corefifo_async
# End time: 00:59:39 on Jan 26,2026, Elapsed time: 0:00:00
# Errors: 0, Warnings: 0
# QuestaSim Pro Microchip Edition-64 vlog 2024.3 Compiler 2024.09 Sep 10 2024
# Start time: 00:59:39 on Jan 26,2026
# vlog -reportprogress 300 -sv -work presynth C:/prj/FrameReader/component/Microchip/SolutionCore/DDR_AXI4_ARBITER_PF/2.2.0/RTL/axi_lbus_corefifo_resetSync.v 
# -- Compiling module ddr_rw_arbiter_C0_ddr_rw_arbiter_C0_0_corefifo_resetSync
# 
# Top level modules:
# 	ddr_rw_arbiter_C0_ddr_rw_arbiter_C0_0_corefifo_resetSync
# End time: 00:59:39 on Jan 26,2026, Elapsed time: 0:00:00
# Errors: 0, Warnings: 0
# QuestaSim Pro Microchip Edition-64 vlog 2024.3 Compiler 2024.09 Sep 10 2024
# Start time: 00:59:39 on Jan 26,2026
# vlog -reportprogress 300 -sv -work presynth C:/prj/FrameReader/component/Microchip/SolutionCore/DDR_AXI4_ARBITER_PF/2.2.0/RTL/axi_lbus_corefifo_sync.v 
# -- Compiling module ddr_rw_arbiter_C0_ddr_rw_arbiter_C0_0_corefifo_sync
# 
# Top level modules:
# 	ddr_rw_arbiter_C0_ddr_rw_arbiter_C0_0_corefifo_sync
# End time: 00:59:39 on Jan 26,2026, Elapsed time: 0:00:00
# Errors: 0, Warnings: 0
# QuestaSim Pro Microchip Edition-64 vlog 2024.3 Compiler 2024.09 Sep 10 2024
# Start time: 00:59:39 on Jan 26,2026
# vlog -reportprogress 300 -sv -work presynth C:/prj/FrameReader/component/Microchip/SolutionCore/DDR_AXI4_ARBITER_PF/2.2.0/RTL/axi_lbus_corefifo_fwft.v 
# -- Compiling module ddr_rw_arbiter_C0_ddr_rw_arbiter_C0_0_corefifo_fwft
# 
# Top level modules:
# 	ddr_rw_arbiter_C0_ddr_rw_arbiter_C0_0_corefifo_fwft
# End time: 00:59:39 on Jan 26,2026, Elapsed time: 0:00:00
# Errors: 0, Warnings: 0
# QuestaSim Pro Microchip Edition-64 vlog 2024.3 Compiler 2024.09 Sep 10 2024
# Start time: 00:59:40 on Jan 26,2026
# vlog -reportprogress 300 -sv -work presynth C:/prj/FrameReader/component/Microchip/SolutionCore/DDR_AXI4_ARBITER_PF/2.2.0/RTL/axi_lbus_corefifo_sync_scntr.v 
# -- Compiling module ddr_rw_arbiter_C0_ddr_rw_arbiter_C0_0_corefifo_sync_scntr
# 
# Top level modules:
# 	ddr_rw_arbiter_C0_ddr_rw_arbiter_C0_0_corefifo_sync_scntr
# End time: 00:59:40 on Jan 26,2026, Elapsed time: 0:00:00
# Errors: 0, Warnings: 0
# QuestaSim Pro Microchip Edition-64 vlog 2024.3 Compiler 2024.09 Sep 10 2024
# Start time: 00:59:40 on Jan 26,2026
# vlog -reportprogress 300 -sv -work presynth C:/prj/FrameReader/component/Microchip/SolutionCore/DDR_AXI4_ARBITER_PF/2.2.0/RTL/axi_lbus_LSRAM_top.v 
# -- Compiling module ddr_rw_arbiter_C0_ddr_rw_arbiter_C0_0_LSRAM_top
# 
# Top level modules:
# 	ddr_rw_arbiter_C0_ddr_rw_arbiter_C0_0_LSRAM_top
# End time: 00:59:40 on Jan 26,2026, Elapsed time: 0:00:00
# Errors: 0, Warnings: 0
# QuestaSim Pro Microchip Edition-64 vlog 2024.3 Compiler 2024.09 Sep 10 2024
# Start time: 00:59:40 on Jan 26,2026
# vlog -reportprogress 300 -sv -work presynth C:/prj/FrameReader/component/Microchip/SolutionCore/DDR_AXI4_ARBITER_PF/2.2.0/RTL/axi_lbus_ram_wrapper.v 
# -- Compiling module ddr_rw_arbiter_C0_ddr_rw_arbiter_C0_0_ram_wrapper
# 
# Top level modules:
# 	ddr_rw_arbiter_C0_ddr_rw_arbiter_C0_0_ram_wrapper
# End time: 00:59:40 on Jan 26,2026, Elapsed time: 0:00:00
# Errors: 0, Warnings: 0
# QuestaSim Pro Microchip Edition-64 vlog 2024.3 Compiler 2024.09 Sep 10 2024
# Start time: 00:59:40 on Jan 26,2026
# vlog -reportprogress 300 -sv -work presynth C:/prj/FrameReader/component/Microchip/SolutionCore/DDR_AXI4_ARBITER_PF/2.2.0/RTL/video_axi_fifo.v 
# -- Compiling module ddr_rw_arbiter_C0_ddr_rw_arbiter_C0_0_video_axi_fifo
# 
# Top level modules:
# 	ddr_rw_arbiter_C0_ddr_rw_arbiter_C0_0_video_axi_fifo
# End time: 00:59:40 on Jan 26,2026, Elapsed time: 0:00:00
# Errors: 0, Warnings: 0
# QuestaSim Pro Microchip Edition-64 vlog 2024.3 Compiler 2024.09 Sep 10 2024
# Start time: 00:59:40 on Jan 26,2026
# vlog -reportprogress 300 -sv -work presynth C:/prj/FrameReader/component/Microchip/SolutionCore/DDR_AXI4_ARBITER_PF/2.2.0/RTL/ddr_rw_arbiter.v 
# -- Compiling module ddr_rw_arbiter
# 
# Top level modules:
# 	ddr_rw_arbiter
# End time: 00:59:40 on Jan 26,2026, Elapsed time: 0:00:00
# Errors: 0, Warnings: 0
# QuestaSim Pro Microchip Edition-64 vcom 2024.3 Compiler 2024.09 Sep 10 2024
# Start time: 00:59:40 on Jan 26,2026
# vcom -reportprogress 300 -2008 -explicit -work presynth C:/prj/FrameReader/component/Microchip/SolutionCore/DDR_AXI4_ARBITER_PF/2.2.0/RTL/write_mux.vhd 
# -- Loading package STANDARD
# -- Loading package TEXTIO
# -- Loading package std_logic_1164
# -- Loading package NUMERIC_STD
# -- Loading package std_logic_arith
# -- Loading package STD_LOGIC_UNSIGNED
# -- Compiling entity write_mux
# -- Compiling architecture write_mux of write_mux
# End time: 00:59:40 on Jan 26,2026, Elapsed time: 0:00:00
# Errors: 0, Warnings: 0
# QuestaSim Pro Microchip Edition-64 vcom 2024.3 Compiler 2024.09 Sep 10 2024
# Start time: 00:59:40 on Jan 26,2026
# vcom -reportprogress 300 -2008 -explicit -work presynth C:/prj/FrameReader/component/Microchip/SolutionCore/DDR_AXI4_ARBITER_PF/2.2.0/RTL/request_scheduler.vhd 
# -- Loading package STANDARD
# -- Loading package TEXTIO
# -- Loading package std_logic_1164
# -- Loading package NUMERIC_STD
# -- Loading package std_logic_arith
# -- Loading package STD_LOGIC_UNSIGNED
# -- Compiling entity request_scheduler
# -- Compiling architecture request_scheduler of request_scheduler
# End time: 00:59:40 on Jan 26,2026, Elapsed time: 0:00:00
# Errors: 0, Warnings: 0
# QuestaSim Pro Microchip Edition-64 vcom 2024.3 Compiler 2024.09 Sep 10 2024
# Start time: 00:59:41 on Jan 26,2026
# vcom -reportprogress 300 -2008 -explicit -work presynth C:/prj/FrameReader/component/Microchip/SolutionCore/DDR_AXI4_ARBITER_PF/2.2.0/RTL/write_demux.vhd 
# -- Loading package STANDARD
# -- Loading package TEXTIO
# -- Loading package std_logic_1164
# -- Loading package NUMERIC_STD
# -- Loading package std_logic_arith
# -- Loading package STD_LOGIC_UNSIGNED
# -- Compiling entity write_demux
# -- Compiling architecture write_demux of write_demux
# End time: 00:59:41 on Jan 26,2026, Elapsed time: 0:00:00
# Errors: 0, Warnings: 0
# QuestaSim Pro Microchip Edition-64 vlog 2024.3 Compiler 2024.09 Sep 10 2024
# Start time: 00:59:41 on Jan 26,2026
# vlog -reportprogress 300 -sv -work presynth C:/prj/FrameReader/component/Microchip/SolutionCore/DDR_AXI4_ARBITER_PF/2.2.0/RTL/write_top.v 
# -- Compiling module write_top
# 
# Top level modules:
# 	write_top
# End time: 00:59:41 on Jan 26,2026, Elapsed time: 0:00:00
# Errors: 0, Warnings: 0
# QuestaSim Pro Microchip Edition-64 vcom 2024.3 Compiler 2024.09 Sep 10 2024
# Start time: 00:59:41 on Jan 26,2026
# vcom -reportprogress 300 -2008 -explicit -work presynth C:/prj/FrameReader/component/Microchip/SolutionCore/DDR_AXI4_ARBITER_PF/2.2.0/RTL/read_demux.vhd 
# -- Loading package STANDARD
# -- Loading package TEXTIO
# -- Loading package std_logic_1164
# -- Loading package NUMERIC_STD
# -- Loading package std_logic_arith
# -- Loading package STD_LOGIC_UNSIGNED
# -- Compiling entity read_demux
# -- Compiling architecture read_demux of read_demux
# End time: 00:59:41 on Jan 26,2026, Elapsed time: 0:00:00
# Errors: 0, Warnings: 0
# QuestaSim Pro Microchip Edition-64 vcom 2024.3 Compiler 2024.09 Sep 10 2024
# Start time: 00:59:41 on Jan 26,2026
# vcom -reportprogress 300 -2008 -explicit -work presynth C:/prj/FrameReader/component/Microchip/SolutionCore/DDR_AXI4_ARBITER_PF/2.2.0/RTL/read_mux.vhd 
# -- Loading package STANDARD
# -- Loading package TEXTIO
# -- Loading package std_logic_1164
# -- Compiling entity read_mux
# -- Compiling architecture read_mux of read_mux
# End time: 00:59:41 on Jan 26,2026, Elapsed time: 0:00:00
# Errors: 0, Warnings: 0
# QuestaSim Pro Microchip Edition-64 vlog 2024.3 Compiler 2024.09 Sep 10 2024
# Start time: 00:59:41 on Jan 26,2026
# vlog -reportprogress 300 -sv -work presynth C:/prj/FrameReader/component/Microchip/SolutionCore/DDR_AXI4_ARBITER_PF/2.2.0/RTL/read_top.v 
# -- Compiling module read_top
# 
# Top level modules:
# 	read_top
# End time: 00:59:41 on Jan 26,2026, Elapsed time: 0:00:00
# Errors: 0, Warnings: 0
# QuestaSim Pro Microchip Edition-64 vlog 2024.3 Compiler 2024.09 Sep 10 2024
# Start time: 00:59:41 on Jan 26,2026
# vlog -reportprogress 300 -sv -work presynth C:/prj/FrameReader/component/Microchip/SolutionCore/DDR_AXI4_ARBITER_PF/2.2.0/RTL/DDR_AXI4_ARBITER_PF_Native.v 
# -- Compiling module DDR_AXI4_ARBITER_PF_Native
# 
# Top level modules:
# 	DDR_AXI4_ARBITER_PF_Native
# End time: 00:59:41 on Jan 26,2026, Elapsed time: 0:00:00
# Errors: 0, Warnings: 0
# QuestaSim Pro Microchip Edition-64 vlog 2024.3 Compiler 2024.09 Sep 10 2024
# Start time: 00:59:41 on Jan 26,2026
# vlog -reportprogress 300 -sv -work presynth C:/prj/FrameReader/component/Microchip/SolutionCore/DDR_AXI4_ARBITER_PF/2.2.0/RTL/DDR_AXI4_ARBITER_PF.v 
# -- Compiling module DDR_AXI4_ARBITER_PF
# 
# Top level modules:
# 	DDR_AXI4_ARBITER_PF
# End time: 00:59:41 on Jan 26,2026, Elapsed time: 0:00:00
# Errors: 0, Warnings: 0
# QuestaSim Pro Microchip Edition-64 vlog 2024.3 Compiler 2024.09 Sep 10 2024
# Start time: 00:59:41 on Jan 26,2026
# vlog -reportprogress 300 -sv -work presynth C:/prj/FrameReader/component/work/DDR_AXI4_ARBITER_PF_C0/DDR_AXI4_ARBITER_PF_C0.v 
# -- Compiling module DDR_AXI4_ARBITER_PF_C0
# 
# Top level modules:
# 	DDR_AXI4_ARBITER_PF_C0
# End time: 00:59:41 on Jan 26,2026, Elapsed time: 0:00:00
# Errors: 0, Warnings: 0
# QuestaSim Pro Microchip Edition-64 vlog 2024.3 Compiler 2024.09 Sep 10 2024
# Start time: 00:59:42 on Jan 26,2026
# vlog -reportprogress 300 -sv -work presynth C:/prj/FrameReader/component/Microchip/SolutionCore/Display_Controller/5.0.0/Encrypted/display_controller.v 
# -- Compiling module Display_Controller
# ** Warning: C:/prj/FrameReader/component/Microchip/SolutionCore/Display_Controller/5.0.0/Encrypted/display_controller.v(216): (vlog-14157) Protect keyword "data_keyowner" is not supported and will have no effect.
# ** Warning: C:/prj/FrameReader/component/Microchip/SolutionCore/Display_Controller/5.0.0/Encrypted/display_controller.v(216): (vlog-14157) Protect keyword "data_keyname" is not supported and will have no effect.
# 
# Top level modules:
# 	Display_Controller
# End time: 00:59:42 on Jan 26,2026, Elapsed time: 0:00:00
# Errors: 0, Warnings: 2
# QuestaSim Pro Microchip Edition-64 vlog 2024.3 Compiler 2024.09 Sep 10 2024
# Start time: 00:59:42 on Jan 26,2026
# vlog -reportprogress 300 -sv -work presynth C:/prj/FrameReader/component/work/Display_Controller_C0/Display_Controller_C0.v 
# -- Compiling module Display_Controller_C0
# 
# Top level modules:
# 	Display_Controller_C0
# End time: 00:59:42 on Jan 26,2026, Elapsed time: 0:00:00
# Errors: 0, Warnings: 0
# QuestaSim Pro Microchip Edition-64 vlog 2024.3 Compiler 2024.09 Sep 10 2024
# Start time: 00:59:42 on Jan 26,2026
# vlog -reportprogress 300 -sv -work presynth C:/prj/FrameReader/component/work/PF_SRAM_AHBL_AXI_C0/PF_TPSRAM_AHB_AXI_0/PF_SRAM_AHBL_AXI_C0_PF_TPSRAM_AHB_AXI_0_PF_TPSRAM.v 
# -- Compiling module PF_SRAM_AHBL_AXI_C0_PF_TPSRAM_AHB_AXI_0_PF_TPSRAM
# 
# Top level modules:
# 	PF_SRAM_AHBL_AXI_C0_PF_TPSRAM_AHB_AXI_0_PF_TPSRAM
# End time: 00:59:42 on Jan 26,2026, Elapsed time: 0:00:00
# Errors: 0, Warnings: 0
# QuestaSim Pro Microchip Edition-64 vlog 2024.3 Compiler 2024.09 Sep 10 2024
# Start time: 00:59:42 on Jan 26,2026
# vlog -reportprogress 300 -sv -work presynth C:/prj/FrameReader/component/work/PF_SRAM_AHBL_AXI_C0/COREAXI4SRAM_0/rtl/vlog/core/CoreAXI4SRAM_MAINCTRL_ECC.v 
# -- Compiling module PF_SRAM_AHBL_AXI_C0_COREAXI4SRAM_0_CoreAXI4SRAM_MAINCTRL_ECC
# 
# Top level modules:
# 	PF_SRAM_AHBL_AXI_C0_COREAXI4SRAM_0_CoreAXI4SRAM_MAINCTRL_ECC
# End time: 00:59:42 on Jan 26,2026, Elapsed time: 0:00:00
# Errors: 0, Warnings: 0
# QuestaSim Pro Microchip Edition-64 vlog 2024.3 Compiler 2024.09 Sep 10 2024
# Start time: 00:59:42 on Jan 26,2026
# vlog -reportprogress 300 -sv -work presynth C:/prj/FrameReader/component/work/PF_SRAM_AHBL_AXI_C0/COREAXI4SRAM_0/rtl/vlog/core/CoreAXI4SRAM_MAINCTRL.v 
# -- Compiling module PF_SRAM_AHBL_AXI_C0_COREAXI4SRAM_0_CoreAXI4SRAM_MAINCTRL
# 
# Top level modules:
# 	PF_SRAM_AHBL_AXI_C0_COREAXI4SRAM_0_CoreAXI4SRAM_MAINCTRL
# End time: 00:59:42 on Jan 26,2026, Elapsed time: 0:00:00
# Errors: 0, Warnings: 0
# QuestaSim Pro Microchip Edition-64 vlog 2024.3 Compiler 2024.09 Sep 10 2024
# Start time: 00:59:42 on Jan 26,2026
# vlog -reportprogress 300 -sv -work presynth C:/prj/FrameReader/component/work/PF_SRAM_AHBL_AXI_C0/COREAXI4SRAM_0/rtl/vlog/core/CoreAXI4SRAM_SLVIF.v 
# -- Compiling module PF_SRAM_AHBL_AXI_C0_COREAXI4SRAM_0_CoreAXI4SRAM_SLVIF
# 
# Top level modules:
# 	PF_SRAM_AHBL_AXI_C0_COREAXI4SRAM_0_CoreAXI4SRAM_SLVIF
# End time: 00:59:42 on Jan 26,2026, Elapsed time: 0:00:00
# Errors: 0, Warnings: 0
# QuestaSim Pro Microchip Edition-64 vlog 2024.3 Compiler 2024.09 Sep 10 2024
# Start time: 00:59:42 on Jan 26,2026
# vlog -reportprogress 300 -sv -work presynth C:/prj/FrameReader/component/work/PF_SRAM_AHBL_AXI_C0/COREAXI4SRAM_0/rtl/vlog/core/CoreAXI4SRAM.v 
# -- Compiling module PF_SRAM_AHBL_AXI_C0_COREAXI4SRAM_0_COREAXI4SRAM
# 
# Top level modules:
# 	PF_SRAM_AHBL_AXI_C0_COREAXI4SRAM_0_COREAXI4SRAM
# End time: 00:59:42 on Jan 26,2026, Elapsed time: 0:00:00
# Errors: 0, Warnings: 0
# QuestaSim Pro Microchip Edition-64 vlog 2024.3 Compiler 2024.09 Sep 10 2024
# Start time: 00:59:43 on Jan 26,2026
# vlog -reportprogress 300 -sv -work presynth C:/prj/FrameReader/component/work/PF_SRAM_AHBL_AXI_C0/PF_SRAM_AHBL_AXI_C0.v 
# -- Compiling module PF_SRAM_AHBL_AXI_C0
# 
# Top level modules:
# 	PF_SRAM_AHBL_AXI_C0
# End time: 00:59:43 on Jan 26,2026, Elapsed time: 0:00:00
# Errors: 0, Warnings: 0
# QuestaSim Pro Microchip Edition-64 vlog 2024.3 Compiler 2024.09 Sep 10 2024
# Start time: 00:59:43 on Jan 26,2026
# vlog -reportprogress 300 -sv -work presynth C:/prj/FrameReader/hdl/Arbiter_Initiator_Rd_IF.v 
# -- Compiling module Arbiter_Initiator_Rd_IF
# 
# Top level modules:
# 	Arbiter_Initiator_Rd_IF
# End time: 00:59:43 on Jan 26,2026, Elapsed time: 0:00:00
# Errors: 0, Warnings: 0
# QuestaSim Pro Microchip Edition-64 vlog 2024.3 Compiler 2024.09 Sep 10 2024
# Start time: 00:59:43 on Jan 26,2026
# vlog -reportprogress 300 -sv -work presynth C:/prj/FrameReader/hdl/corefifo_fwft.v 
# -- Compiling module DDR_READ_ASYMM_FIFO_DDR_READ_ASYMM_FIFO_0_corefifo_fwft
# 
# Top level modules:
# 	DDR_READ_ASYMM_FIFO_DDR_READ_ASYMM_FIFO_0_corefifo_fwft
# End time: 00:59:43 on Jan 26,2026, Elapsed time: 0:00:00
# Errors: 0, Warnings: 0
# QuestaSim Pro Microchip Edition-64 vlog 2024.3 Compiler 2024.09 Sep 10 2024
# Start time: 00:59:43 on Jan 26,2026
# vlog -reportprogress 300 -sv -work presynth C:/prj/FrameReader/hdl/corefifo_sync_scntr.v 
# -- Compiling module DDR_READ_ASYMM_FIFO_DDR_READ_ASYMM_FIFO_0_corefifo_sync_scntr
# 
# Top level modules:
# 	DDR_READ_ASYMM_FIFO_DDR_READ_ASYMM_FIFO_0_corefifo_sync_scntr
# End time: 00:59:43 on Jan 26,2026, Elapsed time: 0:00:00
# Errors: 0, Warnings: 0
# QuestaSim Pro Microchip Edition-64 vlog 2024.3 Compiler 2024.09 Sep 10 2024
# Start time: 00:59:43 on Jan 26,2026
# vlog -reportprogress 300 -sv -work presynth C:/prj/FrameReader/hdl/corefifo_sync.v 
# -- Compiling module DDR_READ_ASYMM_FIFO_DDR_READ_ASYMM_FIFO_0_corefifo_sync
# 
# Top level modules:
# 	DDR_READ_ASYMM_FIFO_DDR_READ_ASYMM_FIFO_0_corefifo_sync
# End time: 00:59:43 on Jan 26,2026, Elapsed time: 0:00:00
# Errors: 0, Warnings: 0
# QuestaSim Pro Microchip Edition-64 vlog 2024.3 Compiler 2024.09 Sep 10 2024
# Start time: 00:59:43 on Jan 26,2026
# vlog -reportprogress 300 -sv -work presynth C:/prj/FrameReader/hdl/corefifo_graytobinconv.v 
# -- Compiling module DDR_READ_ASYMM_FIFO_DDR_READ_ASYMM_FIFO_0_corefifo_graytobinconv
# 
# Top level modules:
# 	DDR_READ_ASYMM_FIFO_DDR_READ_ASYMM_FIFO_0_corefifo_graytobinconv
# End time: 00:59:43 on Jan 26,2026, Elapsed time: 0:00:00
# Errors: 0, Warnings: 0
# QuestaSim Pro Microchip Edition-64 vlog 2024.3 Compiler 2024.09 Sep 10 2024
# Start time: 00:59:43 on Jan 26,2026
# vlog -reportprogress 300 -sv -work presynth C:/prj/FrameReader/hdl/corefifo_nstagessync.v 
# -- Compiling module DDR_READ_ASYMM_FIFO_DDR_READ_ASYMM_FIFO_0_corefifo_nstagessync
# 
# Top level modules:
# 	DDR_READ_ASYMM_FIFO_DDR_READ_ASYMM_FIFO_0_corefifo_nstagessync
# End time: 00:59:43 on Jan 26,2026, Elapsed time: 0:00:00
# Errors: 0, Warnings: 0
# QuestaSim Pro Microchip Edition-64 vlog 2024.3 Compiler 2024.09 Sep 10 2024
# Start time: 00:59:44 on Jan 26,2026
# vlog -reportprogress 300 -sv -work presynth C:/prj/FrameReader/hdl/corefifo_async.v 
# -- Compiling module DDR_READ_ASYMM_FIFO_DDR_READ_ASYMM_FIFO_0_corefifo_async
# 
# Top level modules:
# 	DDR_READ_ASYMM_FIFO_DDR_READ_ASYMM_FIFO_0_corefifo_async
# End time: 00:59:44 on Jan 26,2026, Elapsed time: 0:00:00
# Errors: 0, Warnings: 0
# QuestaSim Pro Microchip Edition-64 vlog 2024.3 Compiler 2024.09 Sep 10 2024
# Start time: 00:59:44 on Jan 26,2026
# vlog -reportprogress 300 -sv -work presynth C:/prj/FrameReader/hdl/DDR_READ_ASYMM_FIFO_DDR_READ_ASYMM_FIFO_0_LSRAM_top.v 
# -- Compiling module DDR_READ_ASYMM_FIFO_DDR_READ_ASYMM_FIFO_0_LSRAM_top
# 
# Top level modules:
# 	DDR_READ_ASYMM_FIFO_DDR_READ_ASYMM_FIFO_0_LSRAM_top
# End time: 00:59:44 on Jan 26,2026, Elapsed time: 0:00:00
# Errors: 0, Warnings: 0
# QuestaSim Pro Microchip Edition-64 vlog 2024.3 Compiler 2024.09 Sep 10 2024
# Start time: 00:59:44 on Jan 26,2026
# vlog -reportprogress 300 -sv -work presynth C:/prj/FrameReader/hdl/DDR_READ_ASYMM_FIFO_DDR_READ_ASYMM_FIFO_0_ram_wrapper.v 
# -- Compiling module DDR_READ_ASYMM_FIFO_DDR_READ_ASYMM_FIFO_0_ram_wrapper
# 
# Top level modules:
# 	DDR_READ_ASYMM_FIFO_DDR_READ_ASYMM_FIFO_0_ram_wrapper
# End time: 00:59:44 on Jan 26,2026, Elapsed time: 0:00:00
# Errors: 0, Warnings: 0
# QuestaSim Pro Microchip Edition-64 vlog 2024.3 Compiler 2024.09 Sep 10 2024
# Start time: 00:59:44 on Jan 26,2026
# vlog -reportprogress 300 -sv -work presynth C:/prj/FrameReader/hdl/COREFIFO.v 
# -- Compiling module DDR_READ_ASYMM_FIFO_DDR_READ_ASYMM_FIFO_0_COREFIFO
# 
# Top level modules:
# 	DDR_READ_ASYMM_FIFO_DDR_READ_ASYMM_FIFO_0_COREFIFO
# End time: 00:59:44 on Jan 26,2026, Elapsed time: 0:00:00
# Errors: 0, Warnings: 0
# QuestaSim Pro Microchip Edition-64 vlog 2024.3 Compiler 2024.09 Sep 10 2024
# Start time: 00:59:44 on Jan 26,2026
# vlog -reportprogress 300 -sv -work presynth C:/prj/FrameReader/hdl/DDR_read_controller.v 
# -- Compiling module DDR_read_controller
# 
# Top level modules:
# 	DDR_read_controller
# End time: 00:59:44 on Jan 26,2026, Elapsed time: 0:00:00
# Errors: 0, Warnings: 0
# QuestaSim Pro Microchip Edition-64 vlog 2024.3 Compiler 2024.09 Sep 10 2024
# Start time: 00:59:44 on Jan 26,2026
# vlog -reportprogress 300 -sv -work presynth C:/prj/FrameReader/hdl/DDR_Read_Native.v 
# -- Compiling module DDR_Read_Native
# 
# Top level modules:
# 	DDR_Read_Native
# End time: 00:59:44 on Jan 26,2026, Elapsed time: 0:00:00
# Errors: 0, Warnings: 0
# QuestaSim Pro Microchip Edition-64 vlog 2024.3 Compiler 2024.09 Sep 10 2024
# Start time: 00:59:44 on Jan 26,2026
# vlog -reportprogress 300 -sv -work presynth C:/prj/FrameReader/hdl/DDR_Read.v 
# -- Compiling module DDR_Read
# 
# Top level modules:
# 	DDR_Read
# End time: 00:59:44 on Jan 26,2026, Elapsed time: 0:00:00
# Errors: 0, Warnings: 0
# QuestaSim Pro Microchip Edition-64 vlog 2024.3 Compiler 2024.09 Sep 10 2024
# Start time: 00:59:44 on Jan 26,2026
# vlog -reportprogress 300 -sv -work presynth C:/prj/FrameReader/component/work/FrameRD/FrameRD.v 
# -- Compiling module FrameRD
# 
# Top level modules:
# 	FrameRD
# End time: 00:59:45 on Jan 26,2026, Elapsed time: 0:00:01
# Errors: 0, Warnings: 0
# QuestaSim Pro Microchip Edition-64 vlog 2024.3 Compiler 2024.09 Sep 10 2024
# Start time: 00:59:45 on Jan 26,2026
# vlog -reportprogress 300 "+incdir+C:/prj/FrameReader/component/Actel/Simulation/CLK_GEN/1.0.1" "+incdir+C:/prj/FrameReader/component/work/CLK_GEN_C0" "+incdir+C:/prj/FrameReader/component/work/DDR_CLK" "+incdir+C:/prj/FrameReader/component/Actel/Simulation/PULSE_GEN/1.0.1" "+incdir+C:/prj/FrameReader/component/work/PULSE_GEN_C0" "+incdir+C:/prj/FrameReader/component/Actel/Simulation/RESET_GEN/1.0.1" "+incdir+C:/prj/FrameReader/component/work/RESET_GEN_C0" "+incdir+C:/prj/FrameReader/component/work/FrameRD_TB" -sv -work presynth C:/prj/FrameReader/component/Actel/Simulation/CLK_GEN/1.0.1/CLK_GEN.v 
# -- Compiling module CLK_GEN
# 
# Top level modules:
# 	CLK_GEN
# End time: 00:59:45 on Jan 26,2026, Elapsed time: 0:00:00
# Errors: 0, Warnings: 0
# QuestaSim Pro Microchip Edition-64 vlog 2024.3 Compiler 2024.09 Sep 10 2024
# Start time: 00:59:45 on Jan 26,2026
# vlog -reportprogress 300 "+incdir+C:/prj/FrameReader/component/Actel/Simulation/CLK_GEN/1.0.1" "+incdir+C:/prj/FrameReader/component/work/CLK_GEN_C0" "+incdir+C:/prj/FrameReader/component/work/DDR_CLK" "+incdir+C:/prj/FrameReader/component/Actel/Simulation/PULSE_GEN/1.0.1" "+incdir+C:/prj/FrameReader/component/work/PULSE_GEN_C0" "+incdir+C:/prj/FrameReader/component/Actel/Simulation/RESET_GEN/1.0.1" "+incdir+C:/prj/FrameReader/component/work/RESET_GEN_C0" "+incdir+C:/prj/FrameReader/component/work/FrameRD_TB" -sv -work presynth C:/prj/FrameReader/component/work/CLK_GEN_C0/CLK_GEN_C0.v 
# -- Compiling module CLK_GEN_C0
# 
# Top level modules:
# 	CLK_GEN_C0
# End time: 00:59:45 on Jan 26,2026, Elapsed time: 0:00:00
# Errors: 0, Warnings: 0
# QuestaSim Pro Microchip Edition-64 vlog 2024.3 Compiler 2024.09 Sep 10 2024
# Start time: 00:59:45 on Jan 26,2026
# vlog -reportprogress 300 "+incdir+C:/prj/FrameReader/component/Actel/Simulation/CLK_GEN/1.0.1" "+incdir+C:/prj/FrameReader/component/work/CLK_GEN_C0" "+incdir+C:/prj/FrameReader/component/work/DDR_CLK" "+incdir+C:/prj/FrameReader/component/Actel/Simulation/PULSE_GEN/1.0.1" "+incdir+C:/prj/FrameReader/component/work/PULSE_GEN_C0" "+incdir+C:/prj/FrameReader/component/Actel/Simulation/RESET_GEN/1.0.1" "+incdir+C:/prj/FrameReader/component/work/RESET_GEN_C0" "+incdir+C:/prj/FrameReader/component/work/FrameRD_TB" -sv -work presynth C:/prj/FrameReader/component/work/DDR_CLK/DDR_CLK.v 
# -- Compiling module DDR_CLK
# 
# Top level modules:
# 	DDR_CLK
# End time: 00:59:45 on Jan 26,2026, Elapsed time: 0:00:00
# Errors: 0, Warnings: 0
# QuestaSim Pro Microchip Edition-64 vlog 2024.3 Compiler 2024.09 Sep 10 2024
# Start time: 00:59:45 on Jan 26,2026
# vlog -reportprogress 300 "+incdir+C:/prj/FrameReader/component/Actel/Simulation/CLK_GEN/1.0.1" "+incdir+C:/prj/FrameReader/component/work/CLK_GEN_C0" "+incdir+C:/prj/FrameReader/component/work/DDR_CLK" "+incdir+C:/prj/FrameReader/component/Actel/Simulation/PULSE_GEN/1.0.1" "+incdir+C:/prj/FrameReader/component/work/PULSE_GEN_C0" "+incdir+C:/prj/FrameReader/component/Actel/Simulation/RESET_GEN/1.0.1" "+incdir+C:/prj/FrameReader/component/work/RESET_GEN_C0" "+incdir+C:/prj/FrameReader/component/work/FrameRD_TB" -sv -work presynth C:/prj/FrameReader/component/Actel/Simulation/PULSE_GEN/1.0.1/PULSE_GEN.v 
# -- Compiling module PULSE_GEN
# 
# Top level modules:
# 	PULSE_GEN
# End time: 00:59:45 on Jan 26,2026, Elapsed time: 0:00:00
# Errors: 0, Warnings: 0
# QuestaSim Pro Microchip Edition-64 vlog 2024.3 Compiler 2024.09 Sep 10 2024
# Start time: 00:59:45 on Jan 26,2026
# vlog -reportprogress 300 "+incdir+C:/prj/FrameReader/component/Actel/Simulation/CLK_GEN/1.0.1" "+incdir+C:/prj/FrameReader/component/work/CLK_GEN_C0" "+incdir+C:/prj/FrameReader/component/work/DDR_CLK" "+incdir+C:/prj/FrameReader/component/Actel/Simulation/PULSE_GEN/1.0.1" "+incdir+C:/prj/FrameReader/component/work/PULSE_GEN_C0" "+incdir+C:/prj/FrameReader/component/Actel/Simulation/RESET_GEN/1.0.1" "+incdir+C:/prj/FrameReader/component/work/RESET_GEN_C0" "+incdir+C:/prj/FrameReader/component/work/FrameRD_TB" -sv -work presynth C:/prj/FrameReader/component/work/PULSE_GEN_C0/PULSE_GEN_C0.v 
# -- Compiling module PULSE_GEN_C0
# 
# Top level modules:
# 	PULSE_GEN_C0
# End time: 00:59:45 on Jan 26,2026, Elapsed time: 0:00:00
# Errors: 0, Warnings: 0
# QuestaSim Pro Microchip Edition-64 vlog 2024.3 Compiler 2024.09 Sep 10 2024
# Start time: 00:59:45 on Jan 26,2026
# vlog -reportprogress 300 "+incdir+C:/prj/FrameReader/component/Actel/Simulation/CLK_GEN/1.0.1" "+incdir+C:/prj/FrameReader/component/work/CLK_GEN_C0" "+incdir+C:/prj/FrameReader/component/work/DDR_CLK" "+incdir+C:/prj/FrameReader/component/Actel/Simulation/PULSE_GEN/1.0.1" "+incdir+C:/prj/FrameReader/component/work/PULSE_GEN_C0" "+incdir+C:/prj/FrameReader/component/Actel/Simulation/RESET_GEN/1.0.1" "+incdir+C:/prj/FrameReader/component/work/RESET_GEN_C0" "+incdir+C:/prj/FrameReader/component/work/FrameRD_TB" -sv -work presynth C:/prj/FrameReader/component/Actel/Simulation/RESET_GEN/1.0.1/RESET_GEN.v 
# -- Compiling module RESET_GEN
# 
# Top level modules:
# 	RESET_GEN
# End time: 00:59:45 on Jan 26,2026, Elapsed time: 0:00:00
# Errors: 0, Warnings: 0
# QuestaSim Pro Microchip Edition-64 vlog 2024.3 Compiler 2024.09 Sep 10 2024
# Start time: 00:59:45 on Jan 26,2026
# vlog -reportprogress 300 "+incdir+C:/prj/FrameReader/component/Actel/Simulation/CLK_GEN/1.0.1" "+incdir+C:/prj/FrameReader/component/work/CLK_GEN_C0" "+incdir+C:/prj/FrameReader/component/work/DDR_CLK" "+incdir+C:/prj/FrameReader/component/Actel/Simulation/PULSE_GEN/1.0.1" "+incdir+C:/prj/FrameReader/component/work/PULSE_GEN_C0" "+incdir+C:/prj/FrameReader/component/Actel/Simulation/RESET_GEN/1.0.1" "+incdir+C:/prj/FrameReader/component/work/RESET_GEN_C0" "+incdir+C:/prj/FrameReader/component/work/FrameRD_TB" -sv -work presynth C:/prj/FrameReader/component/work/RESET_GEN_C0/RESET_GEN_C0.v 
# -- Compiling module RESET_GEN_C0
# 
# Top level modules:
# 	RESET_GEN_C0
# End time: 00:59:45 on Jan 26,2026, Elapsed time: 0:00:00
# Errors: 0, Warnings: 0
# QuestaSim Pro Microchip Edition-64 vlog 2024.3 Compiler 2024.09 Sep 10 2024
# Start time: 00:59:46 on Jan 26,2026
# vlog -reportprogress 300 "+incdir+C:/prj/FrameReader/component/Actel/Simulation/CLK_GEN/1.0.1" "+incdir+C:/prj/FrameReader/component/work/CLK_GEN_C0" "+incdir+C:/prj/FrameReader/component/work/DDR_CLK" "+incdir+C:/prj/FrameReader/component/Actel/Simulation/PULSE_GEN/1.0.1" "+incdir+C:/prj/FrameReader/component/work/PULSE_GEN_C0" "+incdir+C:/prj/FrameReader/component/Actel/Simulation/RESET_GEN/1.0.1" "+incdir+C:/prj/FrameReader/component/work/RESET_GEN_C0" "+incdir+C:/prj/FrameReader/component/work/FrameRD_TB" -sv -work presynth C:/prj/FrameReader/component/work/FrameRD_TB/FrameRD_TB.v 
# -- Compiling module FrameRD_TB
# 
# Top level modules:
# 	FrameRD_TB
# End time: 00:59:46 on Jan 26,2026, Elapsed time: 0:00:00
# Errors: 0, Warnings: 0
# vsim -voptargs="+acc" -L PolarFire -L presynth -t 1ps -displaymsgmode both presynth.FrameRD_TB 
# Start time: 00:59:46 on Jan 26,2026
# ** Note: (vsim-3813) Design is being optimized due to module recompilation...
# ** Warning: (vopt-10908) Some optimizations are turned off because the +acc switch is in effect.
# ** Note: (vopt-143) Recognized 1 FSM in module "DDR_read_controller(fast)".
# ** Note: (vsim-12126) Error and warning message counts have been restored: Errors=0, Warnings=1.
# Loading sv_std.std
# Loading work.FrameRD_TB(fast)
# Loading work.DDR_CLK(fast)
# Loading work.CLK_GEN(fast)
# Loading work.FrameRD(fast)
# Loading PolarFire.AND2(fast)
# Loading PolarFire.CFG2(fast)
# Loading work.DDR_AXI4_ARBITER_PF_C0(fast)
# Loading work.DDR_AXI4_ARBITER_PF(fast)
# Loading work.AXI4_S_IF(fast)
# Loading work.AXI4_M_M_IF(fast)
# Loading work.DDR_AXI4_ARBITER_PF_Native(fast)
# Loading work.ddr_rw_arbiter(fast)
# Loading work.ddr_rw_arbiter_C0_ddr_rw_arbiter_C0_0_video_axi_fifo(fast)
# Loading work.ddr_rw_arbiter_C0_ddr_rw_arbiter_C0_0_ram_wrapper(fast)
# Loading work.ddr_rw_arbiter_C0_ddr_rw_arbiter_C0_0_LSRAM_top(fast)
# Loading work.ddr_rw_arbiter_C0_ddr_rw_arbiter_C0_0_corefifo_fwft(fast)
# Loading work.ddr_rw_arbiter_C0_ddr_rw_arbiter_C0_0_corefifo_sync_scntr(fast)
# Loading work.ddr_rw_arbiter_C0_ddr_rw_arbiter_C0_0_video_axi_fifo(fast__1)
# Loading work.ddr_rw_arbiter_C0_ddr_rw_arbiter_C0_0_ram_wrapper(fast__1)
# Loading work.ddr_rw_arbiter_C0_ddr_rw_arbiter_C0_0_LSRAM_top(fast__1)
# Loading work.ddr_rw_arbiter_C0_ddr_rw_arbiter_C0_0_corefifo_fwft(fast__1)
# Loading work.ddr_rw_arbiter_C0_ddr_rw_arbiter_C0_0_corefifo_sync_scntr(fast__1)
# Loading work.read_top(fast)
# Loading work.write_top(fast)
# Loading work.DDR_Read(fast)
# Loading work.Arbiter_Initiator_Rd_IF(fast)
# Loading work.DDR_Read_Native(fast)
# Loading work.DDR_read_controller(fast)
# Loading work.DDR_READ_ASYMM_FIFO_DDR_READ_ASYMM_FIFO_0_COREFIFO(fast)
# Loading work.DDR_READ_ASYMM_FIFO_DDR_READ_ASYMM_FIFO_0_ram_wrapper(fast)
# Loading work.DDR_READ_ASYMM_FIFO_DDR_READ_ASYMM_FIFO_0_LSRAM_top(fast)
# Loading PolarFire.RAM1K20(fast)
# Loading PolarFire.RAM1K20_IP(fast)
# Loading PolarFire.RAM_DLY(fast)
# Loading PolarFire.ECC_PIPELINE(fast)
# Loading PolarFire.SLE_Prim(fast)
# Loading PolarFire.ECC_PIPELINE(fast__1)
# Loading PolarFire.SLE_Prim(fast__1)
# Loading PolarFire.ECC_PIPELINE(fast__2)
# Loading PolarFire.CFG1(fast)
# Loading PolarFire.OR2(fast)
# Loading PolarFire.CFG2(fast__1)
# Loading PolarFire.GND(fast)
# Loading PolarFire.VCC(fast)
# Loading work.DDR_READ_ASYMM_FIFO_DDR_READ_ASYMM_FIFO_0_corefifo_async(fast)
# Loading work.DDR_READ_ASYMM_FIFO_DDR_READ_ASYMM_FIFO_0_corefifo_nstagessync(fast)
# Loading work.DDR_READ_ASYMM_FIFO_DDR_READ_ASYMM_FIFO_0_corefifo_nstagessync(fast__1)
# Loading work.DDR_READ_ASYMM_FIFO_DDR_READ_ASYMM_FIFO_0_corefifo_graytobinconv(fast)
# Loading work.DDR_READ_ASYMM_FIFO_DDR_READ_ASYMM_FIFO_0_corefifo_graytobinconv(fast__1)
# Loading PolarFire.DFN1(fast)
# Loading PolarFire.SLE(fast)
# Loading work.Display_Controller_C0(fast)
# Loading work.Display_Controller(fast)
# Loading work.PF_SRAM_AHBL_AXI_C0(fast)
# Loading work.PF_SRAM_AHBL_AXI_C0_COREAXI4SRAM_0_COREAXI4SRAM(fast)
# Loading work.PF_SRAM_AHBL_AXI_C0_COREAXI4SRAM_0_CoreAXI4SRAM_MAINCTRL(fast)
# Loading work.PF_SRAM_AHBL_AXI_C0_COREAXI4SRAM_0_CoreAXI4SRAM_SLVIF(fast)
# Loading work.PF_SRAM_AHBL_AXI_C0_PF_TPSRAM_AHB_AXI_0_PF_TPSRAM(fast)
# Loading PolarFire.OR4(fast)
# Loading PolarFire.CFG4(fast)
# Loading PolarFire.RAM1K20(fast__1)
# Loading PolarFire.RAM1K20_IP(fast__1)
# Loading PolarFire.RAM1K20(fast__2)
# Loading PolarFire.RAM1K20_IP(fast__2)
# Loading PolarFire.RAM1K20(fast__3)
# Loading PolarFire.RAM1K20_IP(fast__3)
# Loading PolarFire.RAM1K20(fast__4)
# Loading PolarFire.RAM1K20_IP(fast__4)
# Loading PolarFire.RAM1K20(fast__5)
# Loading PolarFire.RAM1K20_IP(fast__5)
# Loading PolarFire.RAM1K20(fast__6)
# Loading PolarFire.RAM1K20_IP(fast__6)
# Loading PolarFire.RAM1K20(fast__7)
# Loading PolarFire.RAM1K20_IP(fast__7)
# Loading PolarFire.RAM1K20(fast__8)
# Loading PolarFire.RAM1K20_IP(fast__8)
# Loading work.CLK_GEN_C0(fast)
# Loading work.CLK_GEN(fast__1)
# Loading work.PULSE_GEN_C0(fast)
# Loading work.PULSE_GEN(fast)
# Loading work.RESET_GEN_C0(fast)
# Loading work.RESET_GEN(fast)
# Loading std.standard
# Loading std.textio(body)
# Loading ieee.std_logic_1164(body)
# Loading ieee.numeric_std(body)
# Loading ieee.std_logic_arith(body)
# Loading ieee.std_logic_unsigned(body)
# Loading work.read_demux(read_demux)#1
# Loading work.read_mux(read_mux)#1
# Loading work.request_scheduler(request_scheduler)#1
# Loading work.write_demux(write_demux)#1
# Loading work.write_mux(write_mux)#1
# WARNING at $(time): Memory starts being read slowly then framerate
# WARNING at $(time): Memory starts being read slowly then framerate
# WARNING at $(time): Memory starts being read slowly then framerate
write format wave -window .main_pane.wave.interior.cs.body.pw.wf C:/prj/FrameReader/simulation/wave.do
add wave -position insertpoint sim:/FrameRD_TB/FrameRD_0/Display_Controller_C0_0/*
write format wave -window .main_pane.wave.interior.cs.body.pw.wf C:/prj/FrameReader/simulation/wave.do
# Break key hit
# Simulation stop requested.
# can't find package ScintillaTk
quit -sim
# End time: 01:34:57 on Jan 26,2026, Elapsed time: 0:35:11
# Errors: 0, Warnings: 1
do run.do
# INFO: Simulation library presynth already exists
# QuestaSim Pro Microchip Edition-64 vmap 2024.3 Lib Mapping Utility 2024.09 Sep 10 2024
# vmap presynth presynth 
# Modifying modelsim.ini
# QuestaSim Pro Microchip Edition-64 vmap 2024.3 Lib Mapping Utility 2024.09 Sep 10 2024
# vmap PolarFire C:/Microchip/Libero_SoC_2025.1/Libero_SoC/Designer/lib/questasim/precompiled/vlog/polarfire 
# Modifying modelsim.ini
# QuestaSim Pro Microchip Edition-64 vlog 2024.3 Compiler 2024.09 Sep 10 2024
# Start time: 01:34:59 on Jan 26,2026
# vlog -reportprogress 300 -sv -work presynth C:/prj/FrameReader/component/Microchip/SolutionCore/DDR_AXI4_ARBITER_PF/2.2.0/RTL/AXI4_M_M_IF.v 
# -- Compiling module AXI4_M_M_IF
# 
# Top level modules:
# 	AXI4_M_M_IF
# End time: 01:34:59 on Jan 26,2026, Elapsed time: 0:00:00
# Errors: 0, Warnings: 0
# QuestaSim Pro Microchip Edition-64 vlog 2024.3 Compiler 2024.09 Sep 10 2024
# Start time: 01:34:59 on Jan 26,2026
# vlog -reportprogress 300 -sv -work presynth C:/prj/FrameReader/component/Microchip/SolutionCore/DDR_AXI4_ARBITER_PF/2.2.0/RTL/AXI4_S_IF.v 
# -- Compiling module AXI4_S_IF
# 
# Top level modules:
# 	AXI4_S_IF
# End time: 01:34:59 on Jan 26,2026, Elapsed time: 0:00:00
# Errors: 0, Warnings: 0
# QuestaSim Pro Microchip Edition-64 vlog 2024.3 Compiler 2024.09 Sep 10 2024
# Start time: 01:34:59 on Jan 26,2026
# vlog -reportprogress 300 -sv -work presynth C:/prj/FrameReader/component/Microchip/SolutionCore/DDR_AXI4_ARBITER_PF/2.2.0/RTL/axi_lbus_corefifo_NstagesSync.v 
# -- Compiling module ddr_rw_arbiter_C0_ddr_rw_arbiter_C0_0_corefifo_NstagesSync
# 
# Top level modules:
# 	ddr_rw_arbiter_C0_ddr_rw_arbiter_C0_0_corefifo_NstagesSync
# End time: 01:34:59 on Jan 26,2026, Elapsed time: 0:00:00
# Errors: 0, Warnings: 0
# QuestaSim Pro Microchip Edition-64 vlog 2024.3 Compiler 2024.09 Sep 10 2024
# Start time: 01:35:00 on Jan 26,2026
# vlog -reportprogress 300 -sv -work presynth C:/prj/FrameReader/component/Microchip/SolutionCore/DDR_AXI4_ARBITER_PF/2.2.0/RTL/axi_lbus_corefifo_grayToBinConv.v 
# -- Compiling module ddr_rw_arbiter_C0_ddr_rw_arbiter_C0_0_corefifo_grayToBinConv
# 
# Top level modules:
# 	ddr_rw_arbiter_C0_ddr_rw_arbiter_C0_0_corefifo_grayToBinConv
# End time: 01:35:00 on Jan 26,2026, Elapsed time: 0:00:00
# Errors: 0, Warnings: 0
# QuestaSim Pro Microchip Edition-64 vlog 2024.3 Compiler 2024.09 Sep 10 2024
# Start time: 01:35:00 on Jan 26,2026
# vlog -reportprogress 300 -sv -work presynth C:/prj/FrameReader/component/Microchip/SolutionCore/DDR_AXI4_ARBITER_PF/2.2.0/RTL/axi_lbus_corefifo_async.v 
# -- Compiling module ddr_rw_arbiter_C0_ddr_rw_arbiter_C0_0_corefifo_async
# 
# Top level modules:
# 	ddr_rw_arbiter_C0_ddr_rw_arbiter_C0_0_corefifo_async
# End time: 01:35:00 on Jan 26,2026, Elapsed time: 0:00:00
# Errors: 0, Warnings: 0
# QuestaSim Pro Microchip Edition-64 vlog 2024.3 Compiler 2024.09 Sep 10 2024
# Start time: 01:35:00 on Jan 26,2026
# vlog -reportprogress 300 -sv -work presynth C:/prj/FrameReader/component/Microchip/SolutionCore/DDR_AXI4_ARBITER_PF/2.2.0/RTL/axi_lbus_corefifo_resetSync.v 
# -- Compiling module ddr_rw_arbiter_C0_ddr_rw_arbiter_C0_0_corefifo_resetSync
# 
# Top level modules:
# 	ddr_rw_arbiter_C0_ddr_rw_arbiter_C0_0_corefifo_resetSync
# End time: 01:35:00 on Jan 26,2026, Elapsed time: 0:00:00
# Errors: 0, Warnings: 0
# QuestaSim Pro Microchip Edition-64 vlog 2024.3 Compiler 2024.09 Sep 10 2024
# Start time: 01:35:00 on Jan 26,2026
# vlog -reportprogress 300 -sv -work presynth C:/prj/FrameReader/component/Microchip/SolutionCore/DDR_AXI4_ARBITER_PF/2.2.0/RTL/axi_lbus_corefifo_sync.v 
# -- Compiling module ddr_rw_arbiter_C0_ddr_rw_arbiter_C0_0_corefifo_sync
# 
# Top level modules:
# 	ddr_rw_arbiter_C0_ddr_rw_arbiter_C0_0_corefifo_sync
# End time: 01:35:00 on Jan 26,2026, Elapsed time: 0:00:00
# Errors: 0, Warnings: 0
# QuestaSim Pro Microchip Edition-64 vlog 2024.3 Compiler 2024.09 Sep 10 2024
# Start time: 01:35:00 on Jan 26,2026
# vlog -reportprogress 300 -sv -work presynth C:/prj/FrameReader/component/Microchip/SolutionCore/DDR_AXI4_ARBITER_PF/2.2.0/RTL/axi_lbus_corefifo_fwft.v 
# -- Compiling module ddr_rw_arbiter_C0_ddr_rw_arbiter_C0_0_corefifo_fwft
# 
# Top level modules:
# 	ddr_rw_arbiter_C0_ddr_rw_arbiter_C0_0_corefifo_fwft
# End time: 01:35:00 on Jan 26,2026, Elapsed time: 0:00:00
# Errors: 0, Warnings: 0
# QuestaSim Pro Microchip Edition-64 vlog 2024.3 Compiler 2024.09 Sep 10 2024
# Start time: 01:35:00 on Jan 26,2026
# vlog -reportprogress 300 -sv -work presynth C:/prj/FrameReader/component/Microchip/SolutionCore/DDR_AXI4_ARBITER_PF/2.2.0/RTL/axi_lbus_corefifo_sync_scntr.v 
# -- Compiling module ddr_rw_arbiter_C0_ddr_rw_arbiter_C0_0_corefifo_sync_scntr
# 
# Top level modules:
# 	ddr_rw_arbiter_C0_ddr_rw_arbiter_C0_0_corefifo_sync_scntr
# End time: 01:35:00 on Jan 26,2026, Elapsed time: 0:00:00
# Errors: 0, Warnings: 0
# QuestaSim Pro Microchip Edition-64 vlog 2024.3 Compiler 2024.09 Sep 10 2024
# Start time: 01:35:00 on Jan 26,2026
# vlog -reportprogress 300 -sv -work presynth C:/prj/FrameReader/component/Microchip/SolutionCore/DDR_AXI4_ARBITER_PF/2.2.0/RTL/axi_lbus_LSRAM_top.v 
# -- Compiling module ddr_rw_arbiter_C0_ddr_rw_arbiter_C0_0_LSRAM_top
# 
# Top level modules:
# 	ddr_rw_arbiter_C0_ddr_rw_arbiter_C0_0_LSRAM_top
# End time: 01:35:00 on Jan 26,2026, Elapsed time: 0:00:00
# Errors: 0, Warnings: 0
# QuestaSim Pro Microchip Edition-64 vlog 2024.3 Compiler 2024.09 Sep 10 2024
# Start time: 01:35:00 on Jan 26,2026
# vlog -reportprogress 300 -sv -work presynth C:/prj/FrameReader/component/Microchip/SolutionCore/DDR_AXI4_ARBITER_PF/2.2.0/RTL/axi_lbus_ram_wrapper.v 
# -- Compiling module ddr_rw_arbiter_C0_ddr_rw_arbiter_C0_0_ram_wrapper
# 
# Top level modules:
# 	ddr_rw_arbiter_C0_ddr_rw_arbiter_C0_0_ram_wrapper
# End time: 01:35:01 on Jan 26,2026, Elapsed time: 0:00:01
# Errors: 0, Warnings: 0
# QuestaSim Pro Microchip Edition-64 vlog 2024.3 Compiler 2024.09 Sep 10 2024
# Start time: 01:35:01 on Jan 26,2026
# vlog -reportprogress 300 -sv -work presynth C:/prj/FrameReader/component/Microchip/SolutionCore/DDR_AXI4_ARBITER_PF/2.2.0/RTL/video_axi_fifo.v 
# -- Compiling module ddr_rw_arbiter_C0_ddr_rw_arbiter_C0_0_video_axi_fifo
# 
# Top level modules:
# 	ddr_rw_arbiter_C0_ddr_rw_arbiter_C0_0_video_axi_fifo
# End time: 01:35:01 on Jan 26,2026, Elapsed time: 0:00:00
# Errors: 0, Warnings: 0
# QuestaSim Pro Microchip Edition-64 vlog 2024.3 Compiler 2024.09 Sep 10 2024
# Start time: 01:35:01 on Jan 26,2026
# vlog -reportprogress 300 -sv -work presynth C:/prj/FrameReader/component/Microchip/SolutionCore/DDR_AXI4_ARBITER_PF/2.2.0/RTL/ddr_rw_arbiter.v 
# -- Compiling module ddr_rw_arbiter
# 
# Top level modules:
# 	ddr_rw_arbiter
# End time: 01:35:01 on Jan 26,2026, Elapsed time: 0:00:00
# Errors: 0, Warnings: 0
# QuestaSim Pro Microchip Edition-64 vcom 2024.3 Compiler 2024.09 Sep 10 2024
# Start time: 01:35:01 on Jan 26,2026
# vcom -reportprogress 300 -2008 -explicit -work presynth C:/prj/FrameReader/component/Microchip/SolutionCore/DDR_AXI4_ARBITER_PF/2.2.0/RTL/write_mux.vhd 
# -- Loading package STANDARD
# -- Loading package TEXTIO
# -- Loading package std_logic_1164
# -- Loading package NUMERIC_STD
# -- Loading package std_logic_arith
# -- Loading package STD_LOGIC_UNSIGNED
# -- Compiling entity write_mux
# -- Compiling architecture write_mux of write_mux
# End time: 01:35:01 on Jan 26,2026, Elapsed time: 0:00:00
# Errors: 0, Warnings: 0
# QuestaSim Pro Microchip Edition-64 vcom 2024.3 Compiler 2024.09 Sep 10 2024
# Start time: 01:35:01 on Jan 26,2026
# vcom -reportprogress 300 -2008 -explicit -work presynth C:/prj/FrameReader/component/Microchip/SolutionCore/DDR_AXI4_ARBITER_PF/2.2.0/RTL/request_scheduler.vhd 
# -- Loading package STANDARD
# -- Loading package TEXTIO
# -- Loading package std_logic_1164
# -- Loading package NUMERIC_STD
# -- Loading package std_logic_arith
# -- Loading package STD_LOGIC_UNSIGNED
# -- Compiling entity request_scheduler
# -- Compiling architecture request_scheduler of request_scheduler
# End time: 01:35:01 on Jan 26,2026, Elapsed time: 0:00:00
# Errors: 0, Warnings: 0
# QuestaSim Pro Microchip Edition-64 vcom 2024.3 Compiler 2024.09 Sep 10 2024
# Start time: 01:35:01 on Jan 26,2026
# vcom -reportprogress 300 -2008 -explicit -work presynth C:/prj/FrameReader/component/Microchip/SolutionCore/DDR_AXI4_ARBITER_PF/2.2.0/RTL/write_demux.vhd 
# -- Loading package STANDARD
# -- Loading package TEXTIO
# -- Loading package std_logic_1164
# -- Loading package NUMERIC_STD
# -- Loading package std_logic_arith
# -- Loading package STD_LOGIC_UNSIGNED
# -- Compiling entity write_demux
# -- Compiling architecture write_demux of write_demux
# End time: 01:35:01 on Jan 26,2026, Elapsed time: 0:00:00
# Errors: 0, Warnings: 0
# QuestaSim Pro Microchip Edition-64 vlog 2024.3 Compiler 2024.09 Sep 10 2024
# Start time: 01:35:01 on Jan 26,2026
# vlog -reportprogress 300 -sv -work presynth C:/prj/FrameReader/component/Microchip/SolutionCore/DDR_AXI4_ARBITER_PF/2.2.0/RTL/write_top.v 
# -- Compiling module write_top
# 
# Top level modules:
# 	write_top
# End time: 01:35:01 on Jan 26,2026, Elapsed time: 0:00:00
# Errors: 0, Warnings: 0
# QuestaSim Pro Microchip Edition-64 vcom 2024.3 Compiler 2024.09 Sep 10 2024
# Start time: 01:35:01 on Jan 26,2026
# vcom -reportprogress 300 -2008 -explicit -work presynth C:/prj/FrameReader/component/Microchip/SolutionCore/DDR_AXI4_ARBITER_PF/2.2.0/RTL/read_demux.vhd 
# -- Loading package STANDARD
# -- Loading package TEXTIO
# -- Loading package std_logic_1164
# -- Loading package NUMERIC_STD
# -- Loading package std_logic_arith
# -- Loading package STD_LOGIC_UNSIGNED
# -- Compiling entity read_demux
# -- Compiling architecture read_demux of read_demux
# End time: 01:35:01 on Jan 26,2026, Elapsed time: 0:00:00
# Errors: 0, Warnings: 0
# QuestaSim Pro Microchip Edition-64 vcom 2024.3 Compiler 2024.09 Sep 10 2024
# Start time: 01:35:02 on Jan 26,2026
# vcom -reportprogress 300 -2008 -explicit -work presynth C:/prj/FrameReader/component/Microchip/SolutionCore/DDR_AXI4_ARBITER_PF/2.2.0/RTL/read_mux.vhd 
# -- Loading package STANDARD
# -- Loading package TEXTIO
# -- Loading package std_logic_1164
# -- Compiling entity read_mux
# -- Compiling architecture read_mux of read_mux
# End time: 01:35:02 on Jan 26,2026, Elapsed time: 0:00:00
# Errors: 0, Warnings: 0
# QuestaSim Pro Microchip Edition-64 vlog 2024.3 Compiler 2024.09 Sep 10 2024
# Start time: 01:35:02 on Jan 26,2026
# vlog -reportprogress 300 -sv -work presynth C:/prj/FrameReader/component/Microchip/SolutionCore/DDR_AXI4_ARBITER_PF/2.2.0/RTL/read_top.v 
# -- Compiling module read_top
# 
# Top level modules:
# 	read_top
# End time: 01:35:02 on Jan 26,2026, Elapsed time: 0:00:00
# Errors: 0, Warnings: 0
# QuestaSim Pro Microchip Edition-64 vlog 2024.3 Compiler 2024.09 Sep 10 2024
# Start time: 01:35:02 on Jan 26,2026
# vlog -reportprogress 300 -sv -work presynth C:/prj/FrameReader/component/Microchip/SolutionCore/DDR_AXI4_ARBITER_PF/2.2.0/RTL/DDR_AXI4_ARBITER_PF_Native.v 
# -- Compiling module DDR_AXI4_ARBITER_PF_Native
# 
# Top level modules:
# 	DDR_AXI4_ARBITER_PF_Native
# End time: 01:35:02 on Jan 26,2026, Elapsed time: 0:00:00
# Errors: 0, Warnings: 0
# QuestaSim Pro Microchip Edition-64 vlog 2024.3 Compiler 2024.09 Sep 10 2024
# Start time: 01:35:02 on Jan 26,2026
# vlog -reportprogress 300 -sv -work presynth C:/prj/FrameReader/component/Microchip/SolutionCore/DDR_AXI4_ARBITER_PF/2.2.0/RTL/DDR_AXI4_ARBITER_PF.v 
# -- Compiling module DDR_AXI4_ARBITER_PF
# 
# Top level modules:
# 	DDR_AXI4_ARBITER_PF
# End time: 01:35:02 on Jan 26,2026, Elapsed time: 0:00:00
# Errors: 0, Warnings: 0
# QuestaSim Pro Microchip Edition-64 vlog 2024.3 Compiler 2024.09 Sep 10 2024
# Start time: 01:35:02 on Jan 26,2026
# vlog -reportprogress 300 -sv -work presynth C:/prj/FrameReader/component/work/DDR_AXI4_ARBITER_PF_C0/DDR_AXI4_ARBITER_PF_C0.v 
# -- Compiling module DDR_AXI4_ARBITER_PF_C0
# 
# Top level modules:
# 	DDR_AXI4_ARBITER_PF_C0
# End time: 01:35:02 on Jan 26,2026, Elapsed time: 0:00:00
# Errors: 0, Warnings: 0
# QuestaSim Pro Microchip Edition-64 vlog 2024.3 Compiler 2024.09 Sep 10 2024
# Start time: 01:35:02 on Jan 26,2026
# vlog -reportprogress 300 -sv -work presynth C:/prj/FrameReader/component/Microchip/SolutionCore/Display_Controller/5.0.0/Encrypted/display_controller.v 
# -- Compiling module Display_Controller
# ** Warning: C:/prj/FrameReader/component/Microchip/SolutionCore/Display_Controller/5.0.0/Encrypted/display_controller.v(216): (vlog-14157) Protect keyword "data_keyowner" is not supported and will have no effect.
# ** Warning: C:/prj/FrameReader/component/Microchip/SolutionCore/Display_Controller/5.0.0/Encrypted/display_controller.v(216): (vlog-14157) Protect keyword "data_keyname" is not supported and will have no effect.
# 
# Top level modules:
# 	Display_Controller
# End time: 01:35:02 on Jan 26,2026, Elapsed time: 0:00:00
# Errors: 0, Warnings: 2
# QuestaSim Pro Microchip Edition-64 vlog 2024.3 Compiler 2024.09 Sep 10 2024
# Start time: 01:35:02 on Jan 26,2026
# vlog -reportprogress 300 -sv -work presynth C:/prj/FrameReader/component/work/Display_Controller_C0/Display_Controller_C0.v 
# -- Compiling module Display_Controller_C0
# 
# Top level modules:
# 	Display_Controller_C0
# End time: 01:35:02 on Jan 26,2026, Elapsed time: 0:00:00
# Errors: 0, Warnings: 0
# QuestaSim Pro Microchip Edition-64 vlog 2024.3 Compiler 2024.09 Sep 10 2024
# Start time: 01:35:03 on Jan 26,2026
# vlog -reportprogress 300 -sv -work presynth C:/prj/FrameReader/component/work/PF_SRAM_AHBL_AXI_C0/PF_TPSRAM_AHB_AXI_0/PF_SRAM_AHBL_AXI_C0_PF_TPSRAM_AHB_AXI_0_PF_TPSRAM.v 
# -- Compiling module PF_SRAM_AHBL_AXI_C0_PF_TPSRAM_AHB_AXI_0_PF_TPSRAM
# 
# Top level modules:
# 	PF_SRAM_AHBL_AXI_C0_PF_TPSRAM_AHB_AXI_0_PF_TPSRAM
# End time: 01:35:03 on Jan 26,2026, Elapsed time: 0:00:00
# Errors: 0, Warnings: 0
# QuestaSim Pro Microchip Edition-64 vlog 2024.3 Compiler 2024.09 Sep 10 2024
# Start time: 01:35:03 on Jan 26,2026
# vlog -reportprogress 300 -sv -work presynth C:/prj/FrameReader/component/work/PF_SRAM_AHBL_AXI_C0/COREAXI4SRAM_0/rtl/vlog/core/CoreAXI4SRAM_MAINCTRL_ECC.v 
# -- Compiling module PF_SRAM_AHBL_AXI_C0_COREAXI4SRAM_0_CoreAXI4SRAM_MAINCTRL_ECC
# 
# Top level modules:
# 	PF_SRAM_AHBL_AXI_C0_COREAXI4SRAM_0_CoreAXI4SRAM_MAINCTRL_ECC
# End time: 01:35:03 on Jan 26,2026, Elapsed time: 0:00:00
# Errors: 0, Warnings: 0
# QuestaSim Pro Microchip Edition-64 vlog 2024.3 Compiler 2024.09 Sep 10 2024
# Start time: 01:35:03 on Jan 26,2026
# vlog -reportprogress 300 -sv -work presynth C:/prj/FrameReader/component/work/PF_SRAM_AHBL_AXI_C0/COREAXI4SRAM_0/rtl/vlog/core/CoreAXI4SRAM_MAINCTRL.v 
# -- Compiling module PF_SRAM_AHBL_AXI_C0_COREAXI4SRAM_0_CoreAXI4SRAM_MAINCTRL
# 
# Top level modules:
# 	PF_SRAM_AHBL_AXI_C0_COREAXI4SRAM_0_CoreAXI4SRAM_MAINCTRL
# End time: 01:35:03 on Jan 26,2026, Elapsed time: 0:00:00
# Errors: 0, Warnings: 0
# QuestaSim Pro Microchip Edition-64 vlog 2024.3 Compiler 2024.09 Sep 10 2024
# Start time: 01:35:03 on Jan 26,2026
# vlog -reportprogress 300 -sv -work presynth C:/prj/FrameReader/component/work/PF_SRAM_AHBL_AXI_C0/COREAXI4SRAM_0/rtl/vlog/core/CoreAXI4SRAM_SLVIF.v 
# -- Compiling module PF_SRAM_AHBL_AXI_C0_COREAXI4SRAM_0_CoreAXI4SRAM_SLVIF
# 
# Top level modules:
# 	PF_SRAM_AHBL_AXI_C0_COREAXI4SRAM_0_CoreAXI4SRAM_SLVIF
# End time: 01:35:03 on Jan 26,2026, Elapsed time: 0:00:00
# Errors: 0, Warnings: 0
# QuestaSim Pro Microchip Edition-64 vlog 2024.3 Compiler 2024.09 Sep 10 2024
# Start time: 01:35:03 on Jan 26,2026
# vlog -reportprogress 300 -sv -work presynth C:/prj/FrameReader/component/work/PF_SRAM_AHBL_AXI_C0/COREAXI4SRAM_0/rtl/vlog/core/CoreAXI4SRAM.v 
# -- Compiling module PF_SRAM_AHBL_AXI_C0_COREAXI4SRAM_0_COREAXI4SRAM
# 
# Top level modules:
# 	PF_SRAM_AHBL_AXI_C0_COREAXI4SRAM_0_COREAXI4SRAM
# End time: 01:35:03 on Jan 26,2026, Elapsed time: 0:00:00
# Errors: 0, Warnings: 0
# QuestaSim Pro Microchip Edition-64 vlog 2024.3 Compiler 2024.09 Sep 10 2024
# Start time: 01:35:03 on Jan 26,2026
# vlog -reportprogress 300 -sv -work presynth C:/prj/FrameReader/component/work/PF_SRAM_AHBL_AXI_C0/PF_SRAM_AHBL_AXI_C0.v 
# -- Compiling module PF_SRAM_AHBL_AXI_C0
# 
# Top level modules:
# 	PF_SRAM_AHBL_AXI_C0
# End time: 01:35:03 on Jan 26,2026, Elapsed time: 0:00:00
# Errors: 0, Warnings: 0
# QuestaSim Pro Microchip Edition-64 vlog 2024.3 Compiler 2024.09 Sep 10 2024
# Start time: 01:35:03 on Jan 26,2026
# vlog -reportprogress 300 -sv -work presynth C:/prj/FrameReader/hdl/Arbiter_Initiator_Rd_IF.v 
# -- Compiling module Arbiter_Initiator_Rd_IF
# 
# Top level modules:
# 	Arbiter_Initiator_Rd_IF
# End time: 01:35:03 on Jan 26,2026, Elapsed time: 0:00:00
# Errors: 0, Warnings: 0
# QuestaSim Pro Microchip Edition-64 vlog 2024.3 Compiler 2024.09 Sep 10 2024
# Start time: 01:35:03 on Jan 26,2026
# vlog -reportprogress 300 -sv -work presynth C:/prj/FrameReader/hdl/corefifo_fwft.v 
# -- Compiling module DDR_READ_ASYMM_FIFO_DDR_READ_ASYMM_FIFO_0_corefifo_fwft
# 
# Top level modules:
# 	DDR_READ_ASYMM_FIFO_DDR_READ_ASYMM_FIFO_0_corefifo_fwft
# End time: 01:35:03 on Jan 26,2026, Elapsed time: 0:00:00
# Errors: 0, Warnings: 0
# QuestaSim Pro Microchip Edition-64 vlog 2024.3 Compiler 2024.09 Sep 10 2024
# Start time: 01:35:04 on Jan 26,2026
# vlog -reportprogress 300 -sv -work presynth C:/prj/FrameReader/hdl/corefifo_sync_scntr.v 
# -- Compiling module DDR_READ_ASYMM_FIFO_DDR_READ_ASYMM_FIFO_0_corefifo_sync_scntr
# 
# Top level modules:
# 	DDR_READ_ASYMM_FIFO_DDR_READ_ASYMM_FIFO_0_corefifo_sync_scntr
# End time: 01:35:04 on Jan 26,2026, Elapsed time: 0:00:00
# Errors: 0, Warnings: 0
# QuestaSim Pro Microchip Edition-64 vlog 2024.3 Compiler 2024.09 Sep 10 2024
# Start time: 01:35:04 on Jan 26,2026
# vlog -reportprogress 300 -sv -work presynth C:/prj/FrameReader/hdl/corefifo_sync.v 
# -- Compiling module DDR_READ_ASYMM_FIFO_DDR_READ_ASYMM_FIFO_0_corefifo_sync
# 
# Top level modules:
# 	DDR_READ_ASYMM_FIFO_DDR_READ_ASYMM_FIFO_0_corefifo_sync
# End time: 01:35:04 on Jan 26,2026, Elapsed time: 0:00:00
# Errors: 0, Warnings: 0
# QuestaSim Pro Microchip Edition-64 vlog 2024.3 Compiler 2024.09 Sep 10 2024
# Start time: 01:35:04 on Jan 26,2026
# vlog -reportprogress 300 -sv -work presynth C:/prj/FrameReader/hdl/corefifo_graytobinconv.v 
# -- Compiling module DDR_READ_ASYMM_FIFO_DDR_READ_ASYMM_FIFO_0_corefifo_graytobinconv
# 
# Top level modules:
# 	DDR_READ_ASYMM_FIFO_DDR_READ_ASYMM_FIFO_0_corefifo_graytobinconv
# End time: 01:35:04 on Jan 26,2026, Elapsed time: 0:00:00
# Errors: 0, Warnings: 0
# QuestaSim Pro Microchip Edition-64 vlog 2024.3 Compiler 2024.09 Sep 10 2024
# Start time: 01:35:04 on Jan 26,2026
# vlog -reportprogress 300 -sv -work presynth C:/prj/FrameReader/hdl/corefifo_nstagessync.v 
# -- Compiling module DDR_READ_ASYMM_FIFO_DDR_READ_ASYMM_FIFO_0_corefifo_nstagessync
# 
# Top level modules:
# 	DDR_READ_ASYMM_FIFO_DDR_READ_ASYMM_FIFO_0_corefifo_nstagessync
# End time: 01:35:04 on Jan 26,2026, Elapsed time: 0:00:00
# Errors: 0, Warnings: 0
# QuestaSim Pro Microchip Edition-64 vlog 2024.3 Compiler 2024.09 Sep 10 2024
# Start time: 01:35:04 on Jan 26,2026
# vlog -reportprogress 300 -sv -work presynth C:/prj/FrameReader/hdl/corefifo_async.v 
# -- Compiling module DDR_READ_ASYMM_FIFO_DDR_READ_ASYMM_FIFO_0_corefifo_async
# 
# Top level modules:
# 	DDR_READ_ASYMM_FIFO_DDR_READ_ASYMM_FIFO_0_corefifo_async
# End time: 01:35:04 on Jan 26,2026, Elapsed time: 0:00:00
# Errors: 0, Warnings: 0
# QuestaSim Pro Microchip Edition-64 vlog 2024.3 Compiler 2024.09 Sep 10 2024
# Start time: 01:35:04 on Jan 26,2026
# vlog -reportprogress 300 -sv -work presynth C:/prj/FrameReader/hdl/DDR_READ_ASYMM_FIFO_DDR_READ_ASYMM_FIFO_0_LSRAM_top.v 
# -- Compiling module DDR_READ_ASYMM_FIFO_DDR_READ_ASYMM_FIFO_0_LSRAM_top
# 
# Top level modules:
# 	DDR_READ_ASYMM_FIFO_DDR_READ_ASYMM_FIFO_0_LSRAM_top
# End time: 01:35:04 on Jan 26,2026, Elapsed time: 0:00:00
# Errors: 0, Warnings: 0
# QuestaSim Pro Microchip Edition-64 vlog 2024.3 Compiler 2024.09 Sep 10 2024
# Start time: 01:35:04 on Jan 26,2026
# vlog -reportprogress 300 -sv -work presynth C:/prj/FrameReader/hdl/DDR_READ_ASYMM_FIFO_DDR_READ_ASYMM_FIFO_0_ram_wrapper.v 
# -- Compiling module DDR_READ_ASYMM_FIFO_DDR_READ_ASYMM_FIFO_0_ram_wrapper
# 
# Top level modules:
# 	DDR_READ_ASYMM_FIFO_DDR_READ_ASYMM_FIFO_0_ram_wrapper
# End time: 01:35:04 on Jan 26,2026, Elapsed time: 0:00:00
# Errors: 0, Warnings: 0
# QuestaSim Pro Microchip Edition-64 vlog 2024.3 Compiler 2024.09 Sep 10 2024
# Start time: 01:35:05 on Jan 26,2026
# vlog -reportprogress 300 -sv -work presynth C:/prj/FrameReader/hdl/COREFIFO.v 
# -- Compiling module DDR_READ_ASYMM_FIFO_DDR_READ_ASYMM_FIFO_0_COREFIFO
# 
# Top level modules:
# 	DDR_READ_ASYMM_FIFO_DDR_READ_ASYMM_FIFO_0_COREFIFO
# End time: 01:35:05 on Jan 26,2026, Elapsed time: 0:00:00
# Errors: 0, Warnings: 0
# QuestaSim Pro Microchip Edition-64 vlog 2024.3 Compiler 2024.09 Sep 10 2024
# Start time: 01:35:05 on Jan 26,2026
# vlog -reportprogress 300 -sv -work presynth C:/prj/FrameReader/hdl/DDR_read_controller.v 
# -- Compiling module DDR_read_controller
# 
# Top level modules:
# 	DDR_read_controller
# End time: 01:35:05 on Jan 26,2026, Elapsed time: 0:00:00
# Errors: 0, Warnings: 0
# QuestaSim Pro Microchip Edition-64 vlog 2024.3 Compiler 2024.09 Sep 10 2024
# Start time: 01:35:05 on Jan 26,2026
# vlog -reportprogress 300 -sv -work presynth C:/prj/FrameReader/hdl/DDR_Read_Native.v 
# -- Compiling module DDR_Read_Native
# 
# Top level modules:
# 	DDR_Read_Native
# End time: 01:35:05 on Jan 26,2026, Elapsed time: 0:00:00
# Errors: 0, Warnings: 0
# QuestaSim Pro Microchip Edition-64 vlog 2024.3 Compiler 2024.09 Sep 10 2024
# Start time: 01:35:05 on Jan 26,2026
# vlog -reportprogress 300 -sv -work presynth C:/prj/FrameReader/hdl/DDR_Read.v 
# -- Compiling module DDR_Read
# 
# Top level modules:
# 	DDR_Read
# End time: 01:35:05 on Jan 26,2026, Elapsed time: 0:00:00
# Errors: 0, Warnings: 0
# QuestaSim Pro Microchip Edition-64 vlog 2024.3 Compiler 2024.09 Sep 10 2024
# Start time: 01:35:05 on Jan 26,2026
# vlog -reportprogress 300 -sv -work presynth C:/prj/FrameReader/component/work/FrameRD/FrameRD.v 
# -- Compiling module FrameRD
# 
# Top level modules:
# 	FrameRD
# End time: 01:35:05 on Jan 26,2026, Elapsed time: 0:00:00
# Errors: 0, Warnings: 0
# QuestaSim Pro Microchip Edition-64 vlog 2024.3 Compiler 2024.09 Sep 10 2024
# Start time: 01:35:05 on Jan 26,2026
# vlog -reportprogress 300 "+incdir+C:/prj/FrameReader/component/Actel/Simulation/CLK_GEN/1.0.1" "+incdir+C:/prj/FrameReader/component/work/CLK_GEN_C0" "+incdir+C:/prj/FrameReader/component/work/DDR_CLK" "+incdir+C:/prj/FrameReader/component/Actel/Simulation/PULSE_GEN/1.0.1" "+incdir+C:/prj/FrameReader/component/work/PULSE_GEN_C0" "+incdir+C:/prj/FrameReader/component/Actel/Simulation/RESET_GEN/1.0.1" "+incdir+C:/prj/FrameReader/component/work/RESET_GEN_C0" "+incdir+C:/prj/FrameReader/component/work/FrameRD_TB" -sv -work presynth C:/prj/FrameReader/component/Actel/Simulation/CLK_GEN/1.0.1/CLK_GEN.v 
# -- Compiling module CLK_GEN
# 
# Top level modules:
# 	CLK_GEN
# End time: 01:35:05 on Jan 26,2026, Elapsed time: 0:00:00
# Errors: 0, Warnings: 0
# QuestaSim Pro Microchip Edition-64 vlog 2024.3 Compiler 2024.09 Sep 10 2024
# Start time: 01:35:05 on Jan 26,2026
# vlog -reportprogress 300 "+incdir+C:/prj/FrameReader/component/Actel/Simulation/CLK_GEN/1.0.1" "+incdir+C:/prj/FrameReader/component/work/CLK_GEN_C0" "+incdir+C:/prj/FrameReader/component/work/DDR_CLK" "+incdir+C:/prj/FrameReader/component/Actel/Simulation/PULSE_GEN/1.0.1" "+incdir+C:/prj/FrameReader/component/work/PULSE_GEN_C0" "+incdir+C:/prj/FrameReader/component/Actel/Simulation/RESET_GEN/1.0.1" "+incdir+C:/prj/FrameReader/component/work/RESET_GEN_C0" "+incdir+C:/prj/FrameReader/component/work/FrameRD_TB" -sv -work presynth C:/prj/FrameReader/component/work/CLK_GEN_C0/CLK_GEN_C0.v 
# -- Compiling module CLK_GEN_C0
# 
# Top level modules:
# 	CLK_GEN_C0
# End time: 01:35:05 on Jan 26,2026, Elapsed time: 0:00:00
# Errors: 0, Warnings: 0
# QuestaSim Pro Microchip Edition-64 vlog 2024.3 Compiler 2024.09 Sep 10 2024
# Start time: 01:35:05 on Jan 26,2026
# vlog -reportprogress 300 "+incdir+C:/prj/FrameReader/component/Actel/Simulation/CLK_GEN/1.0.1" "+incdir+C:/prj/FrameReader/component/work/CLK_GEN_C0" "+incdir+C:/prj/FrameReader/component/work/DDR_CLK" "+incdir+C:/prj/FrameReader/component/Actel/Simulation/PULSE_GEN/1.0.1" "+incdir+C:/prj/FrameReader/component/work/PULSE_GEN_C0" "+incdir+C:/prj/FrameReader/component/Actel/Simulation/RESET_GEN/1.0.1" "+incdir+C:/prj/FrameReader/component/work/RESET_GEN_C0" "+incdir+C:/prj/FrameReader/component/work/FrameRD_TB" -sv -work presynth C:/prj/FrameReader/component/work/DDR_CLK/DDR_CLK.v 
# -- Compiling module DDR_CLK
# 
# Top level modules:
# 	DDR_CLK
# End time: 01:35:06 on Jan 26,2026, Elapsed time: 0:00:01
# Errors: 0, Warnings: 0
# QuestaSim Pro Microchip Edition-64 vlog 2024.3 Compiler 2024.09 Sep 10 2024
# Start time: 01:35:06 on Jan 26,2026
# vlog -reportprogress 300 "+incdir+C:/prj/FrameReader/component/Actel/Simulation/CLK_GEN/1.0.1" "+incdir+C:/prj/FrameReader/component/work/CLK_GEN_C0" "+incdir+C:/prj/FrameReader/component/work/DDR_CLK" "+incdir+C:/prj/FrameReader/component/Actel/Simulation/PULSE_GEN/1.0.1" "+incdir+C:/prj/FrameReader/component/work/PULSE_GEN_C0" "+incdir+C:/prj/FrameReader/component/Actel/Simulation/RESET_GEN/1.0.1" "+incdir+C:/prj/FrameReader/component/work/RESET_GEN_C0" "+incdir+C:/prj/FrameReader/component/work/FrameRD_TB" -sv -work presynth C:/prj/FrameReader/component/Actel/Simulation/PULSE_GEN/1.0.1/PULSE_GEN.v 
# -- Compiling module PULSE_GEN
# 
# Top level modules:
# 	PULSE_GEN
# End time: 01:35:06 on Jan 26,2026, Elapsed time: 0:00:00
# Errors: 0, Warnings: 0
# QuestaSim Pro Microchip Edition-64 vlog 2024.3 Compiler 2024.09 Sep 10 2024
# Start time: 01:35:06 on Jan 26,2026
# vlog -reportprogress 300 "+incdir+C:/prj/FrameReader/component/Actel/Simulation/CLK_GEN/1.0.1" "+incdir+C:/prj/FrameReader/component/work/CLK_GEN_C0" "+incdir+C:/prj/FrameReader/component/work/DDR_CLK" "+incdir+C:/prj/FrameReader/component/Actel/Simulation/PULSE_GEN/1.0.1" "+incdir+C:/prj/FrameReader/component/work/PULSE_GEN_C0" "+incdir+C:/prj/FrameReader/component/Actel/Simulation/RESET_GEN/1.0.1" "+incdir+C:/prj/FrameReader/component/work/RESET_GEN_C0" "+incdir+C:/prj/FrameReader/component/work/FrameRD_TB" -sv -work presynth C:/prj/FrameReader/component/work/PULSE_GEN_C0/PULSE_GEN_C0.v 
# -- Compiling module PULSE_GEN_C0
# 
# Top level modules:
# 	PULSE_GEN_C0
# End time: 01:35:06 on Jan 26,2026, Elapsed time: 0:00:00
# Errors: 0, Warnings: 0
# QuestaSim Pro Microchip Edition-64 vlog 2024.3 Compiler 2024.09 Sep 10 2024
# Start time: 01:35:06 on Jan 26,2026
# vlog -reportprogress 300 "+incdir+C:/prj/FrameReader/component/Actel/Simulation/CLK_GEN/1.0.1" "+incdir+C:/prj/FrameReader/component/work/CLK_GEN_C0" "+incdir+C:/prj/FrameReader/component/work/DDR_CLK" "+incdir+C:/prj/FrameReader/component/Actel/Simulation/PULSE_GEN/1.0.1" "+incdir+C:/prj/FrameReader/component/work/PULSE_GEN_C0" "+incdir+C:/prj/FrameReader/component/Actel/Simulation/RESET_GEN/1.0.1" "+incdir+C:/prj/FrameReader/component/work/RESET_GEN_C0" "+incdir+C:/prj/FrameReader/component/work/FrameRD_TB" -sv -work presynth C:/prj/FrameReader/component/Actel/Simulation/RESET_GEN/1.0.1/RESET_GEN.v 
# -- Compiling module RESET_GEN
# 
# Top level modules:
# 	RESET_GEN
# End time: 01:35:06 on Jan 26,2026, Elapsed time: 0:00:00
# Errors: 0, Warnings: 0
# QuestaSim Pro Microchip Edition-64 vlog 2024.3 Compiler 2024.09 Sep 10 2024
# Start time: 01:35:06 on Jan 26,2026
# vlog -reportprogress 300 "+incdir+C:/prj/FrameReader/component/Actel/Simulation/CLK_GEN/1.0.1" "+incdir+C:/prj/FrameReader/component/work/CLK_GEN_C0" "+incdir+C:/prj/FrameReader/component/work/DDR_CLK" "+incdir+C:/prj/FrameReader/component/Actel/Simulation/PULSE_GEN/1.0.1" "+incdir+C:/prj/FrameReader/component/work/PULSE_GEN_C0" "+incdir+C:/prj/FrameReader/component/Actel/Simulation/RESET_GEN/1.0.1" "+incdir+C:/prj/FrameReader/component/work/RESET_GEN_C0" "+incdir+C:/prj/FrameReader/component/work/FrameRD_TB" -sv -work presynth C:/prj/FrameReader/component/work/RESET_GEN_C0/RESET_GEN_C0.v 
# -- Compiling module RESET_GEN_C0
# 
# Top level modules:
# 	RESET_GEN_C0
# End time: 01:35:06 on Jan 26,2026, Elapsed time: 0:00:00
# Errors: 0, Warnings: 0
# QuestaSim Pro Microchip Edition-64 vlog 2024.3 Compiler 2024.09 Sep 10 2024
# Start time: 01:35:06 on Jan 26,2026
# vlog -reportprogress 300 "+incdir+C:/prj/FrameReader/component/Actel/Simulation/CLK_GEN/1.0.1" "+incdir+C:/prj/FrameReader/component/work/CLK_GEN_C0" "+incdir+C:/prj/FrameReader/component/work/DDR_CLK" "+incdir+C:/prj/FrameReader/component/Actel/Simulation/PULSE_GEN/1.0.1" "+incdir+C:/prj/FrameReader/component/work/PULSE_GEN_C0" "+incdir+C:/prj/FrameReader/component/Actel/Simulation/RESET_GEN/1.0.1" "+incdir+C:/prj/FrameReader/component/work/RESET_GEN_C0" "+incdir+C:/prj/FrameReader/component/work/FrameRD_TB" -sv -work presynth C:/prj/FrameReader/component/work/FrameRD_TB/FrameRD_TB.v 
# -- Compiling module FrameRD_TB
# 
# Top level modules:
# 	FrameRD_TB
# End time: 01:35:06 on Jan 26,2026, Elapsed time: 0:00:00
# Errors: 0, Warnings: 0
# vsim -voptargs="+acc" -L PolarFire -L presynth -t 1ps -displaymsgmode both presynth.FrameRD_TB 
# Start time: 01:35:06 on Jan 26,2026
# ** Note: (vsim-3813) Design is being optimized due to module recompilation...
# ** Warning: (vopt-10908) Some optimizations are turned off because the +acc switch is in effect.
# ** Note: (vopt-143) Recognized 1 FSM in module "DDR_read_controller(fast)".
# ** Note: (vsim-12126) Error and warning message counts have been restored: Errors=0, Warnings=1.
# Loading sv_std.std
# Loading work.FrameRD_TB(fast)
# Loading work.DDR_CLK(fast)
# Loading work.CLK_GEN(fast)
# Loading work.FrameRD(fast)
# Loading PolarFire.AND2(fast)
# Loading PolarFire.CFG2(fast)
# Loading work.DDR_AXI4_ARBITER_PF_C0(fast)
# Loading work.DDR_AXI4_ARBITER_PF(fast)
# Loading work.AXI4_S_IF(fast)
# Loading work.AXI4_M_M_IF(fast)
# Loading work.DDR_AXI4_ARBITER_PF_Native(fast)
# Loading work.ddr_rw_arbiter(fast)
# Loading work.ddr_rw_arbiter_C0_ddr_rw_arbiter_C0_0_video_axi_fifo(fast)
# Loading work.ddr_rw_arbiter_C0_ddr_rw_arbiter_C0_0_ram_wrapper(fast)
# Loading work.ddr_rw_arbiter_C0_ddr_rw_arbiter_C0_0_LSRAM_top(fast)
# Loading work.ddr_rw_arbiter_C0_ddr_rw_arbiter_C0_0_corefifo_fwft(fast)
# Loading work.ddr_rw_arbiter_C0_ddr_rw_arbiter_C0_0_corefifo_sync_scntr(fast)
# Loading work.ddr_rw_arbiter_C0_ddr_rw_arbiter_C0_0_video_axi_fifo(fast__1)
# Loading work.ddr_rw_arbiter_C0_ddr_rw_arbiter_C0_0_ram_wrapper(fast__1)
# Loading work.ddr_rw_arbiter_C0_ddr_rw_arbiter_C0_0_LSRAM_top(fast__1)
# Loading work.ddr_rw_arbiter_C0_ddr_rw_arbiter_C0_0_corefifo_fwft(fast__1)
# Loading work.ddr_rw_arbiter_C0_ddr_rw_arbiter_C0_0_corefifo_sync_scntr(fast__1)
# Loading work.read_top(fast)
# Loading work.write_top(fast)
# Loading work.DDR_Read(fast)
# Loading work.Arbiter_Initiator_Rd_IF(fast)
# Loading work.DDR_Read_Native(fast)
# Loading work.DDR_read_controller(fast)
# Loading work.DDR_READ_ASYMM_FIFO_DDR_READ_ASYMM_FIFO_0_COREFIFO(fast)
# Loading work.DDR_READ_ASYMM_FIFO_DDR_READ_ASYMM_FIFO_0_ram_wrapper(fast)
# Loading work.DDR_READ_ASYMM_FIFO_DDR_READ_ASYMM_FIFO_0_LSRAM_top(fast)
# Loading PolarFire.RAM1K20(fast)
# Loading PolarFire.RAM1K20_IP(fast)
# Loading PolarFire.RAM_DLY(fast)
# Loading PolarFire.ECC_PIPELINE(fast)
# Loading PolarFire.SLE_Prim(fast)
# Loading PolarFire.ECC_PIPELINE(fast__1)
# Loading PolarFire.SLE_Prim(fast__1)
# Loading PolarFire.ECC_PIPELINE(fast__2)
# Loading PolarFire.CFG1(fast)
# Loading PolarFire.OR2(fast)
# Loading PolarFire.CFG2(fast__1)
# Loading PolarFire.GND(fast)
# Loading PolarFire.VCC(fast)
# Loading work.DDR_READ_ASYMM_FIFO_DDR_READ_ASYMM_FIFO_0_corefifo_async(fast)
# Loading work.DDR_READ_ASYMM_FIFO_DDR_READ_ASYMM_FIFO_0_corefifo_nstagessync(fast)
# Loading work.DDR_READ_ASYMM_FIFO_DDR_READ_ASYMM_FIFO_0_corefifo_nstagessync(fast__1)
# Loading work.DDR_READ_ASYMM_FIFO_DDR_READ_ASYMM_FIFO_0_corefifo_graytobinconv(fast)
# Loading work.DDR_READ_ASYMM_FIFO_DDR_READ_ASYMM_FIFO_0_corefifo_graytobinconv(fast__1)
# Loading PolarFire.DFN1(fast)
# Loading PolarFire.SLE(fast)
# Loading work.Display_Controller_C0(fast)
# Loading work.Display_Controller(fast)
# Loading work.PF_SRAM_AHBL_AXI_C0(fast)
# Loading work.PF_SRAM_AHBL_AXI_C0_COREAXI4SRAM_0_COREAXI4SRAM(fast)
# Loading work.PF_SRAM_AHBL_AXI_C0_COREAXI4SRAM_0_CoreAXI4SRAM_MAINCTRL(fast)
# Loading work.PF_SRAM_AHBL_AXI_C0_COREAXI4SRAM_0_CoreAXI4SRAM_SLVIF(fast)
# Loading work.PF_SRAM_AHBL_AXI_C0_PF_TPSRAM_AHB_AXI_0_PF_TPSRAM(fast)
# Loading PolarFire.OR4(fast)
# Loading PolarFire.CFG4(fast)
# Loading PolarFire.RAM1K20(fast__1)
# Loading PolarFire.RAM1K20_IP(fast__1)
# Loading PolarFire.RAM1K20(fast__2)
# Loading PolarFire.RAM1K20_IP(fast__2)
# Loading PolarFire.RAM1K20(fast__3)
# Loading PolarFire.RAM1K20_IP(fast__3)
# Loading PolarFire.RAM1K20(fast__4)
# Loading PolarFire.RAM1K20_IP(fast__4)
# Loading PolarFire.RAM1K20(fast__5)
# Loading PolarFire.RAM1K20_IP(fast__5)
# Loading PolarFire.RAM1K20(fast__6)
# Loading PolarFire.RAM1K20_IP(fast__6)
# Loading PolarFire.RAM1K20(fast__7)
# Loading PolarFire.RAM1K20_IP(fast__7)
# Loading PolarFire.RAM1K20(fast__8)
# Loading PolarFire.RAM1K20_IP(fast__8)
# Loading work.CLK_GEN_C0(fast)
# Loading work.CLK_GEN(fast__1)
# Loading work.PULSE_GEN_C0(fast)
# Loading work.PULSE_GEN(fast)
# Loading work.RESET_GEN_C0(fast)
# Loading work.RESET_GEN(fast)
# Loading std.standard
# Loading std.textio(body)
# Loading ieee.std_logic_1164(body)
# Loading ieee.numeric_std(body)
# Loading ieee.std_logic_arith(body)
# Loading ieee.std_logic_unsigned(body)
# Loading work.read_demux(read_demux)#1
# Loading work.read_mux(read_mux)#1
# Loading work.request_scheduler(request_scheduler)#1
# Loading work.write_demux(write_demux)#1
# Loading work.write_mux(write_mux)#1
# WARNING at 1041250: Memory starts being read slower than framerate
# WARNING at 1043750: Memory starts being read slower than framerate
# WARNING at 1046250: Memory starts being read slower than framerate
write format wave -window .main_pane.wave.interior.cs.body.pw.wf C:/prj/FrameReader/simulation/wave.do
# Break key hit
# Simulation stop requested.
quit -sim
# End time: 01:59:22 on Jan 26,2026, Elapsed time: 0:24:16
# Errors: 0, Warnings: 1
do run.do
# INFO: Simulation library presynth already exists
# QuestaSim Pro Microchip Edition-64 vmap 2024.3 Lib Mapping Utility 2024.09 Sep 10 2024
# vmap presynth presynth 
# Modifying modelsim.ini
# QuestaSim Pro Microchip Edition-64 vmap 2024.3 Lib Mapping Utility 2024.09 Sep 10 2024
# vmap PolarFire C:/Microchip/Libero_SoC_2025.1/Libero_SoC/Designer/lib/questasim/precompiled/vlog/polarfire 
# Modifying modelsim.ini
# QuestaSim Pro Microchip Edition-64 vlog 2024.3 Compiler 2024.09 Sep 10 2024
# Start time: 01:59:27 on Jan 26,2026
# vlog -reportprogress 300 -sv -work presynth C:/prj/FrameReader/component/Microchip/SolutionCore/DDR_AXI4_ARBITER_PF/2.2.0/RTL/AXI4_M_M_IF.v 
# -- Compiling module AXI4_M_M_IF
# 
# Top level modules:
# 	AXI4_M_M_IF
# End time: 01:59:27 on Jan 26,2026, Elapsed time: 0:00:00
# Errors: 0, Warnings: 0
# QuestaSim Pro Microchip Edition-64 vlog 2024.3 Compiler 2024.09 Sep 10 2024
# Start time: 01:59:27 on Jan 26,2026
# vlog -reportprogress 300 -sv -work presynth C:/prj/FrameReader/component/Microchip/SolutionCore/DDR_AXI4_ARBITER_PF/2.2.0/RTL/AXI4_S_IF.v 
# -- Compiling module AXI4_S_IF
# 
# Top level modules:
# 	AXI4_S_IF
# End time: 01:59:27 on Jan 26,2026, Elapsed time: 0:00:00
# Errors: 0, Warnings: 0
# QuestaSim Pro Microchip Edition-64 vlog 2024.3 Compiler 2024.09 Sep 10 2024
# Start time: 01:59:27 on Jan 26,2026
# vlog -reportprogress 300 -sv -work presynth C:/prj/FrameReader/component/Microchip/SolutionCore/DDR_AXI4_ARBITER_PF/2.2.0/RTL/axi_lbus_corefifo_NstagesSync.v 
# -- Compiling module ddr_rw_arbiter_C0_ddr_rw_arbiter_C0_0_corefifo_NstagesSync
# 
# Top level modules:
# 	ddr_rw_arbiter_C0_ddr_rw_arbiter_C0_0_corefifo_NstagesSync
# End time: 01:59:27 on Jan 26,2026, Elapsed time: 0:00:00
# Errors: 0, Warnings: 0
# QuestaSim Pro Microchip Edition-64 vlog 2024.3 Compiler 2024.09 Sep 10 2024
# Start time: 01:59:27 on Jan 26,2026
# vlog -reportprogress 300 -sv -work presynth C:/prj/FrameReader/component/Microchip/SolutionCore/DDR_AXI4_ARBITER_PF/2.2.0/RTL/axi_lbus_corefifo_grayToBinConv.v 
# -- Compiling module ddr_rw_arbiter_C0_ddr_rw_arbiter_C0_0_corefifo_grayToBinConv
# 
# Top level modules:
# 	ddr_rw_arbiter_C0_ddr_rw_arbiter_C0_0_corefifo_grayToBinConv
# End time: 01:59:27 on Jan 26,2026, Elapsed time: 0:00:00
# Errors: 0, Warnings: 0
# QuestaSim Pro Microchip Edition-64 vlog 2024.3 Compiler 2024.09 Sep 10 2024
# Start time: 01:59:27 on Jan 26,2026
# vlog -reportprogress 300 -sv -work presynth C:/prj/FrameReader/component/Microchip/SolutionCore/DDR_AXI4_ARBITER_PF/2.2.0/RTL/axi_lbus_corefifo_async.v 
# -- Compiling module ddr_rw_arbiter_C0_ddr_rw_arbiter_C0_0_corefifo_async
# 
# Top level modules:
# 	ddr_rw_arbiter_C0_ddr_rw_arbiter_C0_0_corefifo_async
# End time: 01:59:27 on Jan 26,2026, Elapsed time: 0:00:00
# Errors: 0, Warnings: 0
# QuestaSim Pro Microchip Edition-64 vlog 2024.3 Compiler 2024.09 Sep 10 2024
# Start time: 01:59:27 on Jan 26,2026
# vlog -reportprogress 300 -sv -work presynth C:/prj/FrameReader/component/Microchip/SolutionCore/DDR_AXI4_ARBITER_PF/2.2.0/RTL/axi_lbus_corefifo_resetSync.v 
# -- Compiling module ddr_rw_arbiter_C0_ddr_rw_arbiter_C0_0_corefifo_resetSync
# 
# Top level modules:
# 	ddr_rw_arbiter_C0_ddr_rw_arbiter_C0_0_corefifo_resetSync
# End time: 01:59:27 on Jan 26,2026, Elapsed time: 0:00:00
# Errors: 0, Warnings: 0
# QuestaSim Pro Microchip Edition-64 vlog 2024.3 Compiler 2024.09 Sep 10 2024
# Start time: 01:59:28 on Jan 26,2026
# vlog -reportprogress 300 -sv -work presynth C:/prj/FrameReader/component/Microchip/SolutionCore/DDR_AXI4_ARBITER_PF/2.2.0/RTL/axi_lbus_corefifo_sync.v 
# -- Compiling module ddr_rw_arbiter_C0_ddr_rw_arbiter_C0_0_corefifo_sync
# 
# Top level modules:
# 	ddr_rw_arbiter_C0_ddr_rw_arbiter_C0_0_corefifo_sync
# End time: 01:59:28 on Jan 26,2026, Elapsed time: 0:00:00
# Errors: 0, Warnings: 0
# QuestaSim Pro Microchip Edition-64 vlog 2024.3 Compiler 2024.09 Sep 10 2024
# Start time: 01:59:28 on Jan 26,2026
# vlog -reportprogress 300 -sv -work presynth C:/prj/FrameReader/component/Microchip/SolutionCore/DDR_AXI4_ARBITER_PF/2.2.0/RTL/axi_lbus_corefifo_fwft.v 
# -- Compiling module ddr_rw_arbiter_C0_ddr_rw_arbiter_C0_0_corefifo_fwft
# 
# Top level modules:
# 	ddr_rw_arbiter_C0_ddr_rw_arbiter_C0_0_corefifo_fwft
# End time: 01:59:28 on Jan 26,2026, Elapsed time: 0:00:00
# Errors: 0, Warnings: 0
# QuestaSim Pro Microchip Edition-64 vlog 2024.3 Compiler 2024.09 Sep 10 2024
# Start time: 01:59:28 on Jan 26,2026
# vlog -reportprogress 300 -sv -work presynth C:/prj/FrameReader/component/Microchip/SolutionCore/DDR_AXI4_ARBITER_PF/2.2.0/RTL/axi_lbus_corefifo_sync_scntr.v 
# -- Compiling module ddr_rw_arbiter_C0_ddr_rw_arbiter_C0_0_corefifo_sync_scntr
# 
# Top level modules:
# 	ddr_rw_arbiter_C0_ddr_rw_arbiter_C0_0_corefifo_sync_scntr
# End time: 01:59:28 on Jan 26,2026, Elapsed time: 0:00:00
# Errors: 0, Warnings: 0
# QuestaSim Pro Microchip Edition-64 vlog 2024.3 Compiler 2024.09 Sep 10 2024
# Start time: 01:59:28 on Jan 26,2026
# vlog -reportprogress 300 -sv -work presynth C:/prj/FrameReader/component/Microchip/SolutionCore/DDR_AXI4_ARBITER_PF/2.2.0/RTL/axi_lbus_LSRAM_top.v 
# -- Compiling module ddr_rw_arbiter_C0_ddr_rw_arbiter_C0_0_LSRAM_top
# 
# Top level modules:
# 	ddr_rw_arbiter_C0_ddr_rw_arbiter_C0_0_LSRAM_top
# End time: 01:59:28 on Jan 26,2026, Elapsed time: 0:00:00
# Errors: 0, Warnings: 0
# QuestaSim Pro Microchip Edition-64 vlog 2024.3 Compiler 2024.09 Sep 10 2024
# Start time: 01:59:28 on Jan 26,2026
# vlog -reportprogress 300 -sv -work presynth C:/prj/FrameReader/component/Microchip/SolutionCore/DDR_AXI4_ARBITER_PF/2.2.0/RTL/axi_lbus_ram_wrapper.v 
# -- Compiling module ddr_rw_arbiter_C0_ddr_rw_arbiter_C0_0_ram_wrapper
# 
# Top level modules:
# 	ddr_rw_arbiter_C0_ddr_rw_arbiter_C0_0_ram_wrapper
# End time: 01:59:28 on Jan 26,2026, Elapsed time: 0:00:00
# Errors: 0, Warnings: 0
# QuestaSim Pro Microchip Edition-64 vlog 2024.3 Compiler 2024.09 Sep 10 2024
# Start time: 01:59:28 on Jan 26,2026
# vlog -reportprogress 300 -sv -work presynth C:/prj/FrameReader/component/Microchip/SolutionCore/DDR_AXI4_ARBITER_PF/2.2.0/RTL/video_axi_fifo.v 
# -- Compiling module ddr_rw_arbiter_C0_ddr_rw_arbiter_C0_0_video_axi_fifo
# 
# Top level modules:
# 	ddr_rw_arbiter_C0_ddr_rw_arbiter_C0_0_video_axi_fifo
# End time: 01:59:28 on Jan 26,2026, Elapsed time: 0:00:00
# Errors: 0, Warnings: 0
# QuestaSim Pro Microchip Edition-64 vlog 2024.3 Compiler 2024.09 Sep 10 2024
# Start time: 01:59:28 on Jan 26,2026
# vlog -reportprogress 300 -sv -work presynth C:/prj/FrameReader/component/Microchip/SolutionCore/DDR_AXI4_ARBITER_PF/2.2.0/RTL/ddr_rw_arbiter.v 
# -- Compiling module ddr_rw_arbiter
# 
# Top level modules:
# 	ddr_rw_arbiter
# End time: 01:59:28 on Jan 26,2026, Elapsed time: 0:00:00
# Errors: 0, Warnings: 0
# QuestaSim Pro Microchip Edition-64 vcom 2024.3 Compiler 2024.09 Sep 10 2024
# Start time: 01:59:28 on Jan 26,2026
# vcom -reportprogress 300 -2008 -explicit -work presynth C:/prj/FrameReader/component/Microchip/SolutionCore/DDR_AXI4_ARBITER_PF/2.2.0/RTL/write_mux.vhd 
# -- Loading package STANDARD
# -- Loading package TEXTIO
# -- Loading package std_logic_1164
# -- Loading package NUMERIC_STD
# -- Loading package std_logic_arith
# -- Loading package STD_LOGIC_UNSIGNED
# -- Compiling entity write_mux
# -- Compiling architecture write_mux of write_mux
# End time: 01:59:29 on Jan 26,2026, Elapsed time: 0:00:01
# Errors: 0, Warnings: 0
# QuestaSim Pro Microchip Edition-64 vcom 2024.3 Compiler 2024.09 Sep 10 2024
# Start time: 01:59:29 on Jan 26,2026
# vcom -reportprogress 300 -2008 -explicit -work presynth C:/prj/FrameReader/component/Microchip/SolutionCore/DDR_AXI4_ARBITER_PF/2.2.0/RTL/request_scheduler.vhd 
# -- Loading package STANDARD
# -- Loading package TEXTIO
# -- Loading package std_logic_1164
# -- Loading package NUMERIC_STD
# -- Loading package std_logic_arith
# -- Loading package STD_LOGIC_UNSIGNED
# -- Compiling entity request_scheduler
# -- Compiling architecture request_scheduler of request_scheduler
# End time: 01:59:29 on Jan 26,2026, Elapsed time: 0:00:00
# Errors: 0, Warnings: 0
# QuestaSim Pro Microchip Edition-64 vcom 2024.3 Compiler 2024.09 Sep 10 2024
# Start time: 01:59:29 on Jan 26,2026
# vcom -reportprogress 300 -2008 -explicit -work presynth C:/prj/FrameReader/component/Microchip/SolutionCore/DDR_AXI4_ARBITER_PF/2.2.0/RTL/write_demux.vhd 
# -- Loading package STANDARD
# -- Loading package TEXTIO
# -- Loading package std_logic_1164
# -- Loading package NUMERIC_STD
# -- Loading package std_logic_arith
# -- Loading package STD_LOGIC_UNSIGNED
# -- Compiling entity write_demux
# -- Compiling architecture write_demux of write_demux
# End time: 01:59:29 on Jan 26,2026, Elapsed time: 0:00:00
# Errors: 0, Warnings: 0
# QuestaSim Pro Microchip Edition-64 vlog 2024.3 Compiler 2024.09 Sep 10 2024
# Start time: 01:59:29 on Jan 26,2026
# vlog -reportprogress 300 -sv -work presynth C:/prj/FrameReader/component/Microchip/SolutionCore/DDR_AXI4_ARBITER_PF/2.2.0/RTL/write_top.v 
# -- Compiling module write_top
# 
# Top level modules:
# 	write_top
# End time: 01:59:29 on Jan 26,2026, Elapsed time: 0:00:00
# Errors: 0, Warnings: 0
# QuestaSim Pro Microchip Edition-64 vcom 2024.3 Compiler 2024.09 Sep 10 2024
# Start time: 01:59:29 on Jan 26,2026
# vcom -reportprogress 300 -2008 -explicit -work presynth C:/prj/FrameReader/component/Microchip/SolutionCore/DDR_AXI4_ARBITER_PF/2.2.0/RTL/read_demux.vhd 
# -- Loading package STANDARD
# -- Loading package TEXTIO
# -- Loading package std_logic_1164
# -- Loading package NUMERIC_STD
# -- Loading package std_logic_arith
# -- Loading package STD_LOGIC_UNSIGNED
# -- Compiling entity read_demux
# -- Compiling architecture read_demux of read_demux
# End time: 01:59:29 on Jan 26,2026, Elapsed time: 0:00:00
# Errors: 0, Warnings: 0
# QuestaSim Pro Microchip Edition-64 vcom 2024.3 Compiler 2024.09 Sep 10 2024
# Start time: 01:59:29 on Jan 26,2026
# vcom -reportprogress 300 -2008 -explicit -work presynth C:/prj/FrameReader/component/Microchip/SolutionCore/DDR_AXI4_ARBITER_PF/2.2.0/RTL/read_mux.vhd 
# -- Loading package STANDARD
# -- Loading package TEXTIO
# -- Loading package std_logic_1164
# -- Compiling entity read_mux
# -- Compiling architecture read_mux of read_mux
# End time: 01:59:29 on Jan 26,2026, Elapsed time: 0:00:00
# Errors: 0, Warnings: 0
# QuestaSim Pro Microchip Edition-64 vlog 2024.3 Compiler 2024.09 Sep 10 2024
# Start time: 01:59:29 on Jan 26,2026
# vlog -reportprogress 300 -sv -work presynth C:/prj/FrameReader/component/Microchip/SolutionCore/DDR_AXI4_ARBITER_PF/2.2.0/RTL/read_top.v 
# -- Compiling module read_top
# 
# Top level modules:
# 	read_top
# End time: 01:59:29 on Jan 26,2026, Elapsed time: 0:00:00
# Errors: 0, Warnings: 0
# QuestaSim Pro Microchip Edition-64 vlog 2024.3 Compiler 2024.09 Sep 10 2024
# Start time: 01:59:29 on Jan 26,2026
# vlog -reportprogress 300 -sv -work presynth C:/prj/FrameReader/component/Microchip/SolutionCore/DDR_AXI4_ARBITER_PF/2.2.0/RTL/DDR_AXI4_ARBITER_PF_Native.v 
# -- Compiling module DDR_AXI4_ARBITER_PF_Native
# 
# Top level modules:
# 	DDR_AXI4_ARBITER_PF_Native
# End time: 01:59:29 on Jan 26,2026, Elapsed time: 0:00:00
# Errors: 0, Warnings: 0
# QuestaSim Pro Microchip Edition-64 vlog 2024.3 Compiler 2024.09 Sep 10 2024
# Start time: 01:59:30 on Jan 26,2026
# vlog -reportprogress 300 -sv -work presynth C:/prj/FrameReader/component/Microchip/SolutionCore/DDR_AXI4_ARBITER_PF/2.2.0/RTL/DDR_AXI4_ARBITER_PF.v 
# -- Compiling module DDR_AXI4_ARBITER_PF
# 
# Top level modules:
# 	DDR_AXI4_ARBITER_PF
# End time: 01:59:30 on Jan 26,2026, Elapsed time: 0:00:00
# Errors: 0, Warnings: 0
# QuestaSim Pro Microchip Edition-64 vlog 2024.3 Compiler 2024.09 Sep 10 2024
# Start time: 01:59:30 on Jan 26,2026
# vlog -reportprogress 300 -sv -work presynth C:/prj/FrameReader/component/work/DDR_AXI4_ARBITER_PF_C0/DDR_AXI4_ARBITER_PF_C0.v 
# -- Compiling module DDR_AXI4_ARBITER_PF_C0
# 
# Top level modules:
# 	DDR_AXI4_ARBITER_PF_C0
# End time: 01:59:30 on Jan 26,2026, Elapsed time: 0:00:00
# Errors: 0, Warnings: 0
# QuestaSim Pro Microchip Edition-64 vlog 2024.3 Compiler 2024.09 Sep 10 2024
# Start time: 01:59:30 on Jan 26,2026
# vlog -reportprogress 300 -sv -work presynth C:/prj/FrameReader/component/Microchip/SolutionCore/Display_Controller/5.0.0/Encrypted/display_controller.v 
# -- Compiling module Display_Controller
# ** Warning: C:/prj/FrameReader/component/Microchip/SolutionCore/Display_Controller/5.0.0/Encrypted/display_controller.v(216): (vlog-14157) Protect keyword "data_keyowner" is not supported and will have no effect.
# ** Warning: C:/prj/FrameReader/component/Microchip/SolutionCore/Display_Controller/5.0.0/Encrypted/display_controller.v(216): (vlog-14157) Protect keyword "data_keyname" is not supported and will have no effect.
# 
# Top level modules:
# 	Display_Controller
# End time: 01:59:30 on Jan 26,2026, Elapsed time: 0:00:00
# Errors: 0, Warnings: 2
# QuestaSim Pro Microchip Edition-64 vlog 2024.3 Compiler 2024.09 Sep 10 2024
# Start time: 01:59:30 on Jan 26,2026
# vlog -reportprogress 300 -sv -work presynth C:/prj/FrameReader/component/work/Display_Controller_C0/Display_Controller_C0.v 
# -- Compiling module Display_Controller_C0
# 
# Top level modules:
# 	Display_Controller_C0
# End time: 01:59:30 on Jan 26,2026, Elapsed time: 0:00:00
# Errors: 0, Warnings: 0
# QuestaSim Pro Microchip Edition-64 vlog 2024.3 Compiler 2024.09 Sep 10 2024
# Start time: 01:59:30 on Jan 26,2026
# vlog -reportprogress 300 -sv -work presynth C:/prj/FrameReader/component/work/PF_SRAM_AHBL_AXI_C0/PF_TPSRAM_AHB_AXI_0/PF_SRAM_AHBL_AXI_C0_PF_TPSRAM_AHB_AXI_0_PF_TPSRAM.v 
# -- Compiling module PF_SRAM_AHBL_AXI_C0_PF_TPSRAM_AHB_AXI_0_PF_TPSRAM
# 
# Top level modules:
# 	PF_SRAM_AHBL_AXI_C0_PF_TPSRAM_AHB_AXI_0_PF_TPSRAM
# End time: 01:59:30 on Jan 26,2026, Elapsed time: 0:00:00
# Errors: 0, Warnings: 0
# QuestaSim Pro Microchip Edition-64 vlog 2024.3 Compiler 2024.09 Sep 10 2024
# Start time: 01:59:30 on Jan 26,2026
# vlog -reportprogress 300 -sv -work presynth C:/prj/FrameReader/component/work/PF_SRAM_AHBL_AXI_C0/COREAXI4SRAM_0/rtl/vlog/core/CoreAXI4SRAM_MAINCTRL_ECC.v 
# -- Compiling module PF_SRAM_AHBL_AXI_C0_COREAXI4SRAM_0_CoreAXI4SRAM_MAINCTRL_ECC
# 
# Top level modules:
# 	PF_SRAM_AHBL_AXI_C0_COREAXI4SRAM_0_CoreAXI4SRAM_MAINCTRL_ECC
# End time: 01:59:30 on Jan 26,2026, Elapsed time: 0:00:00
# Errors: 0, Warnings: 0
# QuestaSim Pro Microchip Edition-64 vlog 2024.3 Compiler 2024.09 Sep 10 2024
# Start time: 01:59:30 on Jan 26,2026
# vlog -reportprogress 300 -sv -work presynth C:/prj/FrameReader/component/work/PF_SRAM_AHBL_AXI_C0/COREAXI4SRAM_0/rtl/vlog/core/CoreAXI4SRAM_MAINCTRL.v 
# -- Compiling module PF_SRAM_AHBL_AXI_C0_COREAXI4SRAM_0_CoreAXI4SRAM_MAINCTRL
# 
# Top level modules:
# 	PF_SRAM_AHBL_AXI_C0_COREAXI4SRAM_0_CoreAXI4SRAM_MAINCTRL
# End time: 01:59:30 on Jan 26,2026, Elapsed time: 0:00:00
# Errors: 0, Warnings: 0
# QuestaSim Pro Microchip Edition-64 vlog 2024.3 Compiler 2024.09 Sep 10 2024
# Start time: 01:59:31 on Jan 26,2026
# vlog -reportprogress 300 -sv -work presynth C:/prj/FrameReader/component/work/PF_SRAM_AHBL_AXI_C0/COREAXI4SRAM_0/rtl/vlog/core/CoreAXI4SRAM_SLVIF.v 
# -- Compiling module PF_SRAM_AHBL_AXI_C0_COREAXI4SRAM_0_CoreAXI4SRAM_SLVIF
# 
# Top level modules:
# 	PF_SRAM_AHBL_AXI_C0_COREAXI4SRAM_0_CoreAXI4SRAM_SLVIF
# End time: 01:59:31 on Jan 26,2026, Elapsed time: 0:00:00
# Errors: 0, Warnings: 0
# QuestaSim Pro Microchip Edition-64 vlog 2024.3 Compiler 2024.09 Sep 10 2024
# Start time: 01:59:31 on Jan 26,2026
# vlog -reportprogress 300 -sv -work presynth C:/prj/FrameReader/component/work/PF_SRAM_AHBL_AXI_C0/COREAXI4SRAM_0/rtl/vlog/core/CoreAXI4SRAM.v 
# -- Compiling module PF_SRAM_AHBL_AXI_C0_COREAXI4SRAM_0_COREAXI4SRAM
# 
# Top level modules:
# 	PF_SRAM_AHBL_AXI_C0_COREAXI4SRAM_0_COREAXI4SRAM
# End time: 01:59:31 on Jan 26,2026, Elapsed time: 0:00:00
# Errors: 0, Warnings: 0
# QuestaSim Pro Microchip Edition-64 vlog 2024.3 Compiler 2024.09 Sep 10 2024
# Start time: 01:59:31 on Jan 26,2026
# vlog -reportprogress 300 -sv -work presynth C:/prj/FrameReader/component/work/PF_SRAM_AHBL_AXI_C0/PF_SRAM_AHBL_AXI_C0.v 
# -- Compiling module PF_SRAM_AHBL_AXI_C0
# 
# Top level modules:
# 	PF_SRAM_AHBL_AXI_C0
# End time: 01:59:31 on Jan 26,2026, Elapsed time: 0:00:00
# Errors: 0, Warnings: 0
# QuestaSim Pro Microchip Edition-64 vlog 2024.3 Compiler 2024.09 Sep 10 2024
# Start time: 01:59:31 on Jan 26,2026
# vlog -reportprogress 300 -sv -work presynth C:/prj/FrameReader/hdl/Arbiter_Initiator_Rd_IF.v 
# -- Compiling module Arbiter_Initiator_Rd_IF
# 
# Top level modules:
# 	Arbiter_Initiator_Rd_IF
# End time: 01:59:31 on Jan 26,2026, Elapsed time: 0:00:00
# Errors: 0, Warnings: 0
# QuestaSim Pro Microchip Edition-64 vlog 2024.3 Compiler 2024.09 Sep 10 2024
# Start time: 01:59:31 on Jan 26,2026
# vlog -reportprogress 300 -sv -work presynth C:/prj/FrameReader/hdl/corefifo_fwft.v 
# -- Compiling module DDR_READ_ASYMM_FIFO_DDR_READ_ASYMM_FIFO_0_corefifo_fwft
# 
# Top level modules:
# 	DDR_READ_ASYMM_FIFO_DDR_READ_ASYMM_FIFO_0_corefifo_fwft
# End time: 01:59:31 on Jan 26,2026, Elapsed time: 0:00:00
# Errors: 0, Warnings: 0
# QuestaSim Pro Microchip Edition-64 vlog 2024.3 Compiler 2024.09 Sep 10 2024
# Start time: 01:59:31 on Jan 26,2026
# vlog -reportprogress 300 -sv -work presynth C:/prj/FrameReader/hdl/corefifo_sync_scntr.v 
# -- Compiling module DDR_READ_ASYMM_FIFO_DDR_READ_ASYMM_FIFO_0_corefifo_sync_scntr
# 
# Top level modules:
# 	DDR_READ_ASYMM_FIFO_DDR_READ_ASYMM_FIFO_0_corefifo_sync_scntr
# End time: 01:59:31 on Jan 26,2026, Elapsed time: 0:00:00
# Errors: 0, Warnings: 0
# QuestaSim Pro Microchip Edition-64 vlog 2024.3 Compiler 2024.09 Sep 10 2024
# Start time: 01:59:31 on Jan 26,2026
# vlog -reportprogress 300 -sv -work presynth C:/prj/FrameReader/hdl/corefifo_sync.v 
# -- Compiling module DDR_READ_ASYMM_FIFO_DDR_READ_ASYMM_FIFO_0_corefifo_sync
# 
# Top level modules:
# 	DDR_READ_ASYMM_FIFO_DDR_READ_ASYMM_FIFO_0_corefifo_sync
# End time: 01:59:31 on Jan 26,2026, Elapsed time: 0:00:00
# Errors: 0, Warnings: 0
# QuestaSim Pro Microchip Edition-64 vlog 2024.3 Compiler 2024.09 Sep 10 2024
# Start time: 01:59:31 on Jan 26,2026
# vlog -reportprogress 300 -sv -work presynth C:/prj/FrameReader/hdl/corefifo_graytobinconv.v 
# -- Compiling module DDR_READ_ASYMM_FIFO_DDR_READ_ASYMM_FIFO_0_corefifo_graytobinconv
# 
# Top level modules:
# 	DDR_READ_ASYMM_FIFO_DDR_READ_ASYMM_FIFO_0_corefifo_graytobinconv
# End time: 01:59:32 on Jan 26,2026, Elapsed time: 0:00:01
# Errors: 0, Warnings: 0
# QuestaSim Pro Microchip Edition-64 vlog 2024.3 Compiler 2024.09 Sep 10 2024
# Start time: 01:59:32 on Jan 26,2026
# vlog -reportprogress 300 -sv -work presynth C:/prj/FrameReader/hdl/corefifo_nstagessync.v 
# -- Compiling module DDR_READ_ASYMM_FIFO_DDR_READ_ASYMM_FIFO_0_corefifo_nstagessync
# 
# Top level modules:
# 	DDR_READ_ASYMM_FIFO_DDR_READ_ASYMM_FIFO_0_corefifo_nstagessync
# End time: 01:59:32 on Jan 26,2026, Elapsed time: 0:00:00
# Errors: 0, Warnings: 0
# QuestaSim Pro Microchip Edition-64 vlog 2024.3 Compiler 2024.09 Sep 10 2024
# Start time: 01:59:32 on Jan 26,2026
# vlog -reportprogress 300 -sv -work presynth C:/prj/FrameReader/hdl/corefifo_async.v 
# -- Compiling module DDR_READ_ASYMM_FIFO_DDR_READ_ASYMM_FIFO_0_corefifo_async
# 
# Top level modules:
# 	DDR_READ_ASYMM_FIFO_DDR_READ_ASYMM_FIFO_0_corefifo_async
# End time: 01:59:32 on Jan 26,2026, Elapsed time: 0:00:00
# Errors: 0, Warnings: 0
# QuestaSim Pro Microchip Edition-64 vlog 2024.3 Compiler 2024.09 Sep 10 2024
# Start time: 01:59:32 on Jan 26,2026
# vlog -reportprogress 300 -sv -work presynth C:/prj/FrameReader/hdl/DDR_READ_ASYMM_FIFO_DDR_READ_ASYMM_FIFO_0_LSRAM_top.v 
# -- Compiling module DDR_READ_ASYMM_FIFO_DDR_READ_ASYMM_FIFO_0_LSRAM_top
# 
# Top level modules:
# 	DDR_READ_ASYMM_FIFO_DDR_READ_ASYMM_FIFO_0_LSRAM_top
# End time: 01:59:32 on Jan 26,2026, Elapsed time: 0:00:00
# Errors: 0, Warnings: 0
# QuestaSim Pro Microchip Edition-64 vlog 2024.3 Compiler 2024.09 Sep 10 2024
# Start time: 01:59:32 on Jan 26,2026
# vlog -reportprogress 300 -sv -work presynth C:/prj/FrameReader/hdl/DDR_READ_ASYMM_FIFO_DDR_READ_ASYMM_FIFO_0_ram_wrapper.v 
# -- Compiling module DDR_READ_ASYMM_FIFO_DDR_READ_ASYMM_FIFO_0_ram_wrapper
# 
# Top level modules:
# 	DDR_READ_ASYMM_FIFO_DDR_READ_ASYMM_FIFO_0_ram_wrapper
# End time: 01:59:32 on Jan 26,2026, Elapsed time: 0:00:00
# Errors: 0, Warnings: 0
# QuestaSim Pro Microchip Edition-64 vlog 2024.3 Compiler 2024.09 Sep 10 2024
# Start time: 01:59:32 on Jan 26,2026
# vlog -reportprogress 300 -sv -work presynth C:/prj/FrameReader/hdl/COREFIFO.v 
# -- Compiling module DDR_READ_ASYMM_FIFO_DDR_READ_ASYMM_FIFO_0_COREFIFO
# 
# Top level modules:
# 	DDR_READ_ASYMM_FIFO_DDR_READ_ASYMM_FIFO_0_COREFIFO
# End time: 01:59:32 on Jan 26,2026, Elapsed time: 0:00:00
# Errors: 0, Warnings: 0
# QuestaSim Pro Microchip Edition-64 vlog 2024.3 Compiler 2024.09 Sep 10 2024
# Start time: 01:59:32 on Jan 26,2026
# vlog -reportprogress 300 -sv -work presynth C:/prj/FrameReader/hdl/DDR_read_controller.v 
# -- Compiling module DDR_read_controller
# 
# Top level modules:
# 	DDR_read_controller
# End time: 01:59:32 on Jan 26,2026, Elapsed time: 0:00:00
# Errors: 0, Warnings: 0
# QuestaSim Pro Microchip Edition-64 vlog 2024.3 Compiler 2024.09 Sep 10 2024
# Start time: 01:59:32 on Jan 26,2026
# vlog -reportprogress 300 -sv -work presynth C:/prj/FrameReader/hdl/DDR_Read_Native.v 
# -- Compiling module DDR_Read_Native
# 
# Top level modules:
# 	DDR_Read_Native
# End time: 01:59:33 on Jan 26,2026, Elapsed time: 0:00:01
# Errors: 0, Warnings: 0
# QuestaSim Pro Microchip Edition-64 vlog 2024.3 Compiler 2024.09 Sep 10 2024
# Start time: 01:59:33 on Jan 26,2026
# vlog -reportprogress 300 -sv -work presynth C:/prj/FrameReader/hdl/DDR_Read.v 
# -- Compiling module DDR_Read
# 
# Top level modules:
# 	DDR_Read
# End time: 01:59:33 on Jan 26,2026, Elapsed time: 0:00:00
# Errors: 0, Warnings: 0
# QuestaSim Pro Microchip Edition-64 vlog 2024.3 Compiler 2024.09 Sep 10 2024
# Start time: 01:59:33 on Jan 26,2026
# vlog -reportprogress 300 -sv -work presynth C:/prj/FrameReader/component/work/FrameRD/FrameRD.v 
# -- Compiling module FrameRD
# 
# Top level modules:
# 	FrameRD
# End time: 01:59:33 on Jan 26,2026, Elapsed time: 0:00:00
# Errors: 0, Warnings: 0
# QuestaSim Pro Microchip Edition-64 vlog 2024.3 Compiler 2024.09 Sep 10 2024
# Start time: 01:59:33 on Jan 26,2026
# vlog -reportprogress 300 "+incdir+C:/prj/FrameReader/component/Actel/Simulation/CLK_GEN/1.0.1" "+incdir+C:/prj/FrameReader/component/work/CLK_GEN_C0" "+incdir+C:/prj/FrameReader/component/work/DDR_CLK" "+incdir+C:/prj/FrameReader/component/Actel/Simulation/PULSE_GEN/1.0.1" "+incdir+C:/prj/FrameReader/component/work/PULSE_GEN_C0" "+incdir+C:/prj/FrameReader/component/Actel/Simulation/RESET_GEN/1.0.1" "+incdir+C:/prj/FrameReader/component/work/RESET_GEN_C0" "+incdir+C:/prj/FrameReader/component/work/FrameRD_TB" -sv -work presynth C:/prj/FrameReader/component/Actel/Simulation/CLK_GEN/1.0.1/CLK_GEN.v 
# -- Compiling module CLK_GEN
# 
# Top level modules:
# 	CLK_GEN
# End time: 01:59:33 on Jan 26,2026, Elapsed time: 0:00:00
# Errors: 0, Warnings: 0
# QuestaSim Pro Microchip Edition-64 vlog 2024.3 Compiler 2024.09 Sep 10 2024
# Start time: 01:59:33 on Jan 26,2026
# vlog -reportprogress 300 "+incdir+C:/prj/FrameReader/component/Actel/Simulation/CLK_GEN/1.0.1" "+incdir+C:/prj/FrameReader/component/work/CLK_GEN_C0" "+incdir+C:/prj/FrameReader/component/work/DDR_CLK" "+incdir+C:/prj/FrameReader/component/Actel/Simulation/PULSE_GEN/1.0.1" "+incdir+C:/prj/FrameReader/component/work/PULSE_GEN_C0" "+incdir+C:/prj/FrameReader/component/Actel/Simulation/RESET_GEN/1.0.1" "+incdir+C:/prj/FrameReader/component/work/RESET_GEN_C0" "+incdir+C:/prj/FrameReader/component/work/FrameRD_TB" -sv -work presynth C:/prj/FrameReader/component/work/CLK_GEN_C0/CLK_GEN_C0.v 
# -- Compiling module CLK_GEN_C0
# 
# Top level modules:
# 	CLK_GEN_C0
# End time: 01:59:33 on Jan 26,2026, Elapsed time: 0:00:00
# Errors: 0, Warnings: 0
# QuestaSim Pro Microchip Edition-64 vlog 2024.3 Compiler 2024.09 Sep 10 2024
# Start time: 01:59:33 on Jan 26,2026
# vlog -reportprogress 300 "+incdir+C:/prj/FrameReader/component/Actel/Simulation/CLK_GEN/1.0.1" "+incdir+C:/prj/FrameReader/component/work/CLK_GEN_C0" "+incdir+C:/prj/FrameReader/component/work/DDR_CLK" "+incdir+C:/prj/FrameReader/component/Actel/Simulation/PULSE_GEN/1.0.1" "+incdir+C:/prj/FrameReader/component/work/PULSE_GEN_C0" "+incdir+C:/prj/FrameReader/component/Actel/Simulation/RESET_GEN/1.0.1" "+incdir+C:/prj/FrameReader/component/work/RESET_GEN_C0" "+incdir+C:/prj/FrameReader/component/work/FrameRD_TB" -sv -work presynth C:/prj/FrameReader/component/work/DDR_CLK/DDR_CLK.v 
# -- Compiling module DDR_CLK
# 
# Top level modules:
# 	DDR_CLK
# End time: 01:59:33 on Jan 26,2026, Elapsed time: 0:00:00
# Errors: 0, Warnings: 0
# QuestaSim Pro Microchip Edition-64 vlog 2024.3 Compiler 2024.09 Sep 10 2024
# Start time: 01:59:33 on Jan 26,2026
# vlog -reportprogress 300 "+incdir+C:/prj/FrameReader/component/Actel/Simulation/CLK_GEN/1.0.1" "+incdir+C:/prj/FrameReader/component/work/CLK_GEN_C0" "+incdir+C:/prj/FrameReader/component/work/DDR_CLK" "+incdir+C:/prj/FrameReader/component/Actel/Simulation/PULSE_GEN/1.0.1" "+incdir+C:/prj/FrameReader/component/work/PULSE_GEN_C0" "+incdir+C:/prj/FrameReader/component/Actel/Simulation/RESET_GEN/1.0.1" "+incdir+C:/prj/FrameReader/component/work/RESET_GEN_C0" "+incdir+C:/prj/FrameReader/component/work/FrameRD_TB" -sv -work presynth C:/prj/FrameReader/component/Actel/Simulation/PULSE_GEN/1.0.1/PULSE_GEN.v 
# -- Compiling module PULSE_GEN
# 
# Top level modules:
# 	PULSE_GEN
# End time: 01:59:33 on Jan 26,2026, Elapsed time: 0:00:00
# Errors: 0, Warnings: 0
# QuestaSim Pro Microchip Edition-64 vlog 2024.3 Compiler 2024.09 Sep 10 2024
# Start time: 01:59:33 on Jan 26,2026
# vlog -reportprogress 300 "+incdir+C:/prj/FrameReader/component/Actel/Simulation/CLK_GEN/1.0.1" "+incdir+C:/prj/FrameReader/component/work/CLK_GEN_C0" "+incdir+C:/prj/FrameReader/component/work/DDR_CLK" "+incdir+C:/prj/FrameReader/component/Actel/Simulation/PULSE_GEN/1.0.1" "+incdir+C:/prj/FrameReader/component/work/PULSE_GEN_C0" "+incdir+C:/prj/FrameReader/component/Actel/Simulation/RESET_GEN/1.0.1" "+incdir+C:/prj/FrameReader/component/work/RESET_GEN_C0" "+incdir+C:/prj/FrameReader/component/work/FrameRD_TB" -sv -work presynth C:/prj/FrameReader/component/work/PULSE_GEN_C0/PULSE_GEN_C0.v 
# -- Compiling module PULSE_GEN_C0
# 
# Top level modules:
# 	PULSE_GEN_C0
# End time: 01:59:33 on Jan 26,2026, Elapsed time: 0:00:00
# Errors: 0, Warnings: 0
# QuestaSim Pro Microchip Edition-64 vlog 2024.3 Compiler 2024.09 Sep 10 2024
# Start time: 01:59:34 on Jan 26,2026
# vlog -reportprogress 300 "+incdir+C:/prj/FrameReader/component/Actel/Simulation/CLK_GEN/1.0.1" "+incdir+C:/prj/FrameReader/component/work/CLK_GEN_C0" "+incdir+C:/prj/FrameReader/component/work/DDR_CLK" "+incdir+C:/prj/FrameReader/component/Actel/Simulation/PULSE_GEN/1.0.1" "+incdir+C:/prj/FrameReader/component/work/PULSE_GEN_C0" "+incdir+C:/prj/FrameReader/component/Actel/Simulation/RESET_GEN/1.0.1" "+incdir+C:/prj/FrameReader/component/work/RESET_GEN_C0" "+incdir+C:/prj/FrameReader/component/work/FrameRD_TB" -sv -work presynth C:/prj/FrameReader/component/Actel/Simulation/RESET_GEN/1.0.1/RESET_GEN.v 
# -- Compiling module RESET_GEN
# 
# Top level modules:
# 	RESET_GEN
# End time: 01:59:34 on Jan 26,2026, Elapsed time: 0:00:00
# Errors: 0, Warnings: 0
# QuestaSim Pro Microchip Edition-64 vlog 2024.3 Compiler 2024.09 Sep 10 2024
# Start time: 01:59:34 on Jan 26,2026
# vlog -reportprogress 300 "+incdir+C:/prj/FrameReader/component/Actel/Simulation/CLK_GEN/1.0.1" "+incdir+C:/prj/FrameReader/component/work/CLK_GEN_C0" "+incdir+C:/prj/FrameReader/component/work/DDR_CLK" "+incdir+C:/prj/FrameReader/component/Actel/Simulation/PULSE_GEN/1.0.1" "+incdir+C:/prj/FrameReader/component/work/PULSE_GEN_C0" "+incdir+C:/prj/FrameReader/component/Actel/Simulation/RESET_GEN/1.0.1" "+incdir+C:/prj/FrameReader/component/work/RESET_GEN_C0" "+incdir+C:/prj/FrameReader/component/work/FrameRD_TB" -sv -work presynth C:/prj/FrameReader/component/work/RESET_GEN_C0/RESET_GEN_C0.v 
# -- Compiling module RESET_GEN_C0
# 
# Top level modules:
# 	RESET_GEN_C0
# End time: 01:59:34 on Jan 26,2026, Elapsed time: 0:00:00
# Errors: 0, Warnings: 0
# QuestaSim Pro Microchip Edition-64 vlog 2024.3 Compiler 2024.09 Sep 10 2024
# Start time: 01:59:34 on Jan 26,2026
# vlog -reportprogress 300 "+incdir+C:/prj/FrameReader/component/Actel/Simulation/CLK_GEN/1.0.1" "+incdir+C:/prj/FrameReader/component/work/CLK_GEN_C0" "+incdir+C:/prj/FrameReader/component/work/DDR_CLK" "+incdir+C:/prj/FrameReader/component/Actel/Simulation/PULSE_GEN/1.0.1" "+incdir+C:/prj/FrameReader/component/work/PULSE_GEN_C0" "+incdir+C:/prj/FrameReader/component/Actel/Simulation/RESET_GEN/1.0.1" "+incdir+C:/prj/FrameReader/component/work/RESET_GEN_C0" "+incdir+C:/prj/FrameReader/component/work/FrameRD_TB" -sv -work presynth C:/prj/FrameReader/component/work/FrameRD_TB/FrameRD_TB.v 
# -- Compiling module FrameRD_TB
# 
# Top level modules:
# 	FrameRD_TB
# End time: 01:59:34 on Jan 26,2026, Elapsed time: 0:00:00
# Errors: 0, Warnings: 0
# vsim -voptargs="+acc" -L PolarFire -L presynth -t 1ps -displaymsgmode both presynth.FrameRD_TB 
# Start time: 01:59:34 on Jan 26,2026
# ** Note: (vsim-3813) Design is being optimized due to module recompilation...
# ** Warning: (vopt-10908) Some optimizations are turned off because the +acc switch is in effect.
# ** Note: (vopt-143) Recognized 1 FSM in module "DDR_read_controller(fast)".
# ** Note: (vsim-12126) Error and warning message counts have been restored: Errors=0, Warnings=1.
# Loading sv_std.std
# Loading work.FrameRD_TB(fast)
# Loading work.DDR_CLK(fast)
# Loading work.CLK_GEN(fast)
# Loading work.FrameRD(fast)
# Loading PolarFire.AND2(fast)
# Loading PolarFire.CFG2(fast)
# Loading work.DDR_AXI4_ARBITER_PF_C0(fast)
# Loading work.DDR_AXI4_ARBITER_PF(fast)
# Loading work.AXI4_S_IF(fast)
# Loading work.AXI4_M_M_IF(fast)
# Loading work.DDR_AXI4_ARBITER_PF_Native(fast)
# Loading work.ddr_rw_arbiter(fast)
# Loading work.ddr_rw_arbiter_C0_ddr_rw_arbiter_C0_0_video_axi_fifo(fast)
# Loading work.ddr_rw_arbiter_C0_ddr_rw_arbiter_C0_0_ram_wrapper(fast)
# Loading work.ddr_rw_arbiter_C0_ddr_rw_arbiter_C0_0_LSRAM_top(fast)
# Loading work.ddr_rw_arbiter_C0_ddr_rw_arbiter_C0_0_corefifo_fwft(fast)
# Loading work.ddr_rw_arbiter_C0_ddr_rw_arbiter_C0_0_corefifo_sync_scntr(fast)
# Loading work.ddr_rw_arbiter_C0_ddr_rw_arbiter_C0_0_video_axi_fifo(fast__1)
# Loading work.ddr_rw_arbiter_C0_ddr_rw_arbiter_C0_0_ram_wrapper(fast__1)
# Loading work.ddr_rw_arbiter_C0_ddr_rw_arbiter_C0_0_LSRAM_top(fast__1)
# Loading work.ddr_rw_arbiter_C0_ddr_rw_arbiter_C0_0_corefifo_fwft(fast__1)
# Loading work.ddr_rw_arbiter_C0_ddr_rw_arbiter_C0_0_corefifo_sync_scntr(fast__1)
# Loading work.read_top(fast)
# Loading work.write_top(fast)
# Loading work.DDR_Read(fast)
# Loading work.Arbiter_Initiator_Rd_IF(fast)
# Loading work.DDR_Read_Native(fast)
# Loading work.DDR_read_controller(fast)
# Loading work.DDR_READ_ASYMM_FIFO_DDR_READ_ASYMM_FIFO_0_COREFIFO(fast)
# Loading work.DDR_READ_ASYMM_FIFO_DDR_READ_ASYMM_FIFO_0_ram_wrapper(fast)
# Loading work.DDR_READ_ASYMM_FIFO_DDR_READ_ASYMM_FIFO_0_LSRAM_top(fast)
# Loading PolarFire.RAM1K20(fast)
# Loading PolarFire.RAM1K20_IP(fast)
# Loading PolarFire.RAM_DLY(fast)
# Loading PolarFire.ECC_PIPELINE(fast)
# Loading PolarFire.SLE_Prim(fast)
# Loading PolarFire.ECC_PIPELINE(fast__1)
# Loading PolarFire.SLE_Prim(fast__1)
# Loading PolarFire.ECC_PIPELINE(fast__2)
# Loading PolarFire.CFG1(fast)
# Loading PolarFire.OR2(fast)
# Loading PolarFire.CFG2(fast__1)
# Loading PolarFire.GND(fast)
# Loading PolarFire.VCC(fast)
# Loading work.DDR_READ_ASYMM_FIFO_DDR_READ_ASYMM_FIFO_0_corefifo_async(fast)
# Loading work.DDR_READ_ASYMM_FIFO_DDR_READ_ASYMM_FIFO_0_corefifo_nstagessync(fast)
# Loading work.DDR_READ_ASYMM_FIFO_DDR_READ_ASYMM_FIFO_0_corefifo_nstagessync(fast__1)
# Loading work.DDR_READ_ASYMM_FIFO_DDR_READ_ASYMM_FIFO_0_corefifo_graytobinconv(fast)
# Loading work.DDR_READ_ASYMM_FIFO_DDR_READ_ASYMM_FIFO_0_corefifo_graytobinconv(fast__1)
# Loading PolarFire.DFN1(fast)
# Loading PolarFire.SLE(fast)
# Loading work.Display_Controller_C0(fast)
# Loading work.Display_Controller(fast)
# Loading work.PF_SRAM_AHBL_AXI_C0(fast)
# Loading work.PF_SRAM_AHBL_AXI_C0_COREAXI4SRAM_0_COREAXI4SRAM(fast)
# Loading work.PF_SRAM_AHBL_AXI_C0_COREAXI4SRAM_0_CoreAXI4SRAM_MAINCTRL(fast)
# Loading work.PF_SRAM_AHBL_AXI_C0_COREAXI4SRAM_0_CoreAXI4SRAM_SLVIF(fast)
# Loading work.PF_SRAM_AHBL_AXI_C0_PF_TPSRAM_AHB_AXI_0_PF_TPSRAM(fast)
# Loading PolarFire.OR4(fast)
# Loading PolarFire.CFG4(fast)
# Loading PolarFire.RAM1K20(fast__1)
# Loading PolarFire.RAM1K20_IP(fast__1)
# Loading PolarFire.RAM1K20(fast__2)
# Loading PolarFire.RAM1K20_IP(fast__2)
# Loading PolarFire.RAM1K20(fast__3)
# Loading PolarFire.RAM1K20_IP(fast__3)
# Loading PolarFire.RAM1K20(fast__4)
# Loading PolarFire.RAM1K20_IP(fast__4)
# Loading PolarFire.RAM1K20(fast__5)
# Loading PolarFire.RAM1K20_IP(fast__5)
# Loading PolarFire.RAM1K20(fast__6)
# Loading PolarFire.RAM1K20_IP(fast__6)
# Loading PolarFire.RAM1K20(fast__7)
# Loading PolarFire.RAM1K20_IP(fast__7)
# Loading PolarFire.RAM1K20(fast__8)
# Loading PolarFire.RAM1K20_IP(fast__8)
# Loading work.CLK_GEN_C0(fast)
# Loading work.CLK_GEN(fast__1)
# Loading work.PULSE_GEN_C0(fast)
# Loading work.PULSE_GEN(fast)
# Loading work.RESET_GEN_C0(fast)
# Loading work.RESET_GEN(fast)
# Loading std.standard
# Loading std.textio(body)
# Loading ieee.std_logic_1164(body)
# Loading ieee.numeric_std(body)
# Loading ieee.std_logic_arith(body)
# Loading ieee.std_logic_unsigned(body)
# Loading work.read_demux(read_demux)#1
# Loading work.read_mux(read_mux)#1
# Loading work.request_scheduler(request_scheduler)#1
# Loading work.write_demux(write_demux)#1
# Loading work.write_mux(write_mux)#1
# WARNING at 1041250: Memory starts being read slower than framerate
# WARNING at 1043750: Memory starts being read slower than framerate
# WARNING at 1046250: Memory starts being read slower than framerate
quit -sim
# End time: 02:01:01 on Jan 26,2026, Elapsed time: 0:01:27
# Errors: 0, Warnings: 1
